state,program,network,period,value,medium,domain
TX,"GOOD MORNING, AMERICA",ABC Affiliates,Last 3 months,3530391,tv,
CA,ABC WORLD NEWS TONIGHT,ABC Affiliates,Last 3 months,3360040,tv,
FL,NBC NIGHTLY NEWS,NBC Affiliates,Last 3 months,3225564,tv,
TX,TODAY SHOW,NBC Affiliates,Last 3 months,3152959,tv,
CA,NBC NIGHTLY NEWS,NBC Affiliates,Last 3 months,3095355,tv,
TX,ABC WORLD NEWS TONIGHT,ABC Affiliates,Last 3 months,3016030,tv,
TX,NBC NIGHTLY NEWS,NBC Affiliates,Last 3 months,2999040,tv,
CA,NOTICIERO UNIVISION,Univision Affiliates,Last 3 months,2956744,tv,
FL,"GOOD MORNING, AMERICA",ABC Affiliates,Last 3 months,2830908,tv,
FL,TODAY SHOW,NBC Affiliates,Last 3 months,2802445,tv,
CA,"GOOD MORNING, AMERICA",ABC Affiliates,Last 3 months,2717909,tv,
FL,ABC WORLD NEWS TONIGHT,ABC Affiliates,Last 3 months,2694789,tv,
TX,NOTICIERO UNIVISION,Univision Affiliates,Last 3 months,2675021,tv,
NY,ABC WORLD NEWS TONIGHT,ABC Affiliates,Last 3 months,2670532,tv,
TX,CBS MORNING NEWS- 6:30AM,CBS  Affiliates,Last 3 months,2646834,tv,
PA,"GOOD MORNING, AMERICA",ABC Affiliates,Last 3 months,2527177,tv,
NY,"GOOD MORNING, AMERICA",ABC Affiliates,Last 3 months,2471413,tv,
PA,ABC WORLD NEWS TONIGHT,ABC Affiliates,Last 3 months,2462770,tv,
FL,CBS MORNING NEWS- 6:30AM,CBS  Affiliates,Last 3 months,2408123,tv,
PA,NBC NIGHTLY NEWS,NBC Affiliates,Last 3 months,2295474,tv,
CA,CBS MORNING NEWS- 6:30AM,CBS  Affiliates,Last 3 months,2274074,tv,
NY,TODAY SHOW,NBC Affiliates,Last 3 months,2271546,tv,
NY,NBC NIGHTLY NEWS,NBC Affiliates,Last 3 months,2236048,tv,
CA,60 MINUTES,CBS  Affiliates,Last 3 months,2134401,tv,
CA,TODAY SHOW,NBC Affiliates,Last 3 months,2080364,tv,
CA,CNN NEWSROOM,CNN,Last 3 months,2021322,tv,
IL,"GOOD MORNING, AMERICA",ABC Affiliates,Last 3 months,2011578,tv,
TX,GMA NSNA,ABC Affiliates,Last 3 months,1991598,tv,
CA,NOTICIAS TELEMUNDO,Telemundo Affiliates,Last 3 months,1963751,tv,
NC,NBC NIGHTLY NEWS,NBC Affiliates,Last 3 months,1960343,tv,
NY,CBS MORNING NEWS- 6:30AM,CBS  Affiliates,Last 3 months,1959018,tv,
OH,CBS MORNING NEWS- 6:30AM,CBS  Affiliates,Last 3 months,1905306,tv,
CA,CBS EVENING NEWS,CBS  Affiliates,Last 3 months,1896404,tv,
MI,NBC NIGHTLY NEWS,NBC Affiliates,Last 3 months,1883080,tv,
IL,ABC WORLD NEWS TONIGHT,ABC Affiliates,Last 3 months,1842109,tv,
FL,60 MINUTES,CBS  Affiliates,Last 3 months,1819834,tv,
PA,TODAY SHOW,NBC Affiliates,Last 3 months,1806040,tv,
OH,NBC NIGHTLY NEWS,NBC Affiliates,Last 3 months,1791739,tv,
TX,CBS EVENING NEWS,CBS  Affiliates,Last 3 months,1790991,tv,
TX,TODAY THIRD HOUR,NBC Affiliates,Last 3 months,1758343,tv,
IL,NBC NIGHTLY NEWS,NBC Affiliates,Last 3 months,1751757,tv,
TN,CBS MORNING NEWS- 6:30AM,CBS  Affiliates,Last 3 months,1707298,tv,
TX,NOTICIAS TELEMUNDO,Telemundo Affiliates,Last 3 months,1702763,tv,
VA,NBC NIGHTLY NEWS,NBC Affiliates,Last 3 months,1660599,tv,
OH,TODAY SHOW,NBC Affiliates,Last 3 months,1640532,tv,
FL,"FIVE, THE",FOXNC,Last 3 months,1634166,tv,
FL,NOTICIAS TELEMUNDO,Telemundo Affiliates,Last 3 months,1627178,tv,
NY,60 MINUTES,CBS  Affiliates,Last 3 months,1623075,tv,
PA,CBS MORNING NEWS- 6:30AM,CBS  Affiliates,Last 3 months,1618403,tv,
NC,TODAY SHOW,NBC Affiliates,Last 3 months,1609360,tv,
OH,"GOOD MORNING, AMERICA",ABC Affiliates,Last 3 months,1598469,tv,
VA,TODAY SHOW,NBC Affiliates,Last 3 months,1586535,tv,
NJ,"GOOD MORNING, AMERICA",ABC Affiliates,Last 3 months,1578370,tv,
FL,TODAY THIRD HOUR,NBC Affiliates,Last 3 months,1555115,tv,
FL,SUNDAY MORNING,CBS  Affiliates,Last 3 months,1536444,tv,
OH,ABC WORLD NEWS TONIGHT,ABC Affiliates,Last 3 months,1526877,tv,
TN,NBC NIGHTLY NEWS,NBC Affiliates,Last 3 months,1526392,tv,
NJ,ABC WORLD NEWS TONIGHT,ABC Affiliates,Last 3 months,1442288,tv,
NC,"GOOD MORNING, AMERICA",ABC Affiliates,Last 3 months,1434070,tv,
GA,"GOOD MORNING, AMERICA",ABC Affiliates,Last 3 months,1425134,tv,
MI,TODAY SHOW,NBC Affiliates,Last 3 months,1419570,tv,
IL,TODAY SHOW,NBC Affiliates,Last 3 months,1401188,tv,
NC,ABC WORLD NEWS TONIGHT,ABC Affiliates,Last 3 months,1397483,tv,
TN,TODAY SHOW,NBC Affiliates,Last 3 months,1395381,tv,
NY,SUNDAY MORNING,CBS  Affiliates,Last 3 months,1375166,tv,
MA,ABC WORLD NEWS TONIGHT,ABC Affiliates,Last 3 months,1367715,tv,
GA,ABC WORLD NEWS TONIGHT,ABC Affiliates,Last 3 months,1359139,tv,
VA,CBS MORNING NEWS- 6:30AM,CBS  Affiliates,Last 3 months,1315043,tv,
NC,CBS MORNING NEWS- 6:30AM,CBS  Affiliates,Last 3 months,1284826,tv,
NY,GMA NSNA,ABC Affiliates,Last 3 months,1278787,tv,
IL,CBS MORNING NEWS- 6:30AM,CBS  Affiliates,Last 3 months,1275690,tv,
NY,CBS EVENING NEWS,CBS  Affiliates,Last 3 months,1271775,tv,
MI,ABC WORLD NEWS TONIGHT,ABC Affiliates,Last 3 months,1269437,tv,
OH,CBS EVENING NEWS,CBS  Affiliates,Last 3 months,1247369,tv,
PA,GMA NSNA,ABC Affiliates,Last 3 months,1244680,tv,
TN,"GOOD MORNING, AMERICA",ABC Affiliates,Last 3 months,1241144,tv,
SC,CBS MORNING NEWS- 6:30AM,CBS  Affiliates,Last 3 months,1209504,tv,
MA,"GOOD MORNING, AMERICA",ABC Affiliates,Last 3 months,1199554,tv,
NY,TODAY THIRD HOUR,NBC Affiliates,Last 3 months,1186605,tv,
MI,"GOOD MORNING, AMERICA",ABC Affiliates,Last 3 months,1166997,tv,
WI,ABC WORLD NEWS TONIGHT,ABC Affiliates,Last 3 months,1151486,tv,
IN,NBC NIGHTLY NEWS,NBC Affiliates,Last 3 months,1144827,tv,
GA,CBS MORNING NEWS- 6:30AM,CBS  Affiliates,Last 3 months,1134328,tv,
WI,"GOOD MORNING, AMERICA",ABC Affiliates,Last 3 months,1126216,tv,
MO,CBS MORNING NEWS- 6:30AM,CBS  Affiliates,Last 3 months,1120241,tv,
PA,60 MINUTES,CBS  Affiliates,Last 3 months,1111449,tv,
WI,NBC NIGHTLY NEWS,NBC Affiliates,Last 3 months,1089721,tv,
OK,CBS MORNING NEWS- 6:30AM,CBS  Affiliates,Last 3 months,1084446,tv,
MO,NBC NIGHTLY NEWS,NBC Affiliates,Last 3 months,1083595,tv,
TN,ABC WORLD NEWS TONIGHT,ABC Affiliates,Last 3 months,1071905,tv,
MD,NBC NIGHTLY NEWS,NBC Affiliates,Last 3 months,1057798,tv,
LA,CBS MORNING NEWS- 6:30AM,CBS  Affiliates,Last 3 months,1056204,tv,
OH,60 MINUTES,CBS  Affiliates,Last 3 months,1023189,tv,
PA,TODAY THIRD HOUR,NBC Affiliates,Last 3 months,1021983,tv,
IN,CBS MORNING NEWS- 6:30AM,CBS  Affiliates,Last 3 months,1016791,tv,
PA,"FIVE, THE",FOXNC,Last 3 months,1001273,tv,
IL,60 MINUTES,CBS  Affiliates,Last 3 months,999935,tv,
IN,TODAY SHOW,NBC Affiliates,Last 3 months,992137,tv,
GA,NBC NIGHTLY NEWS,NBC Affiliates,Last 3 months,987248,tv,
IL,GMA NSNA,ABC Affiliates,Last 3 months,976271,tv,
PA,CBS EVENING NEWS,CBS  Affiliates,Last 3 months,966656,tv,
MN,NBC NIGHTLY NEWS,NBC Affiliates,Last 3 months,950854,tv,
IL,TONIGHT SHOW,NBC Affiliates,Last 3 months,946913,tv,
TN,TODAY THIRD HOUR,NBC Affiliates,Last 3 months,939829,tv,
MD,TODAY SHOW,NBC Affiliates,Last 3 months,933190,tv,
TN,CBS EVENING NEWS,CBS  Affiliates,Last 3 months,926099,tv,
NC,TODAY THIRD HOUR,NBC Affiliates,Last 3 months,922787,tv,
KY,NBC NIGHTLY NEWS,NBC Affiliates,Last 3 months,895712,tv,
GA,TODAY SHOW,NBC Affiliates,Last 3 months,894805,tv,
MI,TONIGHT SHOW,NBC Affiliates,Last 3 months,893089,tv,
NJ,CBS MORNING NEWS- 6:30AM,CBS  Affiliates,Last 3 months,892012,tv,
IL,JIMMY KIMMEL LIVE!,ABC Affiliates,Last 3 months,888448,tv,
KY,CBS MORNING NEWS- 6:30AM,CBS  Affiliates,Last 3 months,883439,tv,
NJ,TODAY SHOW,NBC Affiliates,Last 3 months,881317,tv,
TN,TODAY HODA & JENNA,NBC Affiliates,Last 3 months,881153,tv,
MD,CBS MORNING NEWS- 6:30AM,CBS  Affiliates,Last 3 months,879103,tv,
OH,TODAY THIRD HOUR,NBC Affiliates,Last 3 months,862613,tv,
VA,"GOOD MORNING, AMERICA",ABC Affiliates,Last 3 months,856896,tv,
IL,LATE SHOW-STEPHEN COLBERT,CBS  Affiliates,Last 3 months,849078,tv,
MO,TODAY SHOW,NBC Affiliates,Last 3 months,842796,tv,
SC,TODAY SHOW,NBC Affiliates,Last 3 months,839263,tv,
VA,ABC WORLD NEWS TONIGHT,ABC Affiliates,Last 3 months,836020,tv,
MI,CBS MORNING NEWS- 6:30AM,CBS  Affiliates,Last 3 months,835316,tv,
NJ,GMA NSNA,ABC Affiliates,Last 3 months,832489,tv,
TN,SUNDAY MORNING,CBS  Affiliates,Last 3 months,830655,tv,
IA,NBC NIGHTLY NEWS,NBC Affiliates,Last 3 months,827912,tv,
VA,TODAY THIRD HOUR,NBC Affiliates,Last 3 months,827563,tv,
SC,NBC NIGHTLY NEWS,NBC Affiliates,Last 3 months,824525,tv,
MA,NBC NIGHTLY NEWS,NBC Affiliates,Last 3 months,811171,tv,
NC,TODAY HODA & JENNA,NBC Affiliates,Last 3 months,810923,tv,
WA,ABC WORLD NEWS TONIGHT,ABC Affiliates,Last 3 months,809085,tv,
MI,TODAY THIRD HOUR,NBC Affiliates,Last 3 months,799671,tv,
WI,TODAY SHOW,NBC Affiliates,Last 3 months,790473,tv,
OH,GMA NSNA,ABC Affiliates,Last 3 months,787328,tv,
MO,"GOOD MORNING, AMERICA",ABC Affiliates,Last 3 months,786169,tv,
MN,CBS MORNING NEWS- 6:30AM,CBS  Affiliates,Last 3 months,773187,tv,
GA,GMA NSNA,ABC Affiliates,Last 3 months,771198,tv,
KY,TODAY SHOW,NBC Affiliates,Last 3 months,768588,tv,
AL,NBC NIGHTLY NEWS,NBC Affiliates,Last 3 months,766078,tv,
WI,CBS MORNING NEWS- 6:30AM,CBS  Affiliates,Last 3 months,765352,tv,
WA,NBC NIGHTLY NEWS,NBC Affiliates,Last 3 months,764955,tv,
MI,60 MINUTES,CBS  Affiliates,Last 3 months,762545,tv,
OH,TONIGHT SHOW,NBC Affiliates,Last 3 months,759377,tv,
CT,CBS MORNING NEWS- 6:30AM,CBS  Affiliates,Last 3 months,754438,tv,
NC,60 MINUTES,CBS  Affiliates,Last 3 months,748587,tv,
NC,SATURDAY TODAY,NBC Affiliates,Last 3 months,747560,tv,
CO,NBC NIGHTLY NEWS,NBC Affiliates,Last 3 months,740946,tv,
AL,CBS MORNING NEWS- 6:30AM,CBS  Affiliates,Last 3 months,736688,tv,
MA,TODAY SHOW,NBC Affiliates,Last 3 months,732570,tv,
MI,CBS EVENING NEWS,CBS  Affiliates,Last 3 months,729270,tv,
IN,"GOOD MORNING, AMERICA",ABC Affiliates,Last 3 months,728413,tv,
NJ,NBC NIGHTLY NEWS,NBC Affiliates,Last 3 months,726866,tv,
NC,GMA NSNA,ABC Affiliates,Last 3 months,720702,tv,
AL,TODAY SHOW,NBC Affiliates,Last 3 months,715660,tv,
MO,CBS EVENING NEWS,CBS  Affiliates,Last 3 months,715399,tv,
MA,CBS MORNING NEWS- 6:30AM,CBS  Affiliates,Last 3 months,704376,tv,
LA,NBC NIGHTLY NEWS,NBC Affiliates,Last 3 months,703141,tv,
IA,TODAY SHOW,NBC Affiliates,Last 3 months,699609,tv,
GA,CBS EVENING NEWS,CBS  Affiliates,Last 3 months,699560,tv,
OK,TODAY SHOW,NBC Affiliates,Last 3 months,695368,tv,
VA,CBS EVENING NEWS,CBS  Affiliates,Last 3 months,692432,tv,
MN,TODAY SHOW,NBC Affiliates,Last 3 months,688236,tv,
MI,TODAY HODA & JENNA,NBC Affiliates,Last 3 months,687129,tv,
KS,CBS MORNING NEWS- 6:30AM,CBS  Affiliates,Last 3 months,686286,tv,
VA,TODAY HODA & JENNA,NBC Affiliates,Last 3 months,683306,tv,
NE,"GOOD MORNING, AMERICA",ABC Affiliates,Last 3 months,678427,tv,
MN,ABC WORLD NEWS TONIGHT,ABC Affiliates,Last 3 months,678176,tv,
MA,60 MINUTES,CBS  Affiliates,Last 3 months,675097,tv,
TN,GMA NSNA,ABC Affiliates,Last 3 months,671520,tv,
OK,CBS EVENING NEWS,CBS  Affiliates,Last 3 months,663362,tv,
NJ,60 MINUTES,CBS  Affiliates,Last 3 months,659410,tv,
OK,"GOOD MORNING, AMERICA",ABC Affiliates,Last 3 months,656547,tv,
VA,CNN NEWSROOM,CNN,Last 3 months,654652,tv,
SC,CBS EVENING NEWS,CBS  Affiliates,Last 3 months,645793,tv,
NJ,"FIVE, THE",FOXNC,Last 3 months,638988,tv,
KY,"GOOD MORNING, AMERICA",ABC Affiliates,Last 3 months,636453,tv,
VA,60 MINUTES,CBS  Affiliates,Last 3 months,629607,tv,
MS,TODAY SHOW,NBC Affiliates,Last 3 months,627000,tv,
MS,NBC NIGHTLY NEWS,NBC Affiliates,Last 3 months,623307,tv,
LA,TODAY SHOW,NBC Affiliates,Last 3 months,620439,tv,
WV,NBC NIGHTLY NEWS,NBC Affiliates,Last 3 months,617540,tv,
GA,"FIVE, THE",FOXNC,Last 3 months,611555,tv,
MN,CBS EVENING NEWS,CBS  Affiliates,Last 3 months,608165,tv,
WV,TODAY SHOW,NBC Affiliates,Last 3 months,603069,tv,
IN,SUNDAY MORNING,CBS  Affiliates,Last 3 months,597472,tv,
OR,ABC WORLD NEWS TONIGHT,ABC Affiliates,Last 3 months,596740,tv,
MN,SUNDAY MORNING,CBS  Affiliates,Last 3 months,595071,tv,
NJ,CNN NEWSROOM,CNN,Last 3 months,593388,tv,
IN,CBS EVENING NEWS,CBS  Affiliates,Last 3 months,593136,tv,
OK,NBC NIGHTLY NEWS,NBC Affiliates,Last 3 months,592309,tv,
MN,"GOOD MORNING, AMERICA",ABC Affiliates,Last 3 months,591224,tv,
MA,GMA NSNA,ABC Affiliates,Last 3 months,590695,tv,
LA,CBS EVENING NEWS,CBS  Affiliates,Last 3 months,588951,tv,
NJ,SUNDAY MORNING,CBS  Affiliates,Last 3 months,580298,tv,
GA,60 MINUTES,CBS  Affiliates,Last 3 months,580157,tv,
CT,"GOOD MORNING, AMERICA",ABC Affiliates,Last 3 months,579230,tv,
MO,ABC WORLD NEWS TONIGHT,ABC Affiliates,Last 3 months,577187,tv,
GA,HANNITY,FOXNC,Last 3 months,576350,tv,
WI,60 MINUTES,CBS  Affiliates,Last 3 months,574373,tv,
CT,NBC NIGHTLY NEWS,NBC Affiliates,Last 3 months,573491,tv,
IN,ABC WORLD NEWS TONIGHT,ABC Affiliates,Last 3 months,564732,tv,
LA,"GOOD MORNING, AMERICA",ABC Affiliates,Last 3 months,563584,tv,
WA,"GOOD MORNING, AMERICA",ABC Affiliates,Last 3 months,560403,tv,
AZ,ABC WORLD NEWS TONIGHT,ABC Affiliates,Last 3 months,558353,tv,
WI,GMA NSNA,ABC Affiliates,Last 3 months,556052,tv,
AR,"GOOD MORNING, AMERICA",ABC Affiliates,Last 3 months,554710,tv,
IN,60 MINUTES,CBS  Affiliates,Last 3 months,553718,tv,
MA,CNN NEWSROOM,CNN,Last 3 months,551748,tv,
OK,ABC WORLD NEWS TONIGHT,ABC Affiliates,Last 3 months,537467,tv,
WA,CBS EVENING NEWS,CBS  Affiliates,Last 3 months,532043,tv,
MA,CBS EVENING NEWS,CBS  Affiliates,Last 3 months,528607,tv,
CO,SUNDAY MORNING,CBS  Affiliates,Last 3 months,523428,tv,
MO,60 MINUTES,CBS  Affiliates,Last 3 months,517519,tv,
IN,TODAY THIRD HOUR,NBC Affiliates,Last 3 months,515364,tv,
CO,CBS MORNING NEWS- 6:30AM,CBS  Affiliates,Last 3 months,514860,tv,
AZ,CBS MORNING NEWS- 6:30AM,CBS  Affiliates,Last 3 months,514384,tv,
MN,60 MINUTES,CBS  Affiliates,Last 3 months,514152,tv,
WA,CBS MORNING NEWS- 6:30AM,CBS  Affiliates,Last 3 months,514026,tv,
KY,CBS EVENING NEWS,CBS  Affiliates,Last 3 months,508512,tv,
WI,CBS EVENING NEWS,CBS  Affiliates,Last 3 months,507678,tv,
KS,NBC NIGHTLY NEWS,NBC Affiliates,Last 3 months,502721,tv,
MO,SUNDAY MORNING,CBS  Affiliates,Last 3 months,500850,tv,
ME,NBC NIGHTLY NEWS,NBC Affiliates,Last 3 months,500337,tv,
SC,ABC WORLD NEWS TONIGHT,ABC Affiliates,Last 3 months,496030,tv,
KY,ABC WORLD NEWS TONIGHT,ABC Affiliates,Last 3 months,494958,tv,
CT,ABC WORLD NEWS TONIGHT,ABC Affiliates,Last 3 months,492199,tv,
CO,ABC WORLD NEWS TONIGHT,ABC Affiliates,Last 3 months,491946,tv,
AL,ABC WORLD NEWS TONIGHT,ABC Affiliates,Last 3 months,491600,tv,
CO,TODAY SHOW,NBC Affiliates,Last 3 months,491226,tv,
CT,TODAY SHOW,NBC Affiliates,Last 3 months,490685,tv,
AR,CBS MORNING NEWS- 6:30AM,CBS  Affiliates,Last 3 months,489985,tv,
AZ,NBC NIGHTLY NEWS,NBC Affiliates,Last 3 months,488635,tv,
MA,SUNDAY MORNING,CBS  Affiliates,Last 3 months,485694,tv,
MD,60 MINUTES,CBS  Affiliates,Last 3 months,483664,tv,
KS,CBS EVENING NEWS,CBS  Affiliates,Last 3 months,482490,tv,
NH,"GOOD MORNING, AMERICA",ABC Affiliates,Last 3 months,481459,tv,
LA,ABC WORLD NEWS TONIGHT,ABC Affiliates,Last 3 months,478695,tv,
MD,CNN NEWSROOM,CNN,Last 3 months,471257,tv,
WI,SUNDAY MORNING,CBS  Affiliates,Last 3 months,469693,tv,
NV,CBS MORNING NEWS- 6:30AM,CBS  Affiliates,Last 3 months,466382,tv,
AR,ABC WORLD NEWS TONIGHT,ABC Affiliates,Last 3 months,461816,tv,
AL,CBS EVENING NEWS,CBS  Affiliates,Last 3 months,456841,tv,
NM,"GOOD MORNING, AMERICA",ABC Affiliates,Last 3 months,455662,tv,
MD,TONIGHT SHOW,NBC Affiliates,Last 3 months,454742,tv,
KS,TODAY SHOW,NBC Affiliates,Last 3 months,451415,tv,
IN,"FIVE, THE",FOXNC,Last 3 months,450208,tv,
OR,NBC NIGHTLY NEWS,NBC Affiliates,Last 3 months,448219,tv,
SC,"GOOD MORNING, AMERICA",ABC Affiliates,Last 3 months,440842,tv,
AL,TODAY THIRD HOUR,NBC Affiliates,Last 3 months,438103,tv,
MO,"FIVE, THE",FOXNC,Last 3 months,437814,tv,
MS,CBS MORNING NEWS- 6:30AM,CBS  Affiliates,Last 3 months,437799,tv,
MO,TONIGHT SHOW,NBC Affiliates,Last 3 months,436171,tv,
MD,TODAY THIRD HOUR,NBC Affiliates,Last 3 months,434107,tv,
WI,JIMMY KIMMEL LIVE!,ABC Affiliates,Last 3 months,432176,tv,
RI,TODAY SHOW,NBC Affiliates,Last 3 months,429249,tv,
MD,CBS EVENING NEWS,CBS  Affiliates,Last 3 months,429018,tv,
NE,ABC WORLD NEWS TONIGHT,ABC Affiliates,Last 3 months,427276,tv,
AL,"GOOD MORNING, AMERICA",ABC Affiliates,Last 3 months,426738,tv,
WA,TODAY SHOW,NBC Affiliates,Last 3 months,423003,tv,
SC,60 MINUTES,CBS  Affiliates,Last 3 months,421489,tv,
CT,CBS EVENING NEWS,CBS  Affiliates,Last 3 months,420787,tv,
NE,GMA NSNA,ABC Affiliates,Last 3 months,420617,tv,
MD,SUNDAY MORNING,CBS  Affiliates,Last 3 months,419993,tv,
CO,"GOOD MORNING, AMERICA",ABC Affiliates,Last 3 months,419613,tv,
IA,"GOOD MORNING, AMERICA",ABC Affiliates,Last 3 months,417982,tv,
SC,SATURDAY TODAY,NBC Affiliates,Last 3 months,416116,tv,
AR,NBC NIGHTLY NEWS,NBC Affiliates,Last 3 months,415311,tv,
OR,"GOOD MORNING, AMERICA",ABC Affiliates,Last 3 months,414767,tv,
NV,NBC NIGHTLY NEWS,NBC Affiliates,Last 3 months,409986,tv,
CO,60 MINUTES,CBS  Affiliates,Last 3 months,407590,tv,
NM,ABC WORLD NEWS TONIGHT,ABC Affiliates,Last 3 months,406660,tv,
IA,ABC WORLD NEWS TONIGHT,ABC Affiliates,Last 3 months,406553,tv,
KS,60 MINUTES,CBS  Affiliates,Last 3 months,406156,tv,
SC,"FIVE, THE",FOXNC,Last 3 months,405413,tv,
AR,TODAY SHOW,NBC Affiliates,Last 3 months,401638,tv,
MD,"GOOD MORNING, AMERICA",ABC Affiliates,Last 3 months,400199,tv,
AL,"FIVE, THE",FOXNC,Last 3 months,397457,tv,
IA,TODAY THIRD HOUR,NBC Affiliates,Last 3 months,397315,tv,
AZ,60 MINUTES,CBS  Affiliates,Last 3 months,397286,tv,
OK,GMA NSNA,ABC Affiliates,Last 3 months,397050,tv,
IA,CBS MORNING NEWS- 6:30AM,CBS  Affiliates,Last 3 months,396822,tv,
OK,TODAY THIRD HOUR,NBC Affiliates,Last 3 months,392583,tv,
MT,CBS MORNING NEWS- 6:30AM,CBS  Affiliates,Last 3 months,390353,tv,
NV,TODAY SHOW,NBC Affiliates,Last 3 months,387377,tv,
OK,SUNDAY MORNING,CBS  Affiliates,Last 3 months,386414,tv,
AZ,TODAY SHOW,NBC Affiliates,Last 3 months,384909,tv,
KY,GMA NSNA,ABC Affiliates,Last 3 months,379965,tv,
NV,"GOOD MORNING, AMERICA",ABC Affiliates,Last 3 months,379205,tv,
OR,CBS MORNING NEWS- 6:30AM,CBS  Affiliates,Last 3 months,376969,tv,
AZ,"GOOD MORNING, AMERICA",ABC Affiliates,Last 3 months,375963,tv,
RI,NBC NIGHTLY NEWS,NBC Affiliates,Last 3 months,375762,tv,
NH,ABC WORLD NEWS TONIGHT,ABC Affiliates,Last 3 months,374238,tv,
MN,LATE SHOW-STEPHEN COLBERT,CBS  Affiliates,Last 3 months,373244,tv,
NM,TODAY SHOW,NBC Affiliates,Last 3 months,373085,tv,
SC,TODAY THIRD HOUR,NBC Affiliates,Last 3 months,372810,tv,
CT,60 MINUTES,CBS  Affiliates,Last 3 months,372158,tv,
KY,TODAY THIRD HOUR,NBC Affiliates,Last 3 months,371182,tv,
AZ,"FIVE, THE",FOXNC,Last 3 months,369872,tv,
CT,SUNDAY MORNING,CBS  Affiliates,Last 3 months,369389,tv,
AL,JESSE WATTERS PRIMETIME,FOXNC,Last 3 months,369253,tv,
LA,TONIGHT SHOW,NBC Affiliates,Last 3 months,365348,tv,
KY,TONIGHT SHOW,NBC Affiliates,Last 3 months,363218,tv,
MN,TONIGHT SHOW,NBC Affiliates,Last 3 months,357928,tv,
AL,HANNITY,FOXNC,Last 3 months,354979,tv,
NM,CBS MORNING NEWS- 6:30AM,CBS  Affiliates,Last 3 months,354678,tv,
AZ,JESSE WATTERS PRIMETIME,FOXNC,Last 3 months,353431,tv,
WA,60 MINUTES,CBS  Affiliates,Last 3 months,351649,tv,
AZ,CBS EVENING NEWS,CBS  Affiliates,Last 3 months,349200,tv,
IA,TONIGHT SHOW,NBC Affiliates,Last 3 months,349173,tv,
AR,CBS EVENING NEWS,CBS  Affiliates,Last 3 months,348152,tv,
NV,ABC WORLD NEWS TONIGHT,ABC Affiliates,Last 3 months,347708,tv,
OK,TODAY HODA & JENNA,NBC Affiliates,Last 3 months,347666,tv,
WV,CBS MORNING NEWS- 6:30AM,CBS  Affiliates,Last 3 months,347285,tv,
LA,LATE SHOW-STEPHEN COLBERT,CBS  Affiliates,Last 3 months,347238,tv,
AZ,HANNITY,FOXNC,Last 3 months,344716,tv,
LA,GMA NSNA,ABC Affiliates,Last 3 months,344686,tv,
KY,60 MINUTES,CBS  Affiliates,Last 3 months,336914,tv,
KS,"GOOD MORNING, AMERICA",ABC Affiliates,Last 3 months,329892,tv,
CO,CBS EVENING NEWS,CBS  Affiliates,Last 3 months,328744,tv,
UT,NBC NIGHTLY NEWS,NBC Affiliates,Last 3 months,326828,tv,
MS,"GOOD MORNING, AMERICA",ABC Affiliates,Last 3 months,325235,tv,
NV,CNN NEWSROOM,CNN,Last 3 months,323171,tv,
NE,NBC NIGHTLY NEWS,NBC Affiliates,Last 3 months,321600,tv,
LA,TODAY THIRD HOUR,NBC Affiliates,Last 3 months,313036,tv,
KS,SUNDAY MORNING,CBS  Affiliates,Last 3 months,309383,tv,
SD,CBS MORNING NEWS- 6:30AM,CBS  Affiliates,Last 3 months,307864,tv,
OR,CBS EVENING NEWS,CBS  Affiliates,Last 3 months,306497,tv,
UT,CBS MORNING NEWS- 6:30AM,CBS  Affiliates,Last 3 months,305612,tv,
CT,TODAY THIRD HOUR,NBC Affiliates,Last 3 months,303657,tv,
IA,SUNDAY MORNING,CBS  Affiliates,Last 3 months,301361,tv,
WA,GMA NSNA,ABC Affiliates,Last 3 months,301315,tv,
WA,CNN NEWSROOM,CNN,Last 3 months,300548,tv,
WA,LATE SHOW-STEPHEN COLBERT,CBS  Affiliates,Last 3 months,299829,tv,
KS,ABC WORLD NEWS TONIGHT,ABC Affiliates,Last 3 months,298730,tv,
AR,GMA NSNA,ABC Affiliates,Last 3 months,293118,tv,
RI,TODAY THIRD HOUR,NBC Affiliates,Last 3 months,290453,tv,
ME,TODAY SHOW,NBC Affiliates,Last 3 months,289880,tv,
MS,CBS EVENING NEWS,CBS  Affiliates,Last 3 months,287638,tv,
CT,TODAY HODA & JENNA,NBC Affiliates,Last 3 months,285759,tv,
IA,CBS EVENING NEWS,CBS  Affiliates,Last 3 months,285138,tv,
NM,NBC NIGHTLY NEWS,NBC Affiliates,Last 3 months,282447,tv,
MS,TODAY THIRD HOUR,NBC Affiliates,Last 3 months,281539,tv,
HI,CBS MORNING NEWS- 6:30AM,CBS  Affiliates,Last 3 months,276790,tv,
VT,NBC NIGHTLY NEWS,NBC Affiliates,Last 3 months,273162,tv,
MS,ABC WORLD NEWS TONIGHT,ABC Affiliates,Last 3 months,272429,tv,
KS,TODAY THIRD HOUR,NBC Affiliates,Last 3 months,270791,tv,
IA,TODAY HODA & JENNA,NBC Affiliates,Last 3 months,269311,tv,
OR,TODAY SHOW,NBC Affiliates,Last 3 months,268855,tv,
NM,CBS EVENING NEWS,CBS  Affiliates,Last 3 months,268714,tv,
WV,TODAY THIRD HOUR,NBC Affiliates,Last 3 months,268362,tv,
SD,ABC WORLD NEWS TONIGHT,ABC Affiliates,Last 3 months,267523,tv,
NV,CBS EVENING NEWS,CBS  Affiliates,Last 3 months,265053,tv,
AR,"FIVE, THE",FOXNC,Last 3 months,263638,tv,
NE,TODAY SHOW,NBC Affiliates,Last 3 months,260203,tv,
ID,NBC NIGHTLY NEWS,NBC Affiliates,Last 3 months,258102,tv,
NM,GMA NSNA,ABC Affiliates,Last 3 months,257890,tv,
OR,LATE SHOW-STEPHEN COLBERT,CBS  Affiliates,Last 3 months,256320,tv,
CO,TONIGHT SHOW,NBC Affiliates,Last 3 months,256278,tv,
NM,SUNDAY MORNING,CBS  Affiliates,Last 3 months,255193,tv,
CO,CNN NEWSROOM,CNN,Last 3 months,254757,tv,
OR,CNN NEWSROOM,CNN,Last 3 months,249999,tv,
OR,SUNDAY MORNING,CBS  Affiliates,Last 3 months,249079,tv,
AR,EARLY TODAY-B,NBC Affiliates,Last 3 months,248021,tv,
AR,FOX NEWS LIVE,FOXNC,Last 3 months,246783,tv,
OR,60 MINUTES,CBS  Affiliates,Last 3 months,245708,tv,
RI,CBS MORNING NEWS- 6:30AM,CBS  Affiliates,Last 3 months,242185,tv,
MS,NBC NEWS DAILY,NBC Affiliates,Last 3 months,231140,tv,
NV,HANNITY,FOXNC,Last 3 months,226145,tv,
ME,CBS MORNING NEWS- 6:30AM,CBS  Affiliates,Last 3 months,225025,tv,
NH,GMA NSNA,ABC Affiliates,Last 3 months,221276,tv,
ME,ABC WORLD NEWS TONIGHT,ABC Affiliates,Last 3 months,216285,tv,
KS,FACE THE NATION,CBS  Affiliates,Last 3 months,212993,tv,
MS,TONIGHT SHOW,NBC Affiliates,Last 3 months,211455,tv,
WV,TODAY HODA & JENNA,NBC Affiliates,Last 3 months,205643,tv,
VT,CBS MORNING NEWS- 6:30AM,CBS  Affiliates,Last 3 months,204958,tv,
MS,TODAY HODA & JENNA,NBC Affiliates,Last 3 months,203215,tv,
NV,FOX NEWS LIVE,FOXNC,Last 3 months,201690,tv,
RI,TODAY HODA & JENNA,NBC Affiliates,Last 3 months,201037,tv,
NV,TODAY THIRD HOUR,NBC Affiliates,Last 3 months,200741,tv,
NM,TODAY THIRD HOUR,NBC Affiliates,Last 3 months,200722,tv,
DE,NBC NIGHTLY NEWS,NBC Affiliates,Last 3 months,200022,tv,
UT,SUNDAY MORNING,CBS  Affiliates,Last 3 months,198223,tv,
UT,TODAY SHOW,NBC Affiliates,Last 3 months,197865,tv,
ND,NBC NIGHTLY NEWS,NBC Affiliates,Last 3 months,197401,tv,
NE,CBS EVENING NEWS,CBS  Affiliates,Last 3 months,197072,tv,
NE,JIMMY KIMMEL LIVE!,ABC Affiliates,Last 3 months,195561,tv,
SD,CBS EVENING NEWS,CBS  Affiliates,Last 3 months,195078,tv,
RI,CBS EVENING NEWS,CBS  Affiliates,Last 3 months,193818,tv,
MT,CBS EVENING NEWS,CBS  Affiliates,Last 3 months,192986,tv,
ME,CBS EVENING NEWS,CBS  Affiliates,Last 3 months,191958,tv,
WV,SATURDAY TODAY,NBC Affiliates,Last 3 months,191705,tv,
NM,60 MINUTES,CBS  Affiliates,Last 3 months,191546,tv,
MT,SUNDAY MORNING,CBS  Affiliates,Last 3 months,190580,tv,
VT,TODAY SHOW,NBC Affiliates,Last 3 months,184309,tv,
UT,CBS EVENING NEWS,CBS  Affiliates,Last 3 months,180173,tv,
WV,TONIGHT SHOW,NBC Affiliates,Last 3 months,176048,tv,
UT,ABC WORLD NEWS TONIGHT,ABC Affiliates,Last 3 months,172414,tv,
NE,60 MINUTES,CBS  Affiliates,Last 3 months,171936,tv,
NE,SUNDAY MORNING,CBS  Affiliates,Last 3 months,171427,tv,
UT,60 MINUTES,CBS  Affiliates,Last 3 months,170605,tv,
WV,NBC NEWS DAILY,NBC Affiliates,Last 3 months,170458,tv,
NE,CBS MORNING NEWS- 6:30AM,CBS  Affiliates,Last 3 months,170094,tv,
SD,SUNDAY MORNING,CBS  Affiliates,Last 3 months,169786,tv,
UT,HANNITY,FOXNC,Last 3 months,164847,tv,
RI,SATURDAY TODAY,NBC Affiliates,Last 3 months,163006,tv,
DE,"GOOD MORNING, AMERICA",ABC Affiliates,Last 3 months,161392,tv,
RI,SUNDAY TODAY,NBC Affiliates,Last 3 months,160799,tv,
DE,ABC WORLD NEWS TONIGHT,ABC Affiliates,Last 3 months,159284,tv,
UT,JESSE WATTERS PRIMETIME,FOXNC,Last 3 months,154125,tv,
HI,CBS EVENING NEWS,CBS  Affiliates,Last 3 months,153480,tv,
ID,CBS MORNING NEWS- 6:30AM,CBS  Affiliates,Last 3 months,150400,tv,
ME,CNN NEWSROOM,CNN,Last 3 months,148783,tv,
WV,"FIVE, THE",FOXNC,Last 3 months,145432,tv,
SD,"GOOD MORNING, AMERICA",ABC Affiliates,Last 3 months,145124,tv,
UT,"FIVE, THE",FOXNC,Last 3 months,144819,tv,
WV,SUNDAY TODAY,NBC Affiliates,Last 3 months,144297,tv,
ME,60 MINUTES,CBS  Affiliates,Last 3 months,144177,tv,
MT,FACE THE NATION,CBS  Affiliates,Last 3 months,141923,tv,
RI,SUNDAY MORNING,CBS  Affiliates,Last 3 months,139372,tv,
ID,"GOOD MORNING, AMERICA",ABC Affiliates,Last 3 months,139262,tv,
ME,TODAY THIRD HOUR,NBC Affiliates,Last 3 months,138944,tv,
MT,CBS SATURDAY MORNING,CBS  Affiliates,Last 3 months,138264,tv,
DE,CBS MORNING NEWS- 6:30AM,CBS  Affiliates,Last 3 months,134255,tv,
NH,WNT-ABC,ABC Affiliates,Last 3 months,132280,tv,
ME,"GOOD MORNING, AMERICA",ABC Affiliates,Last 3 months,132142,tv,
SD,NBC NIGHTLY NEWS,NBC Affiliates,Last 3 months,131886,tv,
ME,NBC NITELY NEWS-SUN,NBC Affiliates,Last 3 months,127544,tv,
RI,60 MINUTES,CBS  Affiliates,Last 3 months,121396,tv,
MT,NBC NIGHTLY NEWS,NBC Affiliates,Last 3 months,120914,tv,
DE,TODAY SHOW,NBC Affiliates,Last 3 months,120900,tv,
ID,ABC WORLD NEWS TONIGHT,ABC Affiliates,Last 3 months,118660,tv,
MT,TODAY SHOW,NBC Affiliates,Last 3 months,118218,tv,
ID,"FIVE, THE",FOXNC,Last 3 months,115926,tv,
ID,HANNITY,FOXNC,Last 3 months,115340,tv,
ID,JESSE WATTERS PRIMETIME,FOXNC,Last 3 months,114903,tv,
HI,CNN NEWSROOM,CNN,Last 3 months,113018,tv,
ID,GUTFELD!,FOXNC,Last 3 months,111291,tv,
DE,TODAY THIRD HOUR,NBC Affiliates,Last 3 months,106051,tv,
SD,60 MINUTES,CBS  Affiliates,Last 3 months,106014,tv,
ID,"INGRAHAM ANGLE, THE",FOXNC,Last 3 months,104387,tv,
SD,HANNITY,FOXNC,Last 3 months,103087,tv,
SD,"INGRAHAM ANGLE, THE",FOXNC,Last 3 months,102627,tv,
MT,CBS WEEKEND NEWS-SUN,CBS  Affiliates,Last 3 months,102294,tv,
DE,GMA NSNA,ABC Affiliates,Last 3 months,101968,tv,
SD,TODAY SHOW,NBC Affiliates,Last 3 months,101483,tv,
VT,CBS EVENING NEWS,CBS  Affiliates,Last 3 months,101156,tv,
DE,60 MINUTES,CBS  Affiliates,Last 3 months,99103,tv,
MT,GUTFELD!,FOXNC,Last 3 months,98942,tv,
NH,60 MINUTES,CBS  Affiliates,Last 3 months,97517,tv,
MT,SPECIAL RPT W/BRET BAIER,FOXNC,Last 3 months,97258,tv,
NH,NBC NIGHTLY NEWS,NBC Affiliates,Last 3 months,96397,tv,
HI,CBS WEEKEND NEWS-SUN,CBS  Affiliates,Last 3 months,94395,tv,
ID,AMERICA REPORTS,FOXNC,Last 3 months,91920,tv,
VT,60 MINUTES,CBS  Affiliates,Last 3 months,91247,tv,
HI,LAST WORD W/ L. ODONNELL,MSNBC,Last 3 months,86072,tv,
ND,TODAY SHOW,NBC Affiliates,Last 3 months,85518,tv,
HI,LATE SHOW-STEPHEN COLBERT,CBS  Affiliates,Last 3 months,85197,tv,
DE,48 HOURS,CBS  Affiliates,Last 3 months,83933,tv,
NH,GMA3:WHAT U NEED TO KNOW,ABC Affiliates,Last 3 months,83556,tv,
VT,SATURDAY TODAY,NBC Affiliates,Last 3 months,82768,tv,
HI,11TH HOUR W/B. WILLIAMS,MSNBC,Last 3 months,82484,tv,
HI,ANDERSON COOPER 360,CNN,Last 3 months,82407,tv,
HI,LEAD WITH JAKE TAPPER,CNN,Last 3 months,80302,tv,
HI,ALEX WAGNER TONIGHT,MSNBC,Last 3 months,79867,tv,
DE,SUNDAY TODAY,NBC Affiliates,Last 3 months,79430,tv,
VT,TODAY THIRD HOUR,NBC Affiliates,Last 3 months,78000,tv,
AK,NBC NIGHTLY NEWS,NBC Affiliates,Last 3 months,77043,tv,
NH,DATELINE: SECRETS UNCOVRD,OXYG,Last 3 months,76945,tv,
VT,LATE SHOW-STEPHEN COLBERT,CBS  Affiliates,Last 3 months,76236,tv,
ND,TODAY HODA & JENNA,NBC Affiliates,Last 3 months,75600,tv,
NH,GUTFELD!,FOXNC,Last 3 months,74547,tv,
DC,NBC NIGHTLY NEWS,NBC Affiliates,Last 3 months,74325,tv,
VT,SUNDAY MORNING,CBS  Affiliates,Last 3 months,72564,tv,
NH,MORNING JOE,MSNBC,Last 3 months,72294,tv,
AK,TODAY SHOW,NBC Affiliates,Last 3 months,71409,tv,
VT,FACE THE NATION,CBS  Affiliates,Last 3 months,69944,tv,
ND,48 HOURS,CBS  Affiliates,Last 3 months,66210,tv,
ND,60 MINUTES,CBS  Affiliates,Last 3 months,59703,tv,
DC,TODAY SHOW,NBC Affiliates,Last 3 months,58838,tv,
ND,DATELINE FRI,NBC Affiliates,Last 3 months,58518,tv,
ND,TODAY THIRD HOUR,NBC Affiliates,Last 3 months,56102,tv,
ND,20/20-FRI,ABC Affiliates,Last 3 months,52297,tv,
ND,ABC WORLD NEWS TONIGHT,ABC Affiliates,Last 3 months,48250,tv,
DC,CBS MORNING NEWS- 6:30AM,CBS  Affiliates,Last 3 months,47329,tv,
ND,NBC-NITELY-NEWS,NBC Affiliates,Last 3 months,45163,tv,
AK,TODAY THIRD HOUR,NBC Affiliates,Last 3 months,37430,tv,
DC,CNN NEWSROOM,CNN,Last 3 months,36553,tv,
DC,60 MINUTES,CBS  Affiliates,Last 3 months,36163,tv,
DC,TODAY THIRD HOUR,NBC Affiliates,Last 3 months,35854,tv,
WY,CBS MORNING NEWS- 6:30AM,CBS  Affiliates,Last 3 months,35242,tv,
AK,TODAY HODA & JENNA,NBC Affiliates,Last 3 months,34790,tv,
DC,TONIGHT SHOW,NBC Affiliates,Last 3 months,34787,tv,
DC,MORNING JOE,MSNBC,Last 3 months,33031,tv,
DC,SUNDAY TODAY,NBC Affiliates,Last 3 months,32898,tv,
DC,ABC WORLD NEWS TONIGHT,ABC Affiliates,Last 3 months,32761,tv,
WY,FORENSIC FILES,HLN,Last 3 months,31149,tv,
AK,DEADLINE:WHITE HOUSE,MSNBC,Last 3 months,30396,tv,
AK,BEAT W/ARI MELBER,MSNBC,Last 3 months,29795,tv,
AK,RACHEL MADDOW SHOW,MSNBC,Last 3 months,27742,tv,
AK,REIDOUT,MSNBC,Last 3 months,27347,tv,
AK,LAST WORD W/ L. ODONNELL,MSNBC,Last 3 months,25588,tv,
AK,ALL IN W/ CHRIS HAYES,MSNBC,Last 3 months,25521,tv,
WY,AMERICAS NEWSROOM,FOXNC,Last 3 months,21383,tv,
WY,FOX AND FRIENDS,FOXNC,Last 3 months,20299,tv,
WY,"FIVE, THE",FOXNC,Last 3 months,18278,tv,
WY,"FAULKNER FOCUS, THE",FOXNC,Last 3 months,17483,tv,
WY,FOX NEWS LIVE,FOXNC,Last 3 months,17302,tv,
WY,OUTNUMBERED,FOXNC,Last 3 months,15978,tv,
WY,JESSE WATTERS PRIMETIME,FOXNC,Last 3 months,15699,tv,
WY,SPECIAL RPT W/BRET BAIER,FOXNC,Last 3 months,15055,tv,
CA,ABC WORLD NEWS TONIGHT,ABC Affiliates,Last 6 months,2986965,tv,
TX,"GOOD MORNING, AMERICA",ABC Affiliates,Last 6 months,2844246,tv,
TX,ABC WORLD NEWS TONIGHT,ABC Affiliates,Last 6 months,2731751,tv,
TX,TODAY SHOW,NBC Affiliates,Last 6 months,2591038,tv,
CA,NOTICIERO UNIVISION,Univision Affiliates,Last 6 months,2500654,tv,
CA,NBC NIGHTLY NEWS,NBC Affiliates,Last 6 months,2497880,tv,
FL,NBC NIGHTLY NEWS,NBC Affiliates,Last 6 months,2482789,tv,
NY,ABC WORLD NEWS TONIGHT,ABC Affiliates,Last 6 months,2396450,tv,
TX,NBC NIGHTLY NEWS,NBC Affiliates,Last 6 months,2382316,tv,
FL,ABC WORLD NEWS TONIGHT,ABC Affiliates,Last 6 months,2351646,tv,
FL,"GOOD MORNING, AMERICA",ABC Affiliates,Last 6 months,2324120,tv,
CA,"GOOD MORNING, AMERICA",ABC Affiliates,Last 6 months,2319757,tv,
FL,TODAY SHOW,NBC Affiliates,Last 6 months,2301552,tv,
TX,NOTICIERO UNIVISION,Univision Affiliates,Last 6 months,2235253,tv,
TX,CBS MORNING NEWS- 6:30AM,CBS  Affiliates,Last 6 months,2219792,tv,
PA,ABC WORLD NEWS TONIGHT,ABC Affiliates,Last 6 months,2159604,tv,
PA,"GOOD MORNING, AMERICA",ABC Affiliates,Last 6 months,2100700,tv,
NY,"GOOD MORNING, AMERICA",ABC Affiliates,Last 6 months,2091388,tv,
FL,CBS MORNING NEWS- 6:30AM,CBS  Affiliates,Last 6 months,2044669,tv,
CA,CNN NEWSROOM,CNN,Last 6 months,1940459,tv,
NY,TODAY SHOW,NBC Affiliates,Last 6 months,1928898,tv,
CA,60 MINUTES,CBS  Affiliates,Last 6 months,1928065,tv,
CA,CBS MORNING NEWS- 6:30AM,CBS  Affiliates,Last 6 months,1927363,tv,
CA,TODAY SHOW,NBC Affiliates,Last 6 months,1779159,tv,
NY,CBS MORNING NEWS- 6:30AM,CBS  Affiliates,Last 6 months,1764307,tv,
NY,NBC NIGHTLY NEWS,NBC Affiliates,Last 6 months,1736100,tv,
PA,NBC NIGHTLY NEWS,NBC Affiliates,Last 6 months,1707485,tv,
TX,GMA NSNA,ABC Affiliates,Last 6 months,1702507,tv,
FL,60 MINUTES,CBS  Affiliates,Last 6 months,1697185,tv,
IL,"GOOD MORNING, AMERICA",ABC Affiliates,Last 6 months,1659480,tv,
IL,ABC WORLD NEWS TONIGHT,ABC Affiliates,Last 6 months,1630127,tv,
OH,CBS MORNING NEWS- 6:30AM,CBS  Affiliates,Last 6 months,1625441,tv,
TX,60 MINUTES,CBS  Affiliates,Last 6 months,1579690,tv,
CA,NOTICIAS TELEMUNDO,Telemundo Affiliates,Last 6 months,1558164,tv,
NC,NBC NIGHTLY NEWS,NBC Affiliates,Last 6 months,1546532,tv,
CA,CBS EVENING NEWS,CBS  Affiliates,Last 6 months,1510463,tv,
PA,TODAY SHOW,NBC Affiliates,Last 6 months,1498823,tv,
TX,CBS EVENING NEWS,CBS  Affiliates,Last 6 months,1475441,tv,
TN,CBS MORNING NEWS- 6:30AM,CBS  Affiliates,Last 6 months,1468977,tv,
MI,NBC NIGHTLY NEWS,NBC Affiliates,Last 6 months,1466906,tv,
NY,60 MINUTES,CBS  Affiliates,Last 6 months,1446740,tv,
FL,"FIVE, THE",FOXNC,Last 6 months,1416616,tv,
NC,TODAY SHOW,NBC Affiliates,Last 6 months,1413720,tv,
TX,TODAY THIRD HOUR,NBC Affiliates,Last 6 months,1413649,tv,
IL,NBC NIGHTLY NEWS,NBC Affiliates,Last 6 months,1383350,tv,
OH,NBC NIGHTLY NEWS,NBC Affiliates,Last 6 months,1375720,tv,
OH,TODAY SHOW,NBC Affiliates,Last 6 months,1366549,tv,
OH,ABC WORLD NEWS TONIGHT,ABC Affiliates,Last 6 months,1353256,tv,
NJ,"GOOD MORNING, AMERICA",ABC Affiliates,Last 6 months,1346472,tv,
OH,"GOOD MORNING, AMERICA",ABC Affiliates,Last 6 months,1343616,tv,
FL,NOTICIAS TELEMUNDO,Telemundo Affiliates,Last 6 months,1341057,tv,
PA,CBS MORNING NEWS- 6:30AM,CBS  Affiliates,Last 6 months,1336585,tv,
VA,TODAY SHOW,NBC Affiliates,Last 6 months,1320853,tv,
VA,NBC NIGHTLY NEWS,NBC Affiliates,Last 6 months,1296919,tv,
NJ,ABC WORLD NEWS TONIGHT,ABC Affiliates,Last 6 months,1287570,tv,
FL,TODAY THIRD HOUR,NBC Affiliates,Last 6 months,1272152,tv,
FL,GMA NSNA,ABC Affiliates,Last 6 months,1262866,tv,
NC,ABC WORLD NEWS TONIGHT,ABC Affiliates,Last 6 months,1258412,tv,
GA,ABC WORLD NEWS TONIGHT,ABC Affiliates,Last 6 months,1222138,tv,
MI,TODAY SHOW,NBC Affiliates,Last 6 months,1210337,tv,
IL,TODAY SHOW,NBC Affiliates,Last 6 months,1204866,tv,
TN,TODAY SHOW,NBC Affiliates,Last 6 months,1199433,tv,
NC,"GOOD MORNING, AMERICA",ABC Affiliates,Last 6 months,1194009,tv,
MA,ABC WORLD NEWS TONIGHT,ABC Affiliates,Last 6 months,1173308,tv,
TN,NBC NIGHTLY NEWS,NBC Affiliates,Last 6 months,1164109,tv,
GA,"GOOD MORNING, AMERICA",ABC Affiliates,Last 6 months,1151821,tv,
NC,CBS MORNING NEWS- 6:30AM,CBS  Affiliates,Last 6 months,1146889,tv,
SC,CBS MORNING NEWS- 6:30AM,CBS  Affiliates,Last 6 months,1113829,tv,
VA,CBS MORNING NEWS- 6:30AM,CBS  Affiliates,Last 6 months,1105519,tv,
IL,CBS MORNING NEWS- 6:30AM,CBS  Affiliates,Last 6 months,1101532,tv,
MI,ABC WORLD NEWS TONIGHT,ABC Affiliates,Last 6 months,1098453,tv,
NY,GMA NSNA,ABC Affiliates,Last 6 months,1087235,tv,
NY,CBS EVENING NEWS,CBS  Affiliates,Last 6 months,1082999,tv,
PA,GMA NSNA,ABC Affiliates,Last 6 months,1055649,tv,
NY,CNN NEWSROOM,CNN,Last 6 months,1044548,tv,
TN,"GOOD MORNING, AMERICA",ABC Affiliates,Last 6 months,1022983,tv,
PA,60 MINUTES,CBS  Affiliates,Last 6 months,1013818,tv,
MA,"GOOD MORNING, AMERICA",ABC Affiliates,Last 6 months,1012412,tv,
OH,CBS EVENING NEWS,CBS  Affiliates,Last 6 months,1009534,tv,
WI,ABC WORLD NEWS TONIGHT,ABC Affiliates,Last 6 months,998810,tv,
NY,TODAY THIRD HOUR,NBC Affiliates,Last 6 months,994630,tv,
MO,CBS MORNING NEWS- 6:30AM,CBS  Affiliates,Last 6 months,981242,tv,
OH,60 MINUTES,CBS  Affiliates,Last 6 months,969889,tv,
IL,60 MINUTES,CBS  Affiliates,Last 6 months,961735,tv,
GA,CBS MORNING NEWS- 6:30AM,CBS  Affiliates,Last 6 months,960740,tv,
WI,"GOOD MORNING, AMERICA",ABC Affiliates,Last 6 months,960709,tv,
OK,CBS MORNING NEWS- 6:30AM,CBS  Affiliates,Last 6 months,947948,tv,
LA,CBS MORNING NEWS- 6:30AM,CBS  Affiliates,Last 6 months,935179,tv,
MI,"GOOD MORNING, AMERICA",ABC Affiliates,Last 6 months,929442,tv,
TN,ABC WORLD NEWS TONIGHT,ABC Affiliates,Last 6 months,918345,tv,
IN,CBS MORNING NEWS- 6:30AM,CBS  Affiliates,Last 6 months,916345,tv,
IN,NBC NIGHTLY NEWS,NBC Affiliates,Last 6 months,912575,tv,
IN,TODAY SHOW,NBC Affiliates,Last 6 months,886255,tv,
MO,NBC NIGHTLY NEWS,NBC Affiliates,Last 6 months,876746,tv,
PA,"FIVE, THE",FOXNC,Last 6 months,875000,tv,
PA,TODAY THIRD HOUR,NBC Affiliates,Last 6 months,859007,tv,
WI,NBC NIGHTLY NEWS,NBC Affiliates,Last 6 months,845112,tv,
IL,GMA NSNA,ABC Affiliates,Last 6 months,837669,tv,
MD,NBC NIGHTLY NEWS,NBC Affiliates,Last 6 months,830469,tv,
NC,TODAY THIRD HOUR,NBC Affiliates,Last 6 months,797901,tv,
MD,TODAY SHOW,NBC Affiliates,Last 6 months,795202,tv,
NJ,TODAY SHOW,NBC Affiliates,Last 6 months,792832,tv,
KY,CBS MORNING NEWS- 6:30AM,CBS  Affiliates,Last 6 months,779672,tv,
NJ,CBS MORNING NEWS- 6:30AM,CBS  Affiliates,Last 6 months,777293,tv,
PA,CBS EVENING NEWS,CBS  Affiliates,Last 6 months,774852,tv,
TN,TODAY THIRD HOUR,NBC Affiliates,Last 6 months,773269,tv,
MD,CBS MORNING NEWS- 6:30AM,CBS  Affiliates,Last 6 months,768446,tv,
GA,NBC NIGHTLY NEWS,NBC Affiliates,Last 6 months,765686,tv,
TN,CBS EVENING NEWS,CBS  Affiliates,Last 6 months,759792,tv,
MN,NBC NIGHTLY NEWS,NBC Affiliates,Last 6 months,753871,tv,
SC,TODAY SHOW,NBC Affiliates,Last 6 months,750275,tv,
IL,TONIGHT SHOW,NBC Affiliates,Last 6 months,733761,tv,
VA,ABC WORLD NEWS TONIGHT,ABC Affiliates,Last 6 months,722285,tv,
NC,60 MINUTES,CBS  Affiliates,Last 6 months,721392,tv,
MO,TODAY SHOW,NBC Affiliates,Last 6 months,718062,tv,
TN,TODAY HODA & JENNA,NBC Affiliates,Last 6 months,714363,tv,
NJ,GMA NSNA,ABC Affiliates,Last 6 months,711804,tv,
MI,CBS MORNING NEWS- 6:30AM,CBS  Affiliates,Last 6 months,707120,tv,
VA,"GOOD MORNING, AMERICA",ABC Affiliates,Last 6 months,703207,tv,
OH,TODAY THIRD HOUR,NBC Affiliates,Last 6 months,702559,tv,
GA,TODAY SHOW,NBC Affiliates,Last 6 months,701912,tv,
WA,ABC WORLD NEWS TONIGHT,ABC Affiliates,Last 6 months,699915,tv,
NC,TODAY HODA & JENNA,NBC Affiliates,Last 6 months,699833,tv,
OH,GMA NSNA,ABC Affiliates,Last 6 months,689506,tv,
WI,CBS MORNING NEWS- 6:30AM,CBS  Affiliates,Last 6 months,687636,tv,
MI,TONIGHT SHOW,NBC Affiliates,Last 6 months,685728,tv,
WI,TODAY SHOW,NBC Affiliates,Last 6 months,682786,tv,
VA,TODAY THIRD HOUR,NBC Affiliates,Last 6 months,675414,tv,
KY,NBC NIGHTLY NEWS,NBC Affiliates,Last 6 months,668197,tv,
MI,60 MINUTES,CBS  Affiliates,Last 6 months,667752,tv,
MI,TODAY THIRD HOUR,NBC Affiliates,Last 6 months,662856,tv,
MN,CBS MORNING NEWS- 6:30AM,CBS  Affiliates,Last 6 months,662829,tv,
SC,NBC NIGHTLY NEWS,NBC Affiliates,Last 6 months,658810,tv,
MA,60 MINUTES,CBS  Affiliates,Last 6 months,649092,tv,
AL,CBS MORNING NEWS- 6:30AM,CBS  Affiliates,Last 6 months,642914,tv,
OH,HANNITY,FOXNC,Last 6 months,637830,tv,
CT,CBS MORNING NEWS- 6:30AM,CBS  Affiliates,Last 6 months,634198,tv,
IL,TODAY THIRD HOUR,NBC Affiliates,Last 6 months,630160,tv,
NC,GMA NSNA,ABC Affiliates,Last 6 months,629491,tv,
KS,CBS MORNING NEWS- 6:30AM,CBS  Affiliates,Last 6 months,628608,tv,
GA,GMA NSNA,ABC Affiliates,Last 6 months,622964,tv,
MA,CBS MORNING NEWS- 6:30AM,CBS  Affiliates,Last 6 months,621414,tv,
NJ,60 MINUTES,CBS  Affiliates,Last 6 months,620881,tv,
KY,TODAY SHOW,NBC Affiliates,Last 6 months,620606,tv,
AL,TODAY SHOW,NBC Affiliates,Last 6 months,619705,tv,
TN,60 MINUTES,CBS  Affiliates,Last 6 months,617640,tv,
MO,"GOOD MORNING, AMERICA",ABC Affiliates,Last 6 months,616269,tv,
WA,NBC NIGHTLY NEWS,NBC Affiliates,Last 6 months,611967,tv,
MA,NBC NIGHTLY NEWS,NBC Affiliates,Last 6 months,606677,tv,
NC,SATURDAY TODAY,NBC Affiliates,Last 6 months,605157,tv,
MN,ABC WORLD NEWS TONIGHT,ABC Affiliates,Last 6 months,604601,tv,
MA,TODAY SHOW,NBC Affiliates,Last 6 months,604344,tv,
IA,NBC NIGHTLY NEWS,NBC Affiliates,Last 6 months,601095,tv,
CO,NBC NIGHTLY NEWS,NBC Affiliates,Last 6 months,600795,tv,
GA,CBS EVENING NEWS,CBS  Affiliates,Last 6 months,589240,tv,
IN,"GOOD MORNING, AMERICA",ABC Affiliates,Last 6 months,587138,tv,
MI,CBS EVENING NEWS,CBS  Affiliates,Last 6 months,586645,tv,
IL,CNN NEWSROOM,CNN,Last 6 months,584965,tv,
VA,CBS EVENING NEWS,CBS  Affiliates,Last 6 months,582429,tv,
VA,60 MINUTES,CBS  Affiliates,Last 6 months,581235,tv,
AL,NBC NIGHTLY NEWS,NBC Affiliates,Last 6 months,580920,tv,
GA,60 MINUTES,CBS  Affiliates,Last 6 months,580672,tv,
TN,SUNDAY MORNING,CBS  Affiliates,Last 6 months,580217,tv,
OK,TODAY SHOW,NBC Affiliates,Last 6 months,575020,tv,
VA,CNN NEWSROOM,CNN,Last 6 months,571847,tv,
LA,NBC NIGHTLY NEWS,NBC Affiliates,Last 6 months,571259,tv,
IA,TODAY SHOW,NBC Affiliates,Last 6 months,569704,tv,
OR,ABC WORLD NEWS TONIGHT,ABC Affiliates,Last 6 months,568142,tv,
MO,CBS EVENING NEWS,CBS  Affiliates,Last 6 months,562563,tv,
WI,60 MINUTES,CBS  Affiliates,Last 6 months,556472,tv,
MN,TODAY SHOW,NBC Affiliates,Last 6 months,554434,tv,
NJ,NBC NIGHTLY NEWS,NBC Affiliates,Last 6 months,551627,tv,
MI,TODAY HODA & JENNA,NBC Affiliates,Last 6 months,550717,tv,
OK,CBS EVENING NEWS,CBS  Affiliates,Last 6 months,550244,tv,
NJ,"FIVE, THE",FOXNC,Last 6 months,547490,tv,
GA,"FIVE, THE",FOXNC,Last 6 months,546180,tv,
VA,TODAY HODA & JENNA,NBC Affiliates,Last 6 months,543793,tv,
MN,60 MINUTES,CBS  Affiliates,Last 6 months,533395,tv,
NJ,CNN NEWSROOM,CNN,Last 6 months,531545,tv,
IN,ABC WORLD NEWS TONIGHT,ABC Affiliates,Last 6 months,531188,tv,
KY,"GOOD MORNING, AMERICA",ABC Affiliates,Last 6 months,528110,tv,
SC,CBS EVENING NEWS,CBS  Affiliates,Last 6 months,524071,tv,
MO,60 MINUTES,CBS  Affiliates,Last 6 months,521762,tv,
OK,"GOOD MORNING, AMERICA",ABC Affiliates,Last 6 months,518908,tv,
LA,TODAY SHOW,NBC Affiliates,Last 6 months,518787,tv,
NE,"GOOD MORNING, AMERICA",ABC Affiliates,Last 6 months,517249,tv,
WV,TODAY SHOW,NBC Affiliates,Last 6 months,514705,tv,
MD,60 MINUTES,CBS  Affiliates,Last 6 months,512408,tv,
GA,HANNITY,FOXNC,Last 6 months,512244,tv,
IN,60 MINUTES,CBS  Affiliates,Last 6 months,511597,tv,
MS,TODAY SHOW,NBC Affiliates,Last 6 months,508661,tv,
MA,GMA NSNA,ABC Affiliates,Last 6 months,505648,tv,
LA,CBS EVENING NEWS,CBS  Affiliates,Last 6 months,500575,tv,
AZ,ABC WORLD NEWS TONIGHT,ABC Affiliates,Last 6 months,499309,tv,
WI,GMA NSNA,ABC Affiliates,Last 6 months,495362,tv,
MN,"GOOD MORNING, AMERICA",ABC Affiliates,Last 6 months,494869,tv,
MA,CNN NEWSROOM,CNN,Last 6 months,491196,tv,
WV,NBC NIGHTLY NEWS,NBC Affiliates,Last 6 months,488424,tv,
MN,CBS EVENING NEWS,CBS  Affiliates,Last 6 months,484951,tv,
LA,"GOOD MORNING, AMERICA",ABC Affiliates,Last 6 months,484454,tv,
MS,NBC NIGHTLY NEWS,NBC Affiliates,Last 6 months,478021,tv,
IN,CBS EVENING NEWS,CBS  Affiliates,Last 6 months,476850,tv,
CT,"GOOD MORNING, AMERICA",ABC Affiliates,Last 6 months,476559,tv,
AZ,CBS MORNING NEWS- 6:30AM,CBS  Affiliates,Last 6 months,471485,tv,
MO,ABC WORLD NEWS TONIGHT,ABC Affiliates,Last 6 months,468585,tv,
OK,NBC NIGHTLY NEWS,NBC Affiliates,Last 6 months,464392,tv,
NJ,HANNITY,FOXNC,Last 6 months,452994,tv,
MD,CNN NEWSROOM,CNN,Last 6 months,449867,tv,
LA,ABC WORLD NEWS TONIGHT,ABC Affiliates,Last 6 months,446702,tv,
OK,ABC WORLD NEWS TONIGHT,ABC Affiliates,Last 6 months,446475,tv,
IN,TODAY THIRD HOUR,NBC Affiliates,Last 6 months,444741,tv,
WA,"GOOD MORNING, AMERICA",ABC Affiliates,Last 6 months,443366,tv,
AR,"GOOD MORNING, AMERICA",ABC Affiliates,Last 6 months,439436,tv,
CO,CBS MORNING NEWS- 6:30AM,CBS  Affiliates,Last 6 months,439212,tv,
CT,NBC NIGHTLY NEWS,NBC Affiliates,Last 6 months,437707,tv,
CT,ABC WORLD NEWS TONIGHT,ABC Affiliates,Last 6 months,437401,tv,
SC,ABC WORLD NEWS TONIGHT,ABC Affiliates,Last 6 months,433148,tv,
WI,CBS EVENING NEWS,CBS  Affiliates,Last 6 months,431109,tv,
MA,CBS EVENING NEWS,CBS  Affiliates,Last 6 months,431070,tv,
AR,CBS MORNING NEWS- 6:30AM,CBS  Affiliates,Last 6 months,425564,tv,
WA,CBS EVENING NEWS,CBS  Affiliates,Last 6 months,424690,tv,
KY,ABC WORLD NEWS TONIGHT,ABC Affiliates,Last 6 months,422063,tv,
NH,"GOOD MORNING, AMERICA",ABC Affiliates,Last 6 months,417963,tv,
IN,SUNDAY MORNING,CBS  Affiliates,Last 6 months,415847,tv,
CO,60 MINUTES,CBS  Affiliates,Last 6 months,415467,tv,
CO,ABC WORLD NEWS TONIGHT,ABC Affiliates,Last 6 months,414329,tv,
AL,ABC WORLD NEWS TONIGHT,ABC Affiliates,Last 6 months,413961,tv,
WA,CBS MORNING NEWS- 6:30AM,CBS  Affiliates,Last 6 months,410388,tv,
AR,ABC WORLD NEWS TONIGHT,ABC Affiliates,Last 6 months,409688,tv,
CT,TODAY SHOW,NBC Affiliates,Last 6 months,408353,tv,
MN,SUNDAY MORNING,CBS  Affiliates,Last 6 months,408048,tv,
KY,CBS EVENING NEWS,CBS  Affiliates,Last 6 months,406109,tv,
KS,CBS EVENING NEWS,CBS  Affiliates,Last 6 months,404952,tv,
CO,TODAY SHOW,NBC Affiliates,Last 6 months,401090,tv,
SC,60 MINUTES,CBS  Affiliates,Last 6 months,394478,tv,
KS,60 MINUTES,CBS  Affiliates,Last 6 months,391861,tv,
AZ,NBC NIGHTLY NEWS,NBC Affiliates,Last 6 months,385329,tv,
WA,TODAY SHOW,NBC Affiliates,Last 6 months,383471,tv,
IN,"FIVE, THE",FOXNC,Last 6 months,379136,tv,
NV,CBS MORNING NEWS- 6:30AM,CBS  Affiliates,Last 6 months,379095,tv,
RI,TODAY SHOW,NBC Affiliates,Last 6 months,378213,tv,
MA,WNT-ABC,ABC Affiliates,Last 6 months,374858,tv,
CT,60 MINUTES,CBS  Affiliates,Last 6 months,367141,tv,
MO,"FIVE, THE",FOXNC,Last 6 months,366950,tv,
AZ,60 MINUTES,CBS  Affiliates,Last 6 months,366436,tv,
NM,"GOOD MORNING, AMERICA",ABC Affiliates,Last 6 months,365719,tv,
CO,SUNDAY MORNING,CBS  Affiliates,Last 6 months,363136,tv,
MD,TODAY THIRD HOUR,NBC Affiliates,Last 6 months,360839,tv,
AL,TODAY THIRD HOUR,NBC Affiliates,Last 6 months,359763,tv,
KS,NBC NIGHTLY NEWS,NBC Affiliates,Last 6 months,358787,tv,
SC,"FIVE, THE",FOXNC,Last 6 months,358422,tv,
CO,"GOOD MORNING, AMERICA",ABC Affiliates,Last 6 months,356399,tv,
MD,CBS EVENING NEWS,CBS  Affiliates,Last 6 months,355246,tv,
MO,SUNDAY MORNING,CBS  Affiliates,Last 6 months,352382,tv,
MO,TONIGHT SHOW,NBC Affiliates,Last 6 months,351662,tv,
MD,TONIGHT SHOW,NBC Affiliates,Last 6 months,351064,tv,
NV,NBC NIGHTLY NEWS,NBC Affiliates,Last 6 months,350594,tv,
SC,"GOOD MORNING, AMERICA",ABC Affiliates,Last 6 months,348818,tv,
AL,CBS EVENING NEWS,CBS  Affiliates,Last 6 months,348328,tv,
WA,60 MINUTES,CBS  Affiliates,Last 6 months,347657,tv,
AL,"FIVE, THE",FOXNC,Last 6 months,347510,tv,
KS,TODAY SHOW,NBC Affiliates,Last 6 months,346825,tv,
OR,NBC NIGHTLY NEWS,NBC Affiliates,Last 6 months,345837,tv,
OK,60 MINUTES,CBS  Affiliates,Last 6 months,345118,tv,
NH,ABC WORLD NEWS TONIGHT,ABC Affiliates,Last 6 months,344026,tv,
ME,NBC NIGHTLY NEWS,NBC Affiliates,Last 6 months,343672,tv,
NM,ABC WORLD NEWS TONIGHT,ABC Affiliates,Last 6 months,338215,tv,
CT,CBS EVENING NEWS,CBS  Affiliates,Last 6 months,336656,tv,
NE,ABC WORLD NEWS TONIGHT,ABC Affiliates,Last 6 months,334240,tv,
MD,ABC WORLD NEWS TONIGHT,ABC Affiliates,Last 6 months,333176,tv,
AL,"GOOD MORNING, AMERICA",ABC Affiliates,Last 6 months,333170,tv,
MT,CBS MORNING NEWS- 6:30AM,CBS  Affiliates,Last 6 months,332723,tv,
NV,ABC WORLD NEWS TONIGHT,ABC Affiliates,Last 6 months,330747,tv,
SC,"INGRAHAM ANGLE, THE",FOXNC,Last 6 months,330263,tv,
WI,DATELINE: SECRETS UNCOVRD,OXYG,Last 6 months,330098,tv,
IA,ABC WORLD NEWS TONIGHT,ABC Affiliates,Last 6 months,330071,tv,
IA,"GOOD MORNING, AMERICA",ABC Affiliates,Last 6 months,329478,tv,
MD,"GOOD MORNING, AMERICA",ABC Affiliates,Last 6 months,327322,tv,
WI,WNT-ABC,ABC Affiliates,Last 6 months,326776,tv,
IA,CBS MORNING NEWS- 6:30AM,CBS  Affiliates,Last 6 months,324967,tv,
SC,TODAY THIRD HOUR,NBC Affiliates,Last 6 months,324923,tv,
LA,60 MINUTES,CBS  Affiliates,Last 6 months,323845,tv,
AL,HANNITY,FOXNC,Last 6 months,320592,tv,
AL,JESSE WATTERS PRIMETIME,FOXNC,Last 6 months,319453,tv,
NM,TODAY SHOW,NBC Affiliates,Last 6 months,319438,tv,
AR,NBC NIGHTLY NEWS,NBC Affiliates,Last 6 months,315815,tv,
LA,GMA NSNA,ABC Affiliates,Last 6 months,315710,tv,
KY,GMA NSNA,ABC Affiliates,Last 6 months,315178,tv,
OR,CBS MORNING NEWS- 6:30AM,CBS  Affiliates,Last 6 months,314052,tv,
OK,GMA NSNA,ABC Affiliates,Last 6 months,313224,tv,
NE,GMA NSNA,ABC Affiliates,Last 6 months,311144,tv,
AZ,TODAY SHOW,NBC Affiliates,Last 6 months,310257,tv,
NM,CBS MORNING NEWS- 6:30AM,CBS  Affiliates,Last 6 months,309496,tv,
MS,CBS MORNING NEWS- 6:30AM,CBS  Affiliates,Last 6 months,309366,tv,
OK,TODAY THIRD HOUR,NBC Affiliates,Last 6 months,309143,tv,
IA,TODAY THIRD HOUR,NBC Affiliates,Last 6 months,308410,tv,
NV,TODAY SHOW,NBC Affiliates,Last 6 months,307082,tv,
AZ,"FIVE, THE",FOXNC,Last 6 months,305131,tv,
KY,60 MINUTES,CBS  Affiliates,Last 6 months,302673,tv,
AZ,NOTICIERO UNIVISION,Univision Affiliates,Last 6 months,302381,tv,
OR,"GOOD MORNING, AMERICA",ABC Affiliates,Last 6 months,301081,tv,
AZ,CNN NEWSROOM,CNN,Last 6 months,300225,tv,
KY,TODAY THIRD HOUR,NBC Affiliates,Last 6 months,300077,tv,
AR,TODAY SHOW,NBC Affiliates,Last 6 months,299245,tv,
AR,CBS EVENING NEWS,CBS  Affiliates,Last 6 months,298290,tv,
AZ,JESSE WATTERS PRIMETIME,FOXNC,Last 6 months,294770,tv,
WA,CNN NEWSROOM,CNN,Last 6 months,293312,tv,
NV,"GOOD MORNING, AMERICA",ABC Affiliates,Last 6 months,292200,tv,
KS,"GOOD MORNING, AMERICA",ABC Affiliates,Last 6 months,290185,tv,
AZ,HANNITY,FOXNC,Last 6 months,289870,tv,
RI,NBC NIGHTLY NEWS,NBC Affiliates,Last 6 months,287973,tv,
LA,TONIGHT SHOW,NBC Affiliates,Last 6 months,287622,tv,
MN,TONIGHT SHOW,NBC Affiliates,Last 6 months,277604,tv,
OK,NBC NEWS DAILY,NBC Affiliates,Last 6 months,276763,tv,
KS,ABC WORLD NEWS TONIGHT,ABC Affiliates,Last 6 months,275856,tv,
CO,CBS EVENING NEWS,CBS  Affiliates,Last 6 months,275790,tv,
NV,CNN NEWSROOM,CNN,Last 6 months,274829,tv,
KY,TONIGHT SHOW,NBC Affiliates,Last 6 months,267762,tv,
LA,NBC NEWS DAILY,NBC Affiliates,Last 6 months,267191,tv,
WA,"FIVE, THE",FOXNC,Last 6 months,265086,tv,
WV,CBS MORNING NEWS- 6:30AM,CBS  Affiliates,Last 6 months,264342,tv,
MN,TODAY THIRD HOUR,NBC Affiliates,Last 6 months,263158,tv,
UT,NBC NIGHTLY NEWS,NBC Affiliates,Last 6 months,261142,tv,
IA,TONIGHT SHOW,NBC Affiliates,Last 6 months,260637,tv,
WA,HANNITY,FOXNC,Last 6 months,255338,tv,
AR,60 MINUTES,CBS  Affiliates,Last 6 months,254634,tv,
CT,TODAY THIRD HOUR,NBC Affiliates,Last 6 months,253236,tv,
CT,SUNDAY MORNING,CBS  Affiliates,Last 6 months,252494,tv,
UT,CBS MORNING NEWS- 6:30AM,CBS  Affiliates,Last 6 months,251588,tv,
RI,TODAY THIRD HOUR,NBC Affiliates,Last 6 months,251531,tv,
ME,TODAY SHOW,NBC Affiliates,Last 6 months,251245,tv,
MS,"GOOD MORNING, AMERICA",ABC Affiliates,Last 6 months,251067,tv,
HI,CBS MORNING NEWS- 6:30AM,CBS  Affiliates,Last 6 months,248278,tv,
AR,"FIVE, THE",FOXNC,Last 6 months,247721,tv,
CT,GMA NSNA,ABC Affiliates,Last 6 months,241576,tv,
NM,NBC NIGHTLY NEWS,NBC Affiliates,Last 6 months,241181,tv,
AR,GMA NSNA,ABC Affiliates,Last 6 months,241021,tv,
OR,TODAY SHOW,NBC Affiliates,Last 6 months,238857,tv,
MS,CBS EVENING NEWS,CBS  Affiliates,Last 6 months,237483,tv,
NE,NBC NIGHTLY NEWS,NBC Affiliates,Last 6 months,235556,tv,
OR,CBS EVENING NEWS,CBS  Affiliates,Last 6 months,235340,tv,
RI,CBS MORNING NEWS- 6:30AM,CBS  Affiliates,Last 6 months,232726,tv,
WV,TODAY THIRD HOUR,NBC Affiliates,Last 6 months,232432,tv,
IA,CBS EVENING NEWS,CBS  Affiliates,Last 6 months,232425,tv,
MS,TODAY THIRD HOUR,NBC Affiliates,Last 6 months,231045,tv,
NE,TODAY SHOW,NBC Affiliates,Last 6 months,229856,tv,
OR,CNN NEWSROOM,CNN,Last 6 months,228963,tv,
KS,SUNDAY MORNING,CBS  Affiliates,Last 6 months,225821,tv,
SD,CBS MORNING NEWS- 6:30AM,CBS  Affiliates,Last 6 months,220237,tv,
MS,ABC WORLD NEWS TONIGHT,ABC Affiliates,Last 6 months,220042,tv,
NM,GMA NSNA,ABC Affiliates,Last 6 months,218518,tv,
IA,NBC NEWS DAILY,NBC Affiliates,Last 6 months,217158,tv,
OR,60 MINUTES,CBS  Affiliates,Last 6 months,216965,tv,
CO,CNN NEWSROOM,CNN,Last 6 months,215764,tv,
AR,OUTNUMBERED,FOXNC,Last 6 months,215168,tv,
IA,DATELINE: SECRETS UNCOVRD,OXYG,Last 6 months,214935,tv,
NM,CBS EVENING NEWS,CBS  Affiliates,Last 6 months,212746,tv,
CO,TONIGHT SHOW,NBC Affiliates,Last 6 months,211416,tv,
ID,NBC NIGHTLY NEWS,NBC Affiliates,Last 6 months,210723,tv,
OR,GMA NSNA,ABC Affiliates,Last 6 months,205788,tv,
SD,ABC WORLD NEWS TONIGHT,ABC Affiliates,Last 6 months,205590,tv,
VT,NBC NIGHTLY NEWS,NBC Affiliates,Last 6 months,202723,tv,
NV,CBS EVENING NEWS,CBS  Affiliates,Last 6 months,201935,tv,
NV,HANNITY,FOXNC,Last 6 months,197221,tv,
NH,GMA NSNA,ABC Affiliates,Last 6 months,190051,tv,
KS,TODAY THIRD HOUR,NBC Affiliates,Last 6 months,187173,tv,
NV,FOX NEWS LIVE,FOXNC,Last 6 months,186141,tv,
MS,NBC NEWS DAILY,NBC Affiliates,Last 6 months,183565,tv,
WV,TODAY HODA & JENNA,NBC Affiliates,Last 6 months,181924,tv,
VT,CBS MORNING NEWS- 6:30AM,CBS  Affiliates,Last 6 months,181182,tv,
MS,TODAY HODA & JENNA,NBC Affiliates,Last 6 months,180833,tv,
NV,"FIVE, THE",FOXNC,Last 6 months,180391,tv,
ME,CBS MORNING NEWS- 6:30AM,CBS  Affiliates,Last 6 months,179878,tv,
RI,TODAY HODA & JENNA,NBC Affiliates,Last 6 months,177227,tv,
MS,TONIGHT SHOW,NBC Affiliates,Last 6 months,175874,tv,
OR,20/20-FRI,ABC Affiliates,Last 6 months,175199,tv,
NM,TODAY THIRD HOUR,NBC Affiliates,Last 6 months,173552,tv,
ME,ABC WORLD NEWS TONIGHT,ABC Affiliates,Last 6 months,173456,tv,
UT,TODAY SHOW,NBC Affiliates,Last 6 months,171180,tv,
WV,SATURDAY TODAY,NBC Affiliates,Last 6 months,170677,tv,
NM,60 MINUTES,CBS  Affiliates,Last 6 months,170674,tv,
NE,CBS EVENING NEWS,CBS  Affiliates,Last 6 months,169225,tv,
NM,SUNDAY MORNING,CBS  Affiliates,Last 6 months,168315,tv,
KS,CBS SATURDAY MORNING,CBS  Affiliates,Last 6 months,168134,tv,
NE,CBS MORNING NEWS- 6:30AM,CBS  Affiliates,Last 6 months,164381,tv,
NE,60 MINUTES,CBS  Affiliates,Last 6 months,161722,tv,
UT,HANNITY,FOXNC,Last 6 months,160350,tv,
WV,NBC NEWS DAILY,NBC Affiliates,Last 6 months,158521,tv,
RI,CBS EVENING NEWS,CBS  Affiliates,Last 6 months,157245,tv,
UT,60 MINUTES,CBS  Affiliates,Last 6 months,157085,tv,
VT,TODAY SHOW,NBC Affiliates,Last 6 months,156671,tv,
ND,NBC NIGHTLY NEWS,NBC Affiliates,Last 6 months,156114,tv,
MT,CBS EVENING NEWS,CBS  Affiliates,Last 6 months,154569,tv,
DE,ABC WORLD NEWS TONIGHT,ABC Affiliates,Last 6 months,151619,tv,
UT,CBS EVENING NEWS,CBS  Affiliates,Last 6 months,150842,tv,
SD,CBS EVENING NEWS,CBS  Affiliates,Last 6 months,147428,tv,
DE,NBC NIGHTLY NEWS,NBC Affiliates,Last 6 months,145517,tv,
UT,ABC WORLD NEWS TONIGHT,ABC Affiliates,Last 6 months,144352,tv,
ME,NBC NITELY NEWS-SUN,NBC Affiliates,Last 6 months,142496,tv,
UT,JESSE WATTERS PRIMETIME,FOXNC,Last 6 months,141942,tv,
DE,"GOOD MORNING, AMERICA",ABC Affiliates,Last 6 months,141922,tv,
RI,SATURDAY TODAY,NBC Affiliates,Last 6 months,138540,tv,
ME,CBS EVENING NEWS,CBS  Affiliates,Last 6 months,137419,tv,
UT,SUNDAY MORNING,CBS  Affiliates,Last 6 months,135796,tv,
NE,"FIVE, THE",FOXNC,Last 6 months,135330,tv,
NH,WNT-ABC,ABC Affiliates,Last 6 months,133999,tv,
NE,JESSE WATTERS PRIMETIME,FOXNC,Last 6 months,133164,tv,
ME,CNN NEWSROOM,CNN,Last 6 months,132930,tv,
WV,"FIVE, THE",FOXNC,Last 6 months,132930,tv,
MT,SUNDAY MORNING,CBS  Affiliates,Last 6 months,132862,tv,
ID,CBS MORNING NEWS- 6:30AM,CBS  Affiliates,Last 6 months,131424,tv,
HI,CBS EVENING NEWS,CBS  Affiliates,Last 6 months,131181,tv,
WV,TONIGHT SHOW,NBC Affiliates,Last 6 months,130109,tv,
WV,NBC NITELY NEWS-SUN,NBC Affiliates,Last 6 months,127948,tv,
RI,SUNDAY TODAY,NBC Affiliates,Last 6 months,126668,tv,
UT,"FIVE, THE",FOXNC,Last 6 months,125791,tv,
ME,60 MINUTES,CBS  Affiliates,Last 6 months,122756,tv,
RI,60 MINUTES,CBS  Affiliates,Last 6 months,121500,tv,
DE,CBS MORNING NEWS- 6:30AM,CBS  Affiliates,Last 6 months,116977,tv,
MT,CBS SATURDAY MORNING,CBS  Affiliates,Last 6 months,115302,tv,
ME,TODAY THIRD HOUR,NBC Affiliates,Last 6 months,113207,tv,
MT,TODAY SHOW,NBC Affiliates,Last 6 months,110963,tv,
MT,FACE THE NATION,CBS  Affiliates,Last 6 months,109441,tv,
DE,TODAY SHOW,NBC Affiliates,Last 6 months,108452,tv,
SD,SUNDAY MORNING,CBS  Affiliates,Last 6 months,107280,tv,
ME,SATURDAY TODAY,NBC Affiliates,Last 6 months,105841,tv,
HI,CNN NEWSROOM,CNN,Last 6 months,105680,tv,
DE,60 MINUTES,CBS  Affiliates,Last 6 months,104323,tv,
RI,NBC NEWS DAILY,NBC Affiliates,Last 6 months,103584,tv,
SD,"GOOD MORNING, AMERICA",ABC Affiliates,Last 6 months,100690,tv,
ID,"FIVE, THE",FOXNC,Last 6 months,100422,tv,
ID,JESSE WATTERS PRIMETIME,FOXNC,Last 6 months,97593,tv,
MT,60 MINUTES,CBS  Affiliates,Last 6 months,97170,tv,
ID,HANNITY,FOXNC,Last 6 months,97045,tv,
MT,NBC NIGHTLY NEWS,NBC Affiliates,Last 6 months,96636,tv,
ID,"GOOD MORNING, AMERICA",ABC Affiliates,Last 6 months,96207,tv,
SD,HANNITY,FOXNC,Last 6 months,93384,tv,
DE,GMA NSNA,ABC Affiliates,Last 6 months,93167,tv,
DE,TODAY THIRD HOUR,NBC Affiliates,Last 6 months,89960,tv,
SD,NBC NIGHTLY NEWS,NBC Affiliates,Last 6 months,88101,tv,
ID,"INGRAHAM ANGLE, THE",FOXNC,Last 6 months,87633,tv,
SD,60 MINUTES,CBS  Affiliates,Last 6 months,85919,tv,
NH,60 MINUTES,CBS  Affiliates,Last 6 months,85599,tv,
SD,JESSE WATTERS PRIMETIME,FOXNC,Last 6 months,85357,tv,
ID,GUTFELD!,FOXNC,Last 6 months,83977,tv,
ID,AMERICA REPORTS,FOXNC,Last 6 months,83955,tv,
AK,NBC NIGHTLY NEWS,NBC Affiliates,Last 6 months,82154,tv,
HI,CBS WEEKEND NEWS-SUN,CBS  Affiliates,Last 6 months,81440,tv,
MT,CBS WEEKEND NEWS-SUN,CBS  Affiliates,Last 6 months,81371,tv,
ND,TODAY SHOW,NBC Affiliates,Last 6 months,80829,tv,
MT,GUTFELD!,FOXNC,Last 6 months,80113,tv,
SD,"INGRAHAM ANGLE, THE",FOXNC,Last 6 months,79069,tv,
HI,LAST WORD W/ L. ODONNELL,MSNBC,Last 6 months,79050,tv,
VT,CBS EVENING NEWS,CBS  Affiliates,Last 6 months,78656,tv,
NH,NBC NIGHTLY NEWS,NBC Affiliates,Last 6 months,77322,tv,
HI,NBC NIGHTLY NEWS,NBC Affiliates,Last 6 months,76178,tv,
ID,ABC WORLD NEWS TONIGHT,ABC Affiliates,Last 6 months,73854,tv,
VT,60 MINUTES,CBS  Affiliates,Last 6 months,72798,tv,
HI,11TH HOUR W/B. WILLIAMS,MSNBC,Last 6 months,72156,tv,
NH,GMA3:WHAT U NEED TO KNOW,ABC Affiliates,Last 6 months,71000,tv,
HI,ALEX WAGNER TONIGHT,MSNBC,Last 6 months,69732,tv,
VT,SATURDAY TODAY,NBC Affiliates,Last 6 months,69704,tv,
NH,MORNING JOE,MSNBC,Last 6 months,69098,tv,
NH,DATELINE: SECRETS UNCOVRD,OXYG,Last 6 months,68748,tv,
HI,ANDERSON COOPER 360,CNN,Last 6 months,68677,tv,
HI,ABC WORLD NEWS TONIGHT,ABC Affiliates,Last 6 months,68263,tv,
DE,CNN NEWSROOM,CNN,Last 6 months,67773,tv,
ND,TODAY HODA & JENNA,NBC Affiliates,Last 6 months,67706,tv,
DE,48 HOURS,CBS  Affiliates,Last 6 months,67469,tv,
VT,NBC NITELY NEWS-SUN,NBC Affiliates,Last 6 months,66311,tv,
NH,CNN NEWSROOM,CNN,Last 6 months,65352,tv,
AK,TODAY SHOW,NBC Affiliates,Last 6 months,64235,tv,
VT,TODAY THIRD HOUR,NBC Affiliates,Last 6 months,62453,tv,
VT,CNN NEWSROOM,CNN,Last 6 months,61941,tv,
DC,NBC NIGHTLY NEWS,NBC Affiliates,Last 6 months,60629,tv,
VT,FACE THE NATION,CBS  Affiliates,Last 6 months,56295,tv,
DC,CBS MORNING NEWS- 6:30AM,CBS  Affiliates,Last 6 months,52304,tv,
ND,TODAY THIRD HOUR,NBC Affiliates,Last 6 months,51400,tv,
ND,ABC WORLD NEWS TONIGHT,ABC Affiliates,Last 6 months,48165,tv,
ND,DATELINE FRI,NBC Affiliates,Last 6 months,45377,tv,
ND,60 MINUTES,CBS  Affiliates,Last 6 months,44843,tv,
DC,TODAY SHOW,NBC Affiliates,Last 6 months,44216,tv,
ND,48 HOURS,CBS  Affiliates,Last 6 months,40822,tv,
DC,60 MINUTES,CBS  Affiliates,Last 6 months,40270,tv,
ND,NBC-NITELY-NEWS,NBC Affiliates,Last 6 months,40174,tv,
ND,20/20-FRI,ABC Affiliates,Last 6 months,39503,tv,
WY,FORENSIC FILES,HLN,Last 6 months,35056,tv,
AK,TODAY THIRD HOUR,NBC Affiliates,Last 6 months,34683,tv,
DC,CNN NEWSROOM,CNN,Last 6 months,31726,tv,
AK,CBS MORNING NEWS- 6:30AM,CBS  Affiliates,Last 6 months,30726,tv,
DC,ABC WORLD NEWS TONIGHT,ABC Affiliates,Last 6 months,29371,tv,
DC,TODAY THIRD HOUR,NBC Affiliates,Last 6 months,28937,tv,
DC,MORNING JOE,MSNBC,Last 6 months,28234,tv,
AK,TODAY HODA & JENNA,NBC Affiliates,Last 6 months,27445,tv,
DC,TONIGHT SHOW,NBC Affiliates,Last 6 months,26431,tv,
AK,DEADLINE:WHITE HOUSE,MSNBC,Last 6 months,25763,tv,
DC,SUNDAY TODAY,NBC Affiliates,Last 6 months,25089,tv,
AK,BEAT W/ARI MELBER,MSNBC,Last 6 months,23726,tv,
WY,CBS EVENING NEWS,CBS  Affiliates,Last 6 months,23506,tv,
AK,LAST WORD W/ L. ODONNELL,MSNBC,Last 6 months,22883,tv,
AK,REIDOUT,MSNBC,Last 6 months,22502,tv,
AK,CBS WEEKEND NEWS-SUN,CBS  Affiliates,Last 6 months,18605,tv,
WY,AMERICAS NEWSROOM,FOXNC,Last 6 months,18147,tv,
WY,CBS MORNING NEWS- 6:30AM,CBS  Affiliates,Last 6 months,17621,tv,
WY,60 MINUTES,CBS  Affiliates,Last 6 months,17398,tv,
WY,FOX AND FRIENDS,FOXNC,Last 6 months,16876,tv,
WY,LEAD WITH JAKE TAPPER,CNN,Last 6 months,16861,tv,
WY,SITUATION ROOM,CNN,Last 6 months,16819,tv,
WY,DATELINE: SECRETS UNCOVRD,OXYG,Last 6 months,15391,tv,
WY,"FIVE, THE",FOXNC,Last 6 months,14252,tv,
CA,ABC WORLD NEWS TONIGHT,ABC Affiliates,Last 12 months,2729164,tv,
TX,"GOOD MORNING, AMERICA",ABC Affiliates,Last 12 months,2539779,tv,
TX,ABC WORLD NEWS TONIGHT,ABC Affiliates,Last 12 months,2487619,tv,
CA,NBC NIGHTLY NEWS,NBC Affiliates,Last 12 months,2483432,tv,
FL,NBC NIGHTLY NEWS,NBC Affiliates,Last 12 months,2471725,tv,
CA,NOTICIERO UNIVISION,Univision Affiliates,Last 12 months,2457768,tv,
TX,TODAY SHOW,NBC Affiliates,Last 12 months,2230733,tv,
TX,NBC NIGHTLY NEWS,NBC Affiliates,Last 12 months,2225657,tv,
NY,ABC WORLD NEWS TONIGHT,ABC Affiliates,Last 12 months,2217419,tv,
FL,"GOOD MORNING, AMERICA",ABC Affiliates,Last 12 months,2159814,tv,
CA,"GOOD MORNING, AMERICA",ABC Affiliates,Last 12 months,2142497,tv,
FL,ABC WORLD NEWS TONIGHT,ABC Affiliates,Last 12 months,2128622,tv,
FL,TODAY SHOW,NBC Affiliates,Last 12 months,2119160,tv,
NY,"GOOD MORNING, AMERICA",ABC Affiliates,Last 12 months,2018758,tv,
TX,NOTICIERO UNIVISION,Univision Affiliates,Last 12 months,1982491,tv,
PA,"GOOD MORNING, AMERICA",ABC Affiliates,Last 12 months,1958759,tv,
TX,CBS MORNING NEWS- 6:30AM,CBS  Affiliates,Last 12 months,1956675,tv,
PA,ABC WORLD NEWS TONIGHT,ABC Affiliates,Last 12 months,1936935,tv,
CA,60 MINUTES,CBS  Affiliates,Last 12 months,1837401,tv,
FL,CBS MORNING NEWS- 6:30AM,CBS  Affiliates,Last 12 months,1794793,tv,
CA,CNN NEWSROOM,CNN,Last 12 months,1787863,tv,
NY,TODAY SHOW,NBC Affiliates,Last 12 months,1751920,tv,
CA,CBS MORNING NEWS- 6:30AM,CBS  Affiliates,Last 12 months,1751018,tv,
CA,TODAY SHOW,NBC Affiliates,Last 12 months,1676706,tv,
NY,NBC NIGHTLY NEWS,NBC Affiliates,Last 12 months,1623714,tv,
IL,"GOOD MORNING, AMERICA",ABC Affiliates,Last 12 months,1610990,tv,
PA,NBC NIGHTLY NEWS,NBC Affiliates,Last 12 months,1604116,tv,
NY,CBS MORNING NEWS- 6:30AM,CBS  Affiliates,Last 12 months,1520975,tv,
NC,NBC NIGHTLY NEWS,NBC Affiliates,Last 12 months,1500578,tv,
IL,ABC WORLD NEWS TONIGHT,ABC Affiliates,Last 12 months,1482574,tv,
FL,60 MINUTES,CBS  Affiliates,Last 12 months,1481806,tv,
CA,PRIMER IMPACTO,Univision Affiliates,Last 12 months,1464015,tv,
MI,NBC NIGHTLY NEWS,NBC Affiliates,Last 12 months,1409836,tv,
OH,CBS MORNING NEWS- 6:30AM,CBS  Affiliates,Last 12 months,1408359,tv,
TX,GMA NSNA,ABC Affiliates,Last 12 months,1406934,tv,
CA,NOTICIAS TELEMUNDO,Telemundo Affiliates,Last 12 months,1379891,tv,
OH,NBC NIGHTLY NEWS,NBC Affiliates,Last 12 months,1373217,tv,
PA,TODAY SHOW,NBC Affiliates,Last 12 months,1332634,tv,
IL,NBC NIGHTLY NEWS,NBC Affiliates,Last 12 months,1318997,tv,
TX,60 MINUTES,CBS  Affiliates,Last 12 months,1312716,tv,
NC,TODAY SHOW,NBC Affiliates,Last 12 months,1294049,tv,
NJ,"GOOD MORNING, AMERICA",ABC Affiliates,Last 12 months,1292614,tv,
OH,"GOOD MORNING, AMERICA",ABC Affiliates,Last 12 months,1287038,tv,
OH,TODAY SHOW,NBC Affiliates,Last 12 months,1277483,tv,
TX,CBS EVENING NEWS,CBS  Affiliates,Last 12 months,1274286,tv,
TN,CBS MORNING NEWS- 6:30AM,CBS  Affiliates,Last 12 months,1251802,tv,
VA,NBC NIGHTLY NEWS,NBC Affiliates,Last 12 months,1251598,tv,
FL,"FIVE, THE",FOXNC,Last 12 months,1246610,tv,
NJ,ABC WORLD NEWS TONIGHT,ABC Affiliates,Last 12 months,1219158,tv,
VA,TODAY SHOW,NBC Affiliates,Last 12 months,1211972,tv,
FL,NOTICIAS TELEMUNDO,Telemundo Affiliates,Last 12 months,1209220,tv,
OH,ABC WORLD NEWS TONIGHT,ABC Affiliates,Last 12 months,1205360,tv,
NY,60 MINUTES,CBS  Affiliates,Last 12 months,1203858,tv,
TX,TODAY THIRD HOUR,NBC Affiliates,Last 12 months,1165429,tv,
PA,CBS MORNING NEWS- 6:30AM,CBS  Affiliates,Last 12 months,1162861,tv,
MI,TODAY SHOW,NBC Affiliates,Last 12 months,1139283,tv,
NC,ABC WORLD NEWS TONIGHT,ABC Affiliates,Last 12 months,1124557,tv,
GA,ABC WORLD NEWS TONIGHT,ABC Affiliates,Last 12 months,1118606,tv,
FL,TODAY THIRD HOUR,NBC Affiliates,Last 12 months,1113420,tv,
IL,TODAY SHOW,NBC Affiliates,Last 12 months,1110631,tv,
GA,"GOOD MORNING, AMERICA",ABC Affiliates,Last 12 months,1108739,tv,
FL,SPECIAL RPT W/BRET BAIER,FOXNC,Last 12 months,1105481,tv,
NC,"GOOD MORNING, AMERICA",ABC Affiliates,Last 12 months,1103123,tv,
TN,TODAY SHOW,NBC Affiliates,Last 12 months,1092909,tv,
MA,ABC WORLD NEWS TONIGHT,ABC Affiliates,Last 12 months,1091159,tv,
TN,NBC NIGHTLY NEWS,NBC Affiliates,Last 12 months,1088035,tv,
MI,ABC WORLD NEWS TONIGHT,ABC Affiliates,Last 12 months,1028925,tv,
VA,CBS MORNING NEWS- 6:30AM,CBS  Affiliates,Last 12 months,1025265,tv,
NC,CBS MORNING NEWS- 6:30AM,CBS  Affiliates,Last 12 months,991214,tv,
NY,CBS EVENING NEWS,CBS  Affiliates,Last 12 months,980691,tv,
IL,CBS MORNING NEWS- 6:30AM,CBS  Affiliates,Last 12 months,979878,tv,
MA,"GOOD MORNING, AMERICA",ABC Affiliates,Last 12 months,978888,tv,
SC,CBS MORNING NEWS- 6:30AM,CBS  Affiliates,Last 12 months,960591,tv,
NY,GMA NSNA,ABC Affiliates,Last 12 months,939868,tv,
NY,CNN NEWSROOM,CNN,Last 12 months,928645,tv,
MO,CBS MORNING NEWS- 6:30AM,CBS  Affiliates,Last 12 months,926209,tv,
TN,"GOOD MORNING, AMERICA",ABC Affiliates,Last 12 months,912068,tv,
WI,ABC WORLD NEWS TONIGHT,ABC Affiliates,Last 12 months,896184,tv,
OH,CBS EVENING NEWS,CBS  Affiliates,Last 12 months,892863,tv,
MI,"GOOD MORNING, AMERICA",ABC Affiliates,Last 12 months,892581,tv,
IN,NBC NIGHTLY NEWS,NBC Affiliates,Last 12 months,891141,tv,
PA,GMA NSNA,ABC Affiliates,Last 12 months,882102,tv,
NY,TODAY THIRD HOUR,NBC Affiliates,Last 12 months,875546,tv,
OK,CBS MORNING NEWS- 6:30AM,CBS  Affiliates,Last 12 months,854763,tv,
PA,60 MINUTES,CBS  Affiliates,Last 12 months,852420,tv,
WI,"GOOD MORNING, AMERICA",ABC Affiliates,Last 12 months,852285,tv,
GA,CBS MORNING NEWS- 6:30AM,CBS  Affiliates,Last 12 months,848820,tv,
IL,60 MINUTES,CBS  Affiliates,Last 12 months,842322,tv,
MO,NBC NIGHTLY NEWS,NBC Affiliates,Last 12 months,841447,tv,
OH,60 MINUTES,CBS  Affiliates,Last 12 months,838972,tv,
TN,ABC WORLD NEWS TONIGHT,ABC Affiliates,Last 12 months,809330,tv,
LA,CBS MORNING NEWS- 6:30AM,CBS  Affiliates,Last 12 months,807230,tv,
MD,NBC NIGHTLY NEWS,NBC Affiliates,Last 12 months,803438,tv,
IN,TODAY SHOW,NBC Affiliates,Last 12 months,799814,tv,
WI,NBC NIGHTLY NEWS,NBC Affiliates,Last 12 months,774366,tv,
IN,CBS MORNING NEWS- 6:30AM,CBS  Affiliates,Last 12 months,771171,tv,
PA,"FIVE, THE",FOXNC,Last 12 months,767517,tv,
IL,GMA NSNA,ABC Affiliates,Last 12 months,742206,tv,
MN,NBC NIGHTLY NEWS,NBC Affiliates,Last 12 months,726986,tv,
GA,NBC NIGHTLY NEWS,NBC Affiliates,Last 12 months,726581,tv,
SC,TODAY SHOW,NBC Affiliates,Last 12 months,722824,tv,
PA,TODAY THIRD HOUR,NBC Affiliates,Last 12 months,718413,tv,
NJ,CBS MORNING NEWS- 6:30AM,CBS  Affiliates,Last 12 months,717438,tv,
MD,TODAY SHOW,NBC Affiliates,Last 12 months,710694,tv,
KY,CBS MORNING NEWS- 6:30AM,CBS  Affiliates,Last 12 months,710549,tv,
NC,TODAY THIRD HOUR,NBC Affiliates,Last 12 months,697969,tv,
PA,CBS EVENING NEWS,CBS  Affiliates,Last 12 months,696248,tv,
NJ,TODAY SHOW,NBC Affiliates,Last 12 months,695331,tv,
MD,CBS MORNING NEWS- 6:30AM,CBS  Affiliates,Last 12 months,694872,tv,
VA,"GOOD MORNING, AMERICA",ABC Affiliates,Last 12 months,683343,tv,
TN,CBS EVENING NEWS,CBS  Affiliates,Last 12 months,680969,tv,
IL,TONIGHT SHOW,NBC Affiliates,Last 12 months,680350,tv,
TN,TODAY THIRD HOUR,NBC Affiliates,Last 12 months,677036,tv,
VA,ABC WORLD NEWS TONIGHT,ABC Affiliates,Last 12 months,674572,tv,
MO,TODAY SHOW,NBC Affiliates,Last 12 months,670583,tv,
WA,ABC WORLD NEWS TONIGHT,ABC Affiliates,Last 12 months,653397,tv,
OH,TODAY THIRD HOUR,NBC Affiliates,Last 12 months,653251,tv,
KY,NBC NIGHTLY NEWS,NBC Affiliates,Last 12 months,645431,tv,
MI,CBS MORNING NEWS- 6:30AM,CBS  Affiliates,Last 12 months,633923,tv,
NC,60 MINUTES,CBS  Affiliates,Last 12 months,628318,tv,
WI,CBS MORNING NEWS- 6:30AM,CBS  Affiliates,Last 12 months,627185,tv,
WA,NBC NIGHTLY NEWS,NBC Affiliates,Last 12 months,627035,tv,
MI,TONIGHT SHOW,NBC Affiliates,Last 12 months,626135,tv,
IA,NBC NIGHTLY NEWS,NBC Affiliates,Last 12 months,624221,tv,
MI,60 MINUTES,CBS  Affiliates,Last 12 months,622294,tv,
SC,NBC NIGHTLY NEWS,NBC Affiliates,Last 12 months,619280,tv,
TN,TODAY HODA & JENNA,NBC Affiliates,Last 12 months,619146,tv,
NJ,GMA NSNA,ABC Affiliates,Last 12 months,612384,tv,
VA,TODAY THIRD HOUR,NBC Affiliates,Last 12 months,609406,tv,
NC,TODAY HODA & JENNA,NBC Affiliates,Last 12 months,603267,tv,
MA,60 MINUTES,CBS  Affiliates,Last 12 months,600889,tv,
MI,TODAY THIRD HOUR,NBC Affiliates,Last 12 months,600373,tv,
MN,CBS MORNING NEWS- 6:30AM,CBS  Affiliates,Last 12 months,599218,tv,
OH,GMA NSNA,ABC Affiliates,Last 12 months,598239,tv,
OH,HANNITY,FOXNC,Last 12 months,593955,tv,
WI,TODAY SHOW,NBC Affiliates,Last 12 months,592937,tv,
GA,TODAY SHOW,NBC Affiliates,Last 12 months,589633,tv,
AL,CBS MORNING NEWS- 6:30AM,CBS  Affiliates,Last 12 months,586267,tv,
AL,NBC NIGHTLY NEWS,NBC Affiliates,Last 12 months,585179,tv,
MN,ABC WORLD NEWS TONIGHT,ABC Affiliates,Last 12 months,581301,tv,
MA,NBC NIGHTLY NEWS,NBC Affiliates,Last 12 months,576760,tv,
MI,CBS EVENING NEWS,CBS  Affiliates,Last 12 months,576440,tv,
MO,"GOOD MORNING, AMERICA",ABC Affiliates,Last 12 months,575713,tv,
CO,NBC NIGHTLY NEWS,NBC Affiliates,Last 12 months,572648,tv,
MA,CBS MORNING NEWS- 6:30AM,CBS  Affiliates,Last 12 months,569560,tv,
KY,TODAY SHOW,NBC Affiliates,Last 12 months,568583,tv,
CT,CBS MORNING NEWS- 6:30AM,CBS  Affiliates,Last 12 months,567360,tv,
NJ,60 MINUTES,CBS  Affiliates,Last 12 months,566037,tv,
MA,TODAY SHOW,NBC Affiliates,Last 12 months,559934,tv,
IL,TODAY THIRD HOUR,NBC Affiliates,Last 12 months,549574,tv,
AL,TODAY SHOW,NBC Affiliates,Last 12 months,549444,tv,
IL,CNN NEWSROOM,CNN,Last 12 months,547448,tv,
IA,TODAY SHOW,NBC Affiliates,Last 12 months,547162,tv,
GA,CBS EVENING NEWS,CBS  Affiliates,Last 12 months,541974,tv,
LA,NBC NIGHTLY NEWS,NBC Affiliates,Last 12 months,541951,tv,
GA,GMA NSNA,ABC Affiliates,Last 12 months,538402,tv,
NJ,NBC NIGHTLY NEWS,NBC Affiliates,Last 12 months,535135,tv,
NC,CBS EVENING NEWS,CBS  Affiliates,Last 12 months,529600,tv,
VA,CNN NEWSROOM,CNN,Last 12 months,529548,tv,
TN,60 MINUTES,CBS  Affiliates,Last 12 months,523067,tv,
MO,CBS EVENING NEWS,CBS  Affiliates,Last 12 months,522854,tv,
OK,CBS EVENING NEWS,CBS  Affiliates,Last 12 months,521421,tv,
NC,GMA NSNA,ABC Affiliates,Last 12 months,520724,tv,
KS,CBS MORNING NEWS- 6:30AM,CBS  Affiliates,Last 12 months,520010,tv,
MN,TODAY SHOW,NBC Affiliates,Last 12 months,517408,tv,
OK,TODAY SHOW,NBC Affiliates,Last 12 months,510626,tv,
MN,"GOOD MORNING, AMERICA",ABC Affiliates,Last 12 months,509518,tv,
VA,CBS EVENING NEWS,CBS  Affiliates,Last 12 months,509234,tv,
VA,60 MINUTES,CBS  Affiliates,Last 12 months,506094,tv,
OR,ABC WORLD NEWS TONIGHT,ABC Affiliates,Last 12 months,503314,tv,
NJ,"FIVE, THE",FOXNC,Last 12 months,503158,tv,
IN,"GOOD MORNING, AMERICA",ABC Affiliates,Last 12 months,491769,tv,
VA,TODAY HODA & JENNA,NBC Affiliates,Last 12 months,489347,tv,
NJ,CNN NEWSROOM,CNN,Last 12 months,488426,tv,
OK,"GOOD MORNING, AMERICA",ABC Affiliates,Last 12 months,487653,tv,
MI,TODAY HODA & JENNA,NBC Affiliates,Last 12 months,487592,tv,
MN,60 MINUTES,CBS  Affiliates,Last 12 months,482114,tv,
GA,"FIVE, THE",FOXNC,Last 12 months,478146,tv,
MS,TODAY SHOW,NBC Affiliates,Last 12 months,477284,tv,
KY,"GOOD MORNING, AMERICA",ABC Affiliates,Last 12 months,476678,tv,
GA,60 MINUTES,CBS  Affiliates,Last 12 months,476353,tv,
WI,60 MINUTES,CBS  Affiliates,Last 12 months,471966,tv,
AZ,ABC WORLD NEWS TONIGHT,ABC Affiliates,Last 12 months,471746,tv,
LA,TODAY SHOW,NBC Affiliates,Last 12 months,468793,tv,
IN,60 MINUTES,CBS  Affiliates,Last 12 months,468012,tv,
LA,"GOOD MORNING, AMERICA",ABC Affiliates,Last 12 months,466848,tv,
MA,CNN NEWSROOM,CNN,Last 12 months,466196,tv,
MS,NBC NIGHTLY NEWS,NBC Affiliates,Last 12 months,464930,tv,
WV,NBC NIGHTLY NEWS,NBC Affiliates,Last 12 months,464341,tv,
SC,CBS EVENING NEWS,CBS  Affiliates,Last 12 months,463573,tv,
AZ,CBS MORNING NEWS- 6:30AM,CBS  Affiliates,Last 12 months,462690,tv,
GA,HANNITY,FOXNC,Last 12 months,458286,tv,
LA,CBS EVENING NEWS,CBS  Affiliates,Last 12 months,457640,tv,
MD,60 MINUTES,CBS  Affiliates,Last 12 months,456402,tv,
WV,TODAY SHOW,NBC Affiliates,Last 12 months,451920,tv,
MO,60 MINUTES,CBS  Affiliates,Last 12 months,449868,tv,
IN,ABC WORLD NEWS TONIGHT,ABC Affiliates,Last 12 months,447488,tv,
TN,SUNDAY MORNING,CBS  Affiliates,Last 12 months,446796,tv,
NE,"GOOD MORNING, AMERICA",ABC Affiliates,Last 12 months,441354,tv,
LA,ABC WORLD NEWS TONIGHT,ABC Affiliates,Last 12 months,439520,tv,
MA,GMA NSNA,ABC Affiliates,Last 12 months,439019,tv,
IN,CBS EVENING NEWS,CBS  Affiliates,Last 12 months,438474,tv,
CT,NBC NIGHTLY NEWS,NBC Affiliates,Last 12 months,434806,tv,
OK,NBC NIGHTLY NEWS,NBC Affiliates,Last 12 months,432155,tv,
MO,ABC WORLD NEWS TONIGHT,ABC Affiliates,Last 12 months,427805,tv,
NJ,HANNITY,FOXNC,Last 12 months,422306,tv,
CT,"GOOD MORNING, AMERICA",ABC Affiliates,Last 12 months,418784,tv,
OK,ABC WORLD NEWS TONIGHT,ABC Affiliates,Last 12 months,416139,tv,
MD,CNN NEWSROOM,CNN,Last 12 months,412706,tv,
MN,CBS EVENING NEWS,CBS  Affiliates,Last 12 months,411565,tv,
IN,TODAY THIRD HOUR,NBC Affiliates,Last 12 months,411319,tv,
CT,ABC WORLD NEWS TONIGHT,ABC Affiliates,Last 12 months,406925,tv,
CO,CBS MORNING NEWS- 6:30AM,CBS  Affiliates,Last 12 months,406505,tv,
WI,GMA NSNA,ABC Affiliates,Last 12 months,406027,tv,
MA,CBS EVENING NEWS,CBS  Affiliates,Last 12 months,405732,tv,
AR,ABC WORLD NEWS TONIGHT,ABC Affiliates,Last 12 months,401746,tv,
AR,"GOOD MORNING, AMERICA",ABC Affiliates,Last 12 months,390596,tv,
CO,TODAY SHOW,NBC Affiliates,Last 12 months,385692,tv,
KY,CBS EVENING NEWS,CBS  Affiliates,Last 12 months,385031,tv,
AR,CBS MORNING NEWS- 6:30AM,CBS  Affiliates,Last 12 months,384240,tv,
AZ,NBC NIGHTLY NEWS,NBC Affiliates,Last 12 months,381720,tv,
WA,CBS MORNING NEWS- 6:30AM,CBS  Affiliates,Last 12 months,378971,tv,
CO,ABC WORLD NEWS TONIGHT,ABC Affiliates,Last 12 months,378522,tv,
WA,TODAY SHOW,NBC Affiliates,Last 12 months,378490,tv,
WA,"GOOD MORNING, AMERICA",ABC Affiliates,Last 12 months,377947,tv,
AL,ABC WORLD NEWS TONIGHT,ABC Affiliates,Last 12 months,377812,tv,
SC,ABC WORLD NEWS TONIGHT,ABC Affiliates,Last 12 months,377370,tv,
WI,CBS EVENING NEWS,CBS  Affiliates,Last 12 months,377346,tv,
CT,TODAY SHOW,NBC Affiliates,Last 12 months,377060,tv,
NH,"GOOD MORNING, AMERICA",ABC Affiliates,Last 12 months,375991,tv,
WA,CBS EVENING NEWS,CBS  Affiliates,Last 12 months,371080,tv,
KY,ABC WORLD NEWS TONIGHT,ABC Affiliates,Last 12 months,364518,tv,
IA,"GOOD MORNING, AMERICA",ABC Affiliates,Last 12 months,363003,tv,
CO,60 MINUTES,CBS  Affiliates,Last 12 months,349939,tv,
RI,TODAY SHOW,NBC Affiliates,Last 12 months,348671,tv,
OR,NBC NIGHTLY NEWS,NBC Affiliates,Last 12 months,347569,tv,
CO,"GOOD MORNING, AMERICA",ABC Affiliates,Last 12 months,347148,tv,
AZ,60 MINUTES,CBS  Affiliates,Last 12 months,346311,tv,
NV,NBC NIGHTLY NEWS,NBC Affiliates,Last 12 months,340852,tv,
AL,"GOOD MORNING, AMERICA",ABC Affiliates,Last 12 months,339606,tv,
IN,TODAY HODA & JENNA,NBC Affiliates,Last 12 months,339591,tv,
MO,TONIGHT SHOW,NBC Affiliates,Last 12 months,336637,tv,
NV,CBS MORNING NEWS- 6:30AM,CBS  Affiliates,Last 12 months,335155,tv,
KS,CBS EVENING NEWS,CBS  Affiliates,Last 12 months,334769,tv,
WA,60 MINUTES,CBS  Affiliates,Last 12 months,334768,tv,
IN,"FIVE, THE",FOXNC,Last 12 months,333892,tv,
NM,"GOOD MORNING, AMERICA",ABC Affiliates,Last 12 months,331689,tv,
MO,"FIVE, THE",FOXNC,Last 12 months,331526,tv,
AL,CBS EVENING NEWS,CBS  Affiliates,Last 12 months,331317,tv,
CT,60 MINUTES,CBS  Affiliates,Last 12 months,330229,tv,
MD,CBS EVENING NEWS,CBS  Affiliates,Last 12 months,327698,tv,
ME,NBC NIGHTLY NEWS,NBC Affiliates,Last 12 months,327201,tv,
IA,ABC WORLD NEWS TONIGHT,ABC Affiliates,Last 12 months,326680,tv,
SC,"FIVE, THE",FOXNC,Last 12 months,325782,tv,
LA,LATE SHOW-SC-ENC,CBS  Affiliates,Last 12 months,325498,tv,
KS,NBC NIGHTLY NEWS,NBC Affiliates,Last 12 months,324819,tv,
MA,20/20-FRI,ABC Affiliates,Last 12 months,323693,tv,
MN,SUNDAY MORNING,CBS  Affiliates,Last 12 months,323041,tv,
NH,ABC WORLD NEWS TONIGHT,ABC Affiliates,Last 12 months,321546,tv,
MO,HANNITY,FOXNC,Last 12 months,319272,tv,
MD,TODAY THIRD HOUR,NBC Affiliates,Last 12 months,316764,tv,
KS,60 MINUTES,CBS  Affiliates,Last 12 months,315332,tv,
MD,TONIGHT SHOW,NBC Affiliates,Last 12 months,314523,tv,
SC,"GOOD MORNING, AMERICA",ABC Affiliates,Last 12 months,313950,tv,
SC,60 MINUTES,CBS  Affiliates,Last 12 months,313658,tv,
IA,CBS MORNING NEWS- 6:30AM,CBS  Affiliates,Last 12 months,310651,tv,
AL,TODAY THIRD HOUR,NBC Affiliates,Last 12 months,310329,tv,
NM,ABC WORLD NEWS TONIGHT,ABC Affiliates,Last 12 months,310109,tv,
SC,HANNITY,FOXNC,Last 12 months,308818,tv,
AL,HANNITY,FOXNC,Last 12 months,308411,tv,
NV,ABC WORLD NEWS TONIGHT,ABC Affiliates,Last 12 months,302839,tv,
CT,CBS EVENING NEWS,CBS  Affiliates,Last 12 months,302245,tv,
SC,"INGRAHAM ANGLE, THE",FOXNC,Last 12 months,301125,tv,
KS,TODAY SHOW,NBC Affiliates,Last 12 months,300180,tv,
AL,"FIVE, THE",FOXNC,Last 12 months,299398,tv,
AR,NBC NIGHTLY NEWS,NBC Affiliates,Last 12 months,296547,tv,
OK,60 MINUTES,CBS  Affiliates,Last 12 months,295313,tv,
AZ,NOTICIERO UNIVISION,Univision Affiliates,Last 12 months,294023,tv,
AZ,"GOOD MORNING, AMERICA",ABC Affiliates,Last 12 months,289965,tv,
AL,JESSE WATTERS PRIMETIME,FOXNC,Last 12 months,286837,tv,
IA,TODAY THIRD HOUR,NBC Affiliates,Last 12 months,286406,tv,
RI,NBC NIGHTLY NEWS,NBC Affiliates,Last 12 months,285888,tv,
MT,CBS MORNING NEWS- 6:30AM,CBS  Affiliates,Last 12 months,284369,tv,
MD,"GOOD MORNING, AMERICA",ABC Affiliates,Last 12 months,283497,tv,
KY,60 MINUTES,CBS  Affiliates,Last 12 months,282909,tv,
AZ,CNN NEWSROOM,CNN,Last 12 months,281920,tv,
MS,CBS MORNING NEWS- 6:30AM,CBS  Affiliates,Last 12 months,281401,tv,
KS,"GOOD MORNING, AMERICA",ABC Affiliates,Last 12 months,279474,tv,
OR,CBS MORNING NEWS- 6:30AM,CBS  Affiliates,Last 12 months,279399,tv,
MD,ABC WORLD NEWS TONIGHT,ABC Affiliates,Last 12 months,279174,tv,
NE,ABC WORLD NEWS TONIGHT,ABC Affiliates,Last 12 months,277370,tv,
WI,20/20-FRI,ABC Affiliates,Last 12 months,277320,tv,
AZ,TODAY SHOW,NBC Affiliates,Last 12 months,277271,tv,
AR,CBS EVENING NEWS,CBS  Affiliates,Last 12 months,277026,tv,
NM,CBS MORNING NEWS- 6:30AM,CBS  Affiliates,Last 12 months,275647,tv,
CO,SUNDAY MORNING,CBS  Affiliates,Last 12 months,275635,tv,
IA,TONIGHT SHOW,NBC Affiliates,Last 12 months,273804,tv,
AR,TODAY SHOW,NBC Affiliates,Last 12 months,272699,tv,
LA,60 MINUTES,CBS  Affiliates,Last 12 months,271110,tv,
WI,DATELINE: SECRETS UNCOVRD,OXYG,Last 12 months,270641,tv,
WA,CNN NEWSROOM,CNN,Last 12 months,268091,tv,
NV,TODAY SHOW,NBC Affiliates,Last 12 months,267511,tv,
NM,TODAY SHOW,NBC Affiliates,Last 12 months,266462,tv,
KY,TODAY THIRD HOUR,NBC Affiliates,Last 12 months,266437,tv,
UT,NBC NIGHTLY NEWS,NBC Affiliates,Last 12 months,265651,tv,
OK,GMA NSNA,ABC Affiliates,Last 12 months,263810,tv,
OK,TODAY THIRD HOUR,NBC Affiliates,Last 12 months,262756,tv,
LA,GMA NSNA,ABC Affiliates,Last 12 months,262636,tv,
MS,"GOOD MORNING, AMERICA",ABC Affiliates,Last 12 months,259969,tv,
NV,"GOOD MORNING, AMERICA",ABC Affiliates,Last 12 months,258837,tv,
LA,TONIGHT SHOW,NBC Affiliates,Last 12 months,257083,tv,
AZ,"FIVE, THE",FOXNC,Last 12 months,254543,tv,
AZ,HANNITY,FOXNC,Last 12 months,252866,tv,
KY,GMA NSNA,ABC Affiliates,Last 12 months,252177,tv,
KY,TONIGHT SHOW,NBC Affiliates,Last 12 months,250988,tv,
MN,TONIGHT SHOW,NBC Affiliates,Last 12 months,249438,tv,
OR,"GOOD MORNING, AMERICA",ABC Affiliates,Last 12 months,248958,tv,
NV,CNN NEWSROOM,CNN,Last 12 months,247041,tv,
OK,NBC NEWS DAILY,NBC Affiliates,Last 12 months,246087,tv,
CO,CBS EVENING NEWS,CBS  Affiliates,Last 12 months,245337,tv,
KS,ABC WORLD NEWS TONIGHT,ABC Affiliates,Last 12 months,245054,tv,
WA,CBS WEEKEND NEWS-SUN,CBS  Affiliates,Last 12 months,244998,tv,
MN,48 HOURS,CBS  Affiliates,Last 12 months,234889,tv,
NE,GMA NSNA,ABC Affiliates,Last 12 months,234148,tv,
AR,60 MINUTES,CBS  Affiliates,Last 12 months,230060,tv,
NE,NBC NIGHTLY NEWS,NBC Affiliates,Last 12 months,230034,tv,
IA,CBS EVENING NEWS,CBS  Affiliates,Last 12 months,228556,tv,
ID,NBC NIGHTLY NEWS,NBC Affiliates,Last 12 months,227685,tv,
OR,TODAY SHOW,NBC Affiliates,Last 12 months,225438,tv,
VT,NBC NIGHTLY NEWS,NBC Affiliates,Last 12 months,224309,tv,
WA,HANNITY,FOXNC,Last 12 months,224083,tv,
SD,CBS MORNING NEWS- 6:30AM,CBS  Affiliates,Last 12 months,223955,tv,
AR,"FIVE, THE",FOXNC,Last 12 months,223146,tv,
MS,ABC WORLD NEWS TONIGHT,ABC Affiliates,Last 12 months,223125,tv,
UT,CBS MORNING NEWS- 6:30AM,CBS  Affiliates,Last 12 months,221510,tv,
ME,TODAY SHOW,NBC Affiliates,Last 12 months,221009,tv,
CT,TODAY THIRD HOUR,NBC Affiliates,Last 12 months,218487,tv,
OR,CNN NEWSROOM,CNN,Last 12 months,218282,tv,
RI,TODAY THIRD HOUR,NBC Affiliates,Last 12 months,216826,tv,
MS,CBS EVENING NEWS,CBS  Affiliates,Last 12 months,215661,tv,
AR,GMA NSNA,ABC Affiliates,Last 12 months,211777,tv,
MS,TODAY THIRD HOUR,NBC Affiliates,Last 12 months,209823,tv,
HI,CBS MORNING NEWS- 6:30AM,CBS  Affiliates,Last 12 months,208124,tv,
NM,NBC NIGHTLY NEWS,NBC Affiliates,Last 12 months,207760,tv,
WV,CBS MORNING NEWS- 6:30AM,CBS  Affiliates,Last 12 months,207732,tv,
OR,CBS EVENING NEWS,CBS  Affiliates,Last 12 months,206308,tv,
NE,TODAY SHOW,NBC Affiliates,Last 12 months,202831,tv,
CT,SUNDAY MORNING,CBS  Affiliates,Last 12 months,202559,tv,
RI,CBS MORNING NEWS- 6:30AM,CBS  Affiliates,Last 12 months,201792,tv,
IA,NBC NEWS DAILY,NBC Affiliates,Last 12 months,199761,tv,
CT,TODAY HODA & JENNA,NBC Affiliates,Last 12 months,199562,tv,
WV,TODAY THIRD HOUR,NBC Affiliates,Last 12 months,197450,tv,
OR,60 MINUTES,CBS  Affiliates,Last 12 months,197272,tv,
CO,TONIGHT SHOW,NBC Affiliates,Last 12 months,196816,tv,
CO,CNN NEWSROOM,CNN,Last 12 months,196575,tv,
IA,TODAY HODA & JENNA,NBC Affiliates,Last 12 months,196330,tv,
AR,AMERICAS NEWSROOM,FOXNC,Last 12 months,192707,tv,
NM,CBS EVENING NEWS,CBS  Affiliates,Last 12 months,184817,tv,
NM,GMA NSNA,ABC Affiliates,Last 12 months,184166,tv,
MS,TODAY HODA & JENNA,NBC Affiliates,Last 12 months,183749,tv,
KS,SUNDAY MORNING,CBS  Affiliates,Last 12 months,181194,tv,
NV,CBS EVENING NEWS,CBS  Affiliates,Last 12 months,180717,tv,
SD,ABC WORLD NEWS TONIGHT,ABC Affiliates,Last 12 months,179011,tv,
NV,HANNITY,FOXNC,Last 12 months,177597,tv,
MS,NBC NEWS DAILY,NBC Affiliates,Last 12 months,176676,tv,
UT,TODAY SHOW,NBC Affiliates,Last 12 months,172990,tv,
ME,ABC WORLD NEWS TONIGHT,ABC Affiliates,Last 12 months,169161,tv,
KS,LATE SHOW-SC-ENC,CBS  Affiliates,Last 12 months,165533,tv,
ME,CBS MORNING NEWS- 6:30AM,CBS  Affiliates,Last 12 months,165205,tv,
NE,CBS MORNING NEWS- 6:30AM,CBS  Affiliates,Last 12 months,164245,tv,
NE,CBS EVENING NEWS,CBS  Affiliates,Last 12 months,164143,tv,
MS,TONIGHT SHOW,NBC Affiliates,Last 12 months,160175,tv,
NV,"FIVE, THE",FOXNC,Last 12 months,159340,tv,
NV,FOX NEWS LIVE,FOXNC,Last 12 months,159100,tv,
OR,GMA NSNA,ABC Affiliates,Last 12 months,158943,tv,
OR,CBS WEEKEND NEWS-SUN,CBS  Affiliates,Last 12 months,156996,tv,
NH,GMA NSNA,ABC Affiliates,Last 12 months,156144,tv,
ND,NBC NIGHTLY NEWS,NBC Affiliates,Last 12 months,150902,tv,
VT,TODAY SHOW,NBC Affiliates,Last 12 months,149423,tv,
NM,60 MINUTES,CBS  Affiliates,Last 12 months,149401,tv,
NE,60 MINUTES,CBS  Affiliates,Last 12 months,147819,tv,
KS,HANNITY,FOXNC,Last 12 months,146149,tv,
RI,TODAY HODA & JENNA,NBC Affiliates,Last 12 months,146015,tv,
MT,CBS EVENING NEWS,CBS  Affiliates,Last 12 months,145213,tv,
WV,TODAY HODA & JENNA,NBC Affiliates,Last 12 months,144564,tv,
RI,CBS EVENING NEWS,CBS  Affiliates,Last 12 months,143366,tv,
VT,CBS MORNING NEWS- 6:30AM,CBS  Affiliates,Last 12 months,142001,tv,
NM,TODAY THIRD HOUR,NBC Affiliates,Last 12 months,141853,tv,
DE,NBC NIGHTLY NEWS,NBC Affiliates,Last 12 months,140465,tv,
WV,SATURDAY TODAY,NBC Affiliates,Last 12 months,138922,tv,
SD,CBS EVENING NEWS,CBS  Affiliates,Last 12 months,138168,tv,
NM,SUNDAY MORNING,CBS  Affiliates,Last 12 months,135338,tv,
UT,HANNITY,FOXNC,Last 12 months,134703,tv,
UT,CBS EVENING NEWS,CBS  Affiliates,Last 12 months,133634,tv,
ME,CBS EVENING NEWS,CBS  Affiliates,Last 12 months,132115,tv,
DE,"GOOD MORNING, AMERICA",ABC Affiliates,Last 12 months,131848,tv,
HI,CBS EVENING NEWS,CBS  Affiliates,Last 12 months,131073,tv,
NE,"INGRAHAM ANGLE, THE",FOXNC,Last 12 months,131028,tv,
UT,60 MINUTES,CBS  Affiliates,Last 12 months,128582,tv,
WV,NBC NEWS DAILY,NBC Affiliates,Last 12 months,128296,tv,
DE,ABC WORLD NEWS TONIGHT,ABC Affiliates,Last 12 months,126414,tv,
RI,SATURDAY TODAY,NBC Affiliates,Last 12 months,123105,tv,
NE,HANNITY,FOXNC,Last 12 months,121521,tv,
ID,CBS MORNING NEWS- 6:30AM,CBS  Affiliates,Last 12 months,120250,tv,
WV,ABC WORLD NEWS TONIGHT,ABC Affiliates,Last 12 months,119032,tv,
ME,60 MINUTES,CBS  Affiliates,Last 12 months,119007,tv,
UT,JESSE WATTERS PRIMETIME,FOXNC,Last 12 months,114831,tv,
UT,ABC WORLD NEWS TONIGHT,ABC Affiliates,Last 12 months,114675,tv,
RI,SUNDAY TODAY,NBC Affiliates,Last 12 months,111749,tv,
UT,SUNDAY MORNING,CBS  Affiliates,Last 12 months,111601,tv,
WV,"FIVE, THE",FOXNC,Last 12 months,111404,tv,
WV,EARLY TODAY-B,NBC Affiliates,Last 12 months,110308,tv,
RI,60 MINUTES,CBS  Affiliates,Last 12 months,109722,tv,
UT,"INGRAHAM ANGLE, THE",FOXNC,Last 12 months,109545,tv,
HI,CNN NEWSROOM,CNN,Last 12 months,109359,tv,
MT,SUNDAY MORNING,CBS  Affiliates,Last 12 months,109046,tv,
DE,CBS MORNING NEWS- 6:30AM,CBS  Affiliates,Last 12 months,106459,tv,
MT,CBS SATURDAY MORNING,CBS  Affiliates,Last 12 months,104923,tv,
DE,TODAY SHOW,NBC Affiliates,Last 12 months,104422,tv,
ID,"GOOD MORNING, AMERICA",ABC Affiliates,Last 12 months,102411,tv,
AK,NBC NIGHTLY NEWS,NBC Affiliates,Last 12 months,100214,tv,
ME,CNN NEWSROOM,CNN,Last 12 months,99597,tv,
ME,TODAY THIRD HOUR,NBC Affiliates,Last 12 months,99141,tv,
MT,TODAY SHOW,NBC Affiliates,Last 12 months,97764,tv,
NH,WNT-ABC,ABC Affiliates,Last 12 months,96461,tv,
SD,SUNDAY MORNING,CBS  Affiliates,Last 12 months,93860,tv,
ID,HANNITY,FOXNC,Last 12 months,93619,tv,
MT,60 MINUTES,CBS  Affiliates,Last 12 months,93169,tv,
SD,"GOOD MORNING, AMERICA",ABC Affiliates,Last 12 months,90570,tv,
MT,NBC NIGHTLY NEWS,NBC Affiliates,Last 12 months,89332,tv,
ME,SATURDAY TODAY,NBC Affiliates,Last 12 months,88486,tv,
MT,FACE THE NATION,CBS  Affiliates,Last 12 months,88384,tv,
MT,CBS WEEKEND NEWS-SUN,CBS  Affiliates,Last 12 months,87453,tv,
DE,60 MINUTES,CBS  Affiliates,Last 12 months,85994,tv,
ID,"FIVE, THE",FOXNC,Last 12 months,85301,tv,
ID,JESSE WATTERS PRIMETIME,FOXNC,Last 12 months,84703,tv,
MT,"GOOD MORNING, AMERICA",ABC Affiliates,Last 12 months,84317,tv,
RI,NBC NEWS DAILY,NBC Affiliates,Last 12 months,84008,tv,
ID,TODAY SHOW,NBC Affiliates,Last 12 months,83346,tv,
ME,"GOOD MORNING, AMERICA",ABC Affiliates,Last 12 months,82658,tv,
HI,NBC NIGHTLY NEWS,NBC Affiliates,Last 12 months,81643,tv,
ND,TODAY SHOW,NBC Affiliates,Last 12 months,81469,tv,
ID,"INGRAHAM ANGLE, THE",FOXNC,Last 12 months,81223,tv,
SD,60 MINUTES,CBS  Affiliates,Last 12 months,79506,tv,
ID,GUTFELD!,FOXNC,Last 12 months,78313,tv,
DE,TODAY THIRD HOUR,NBC Affiliates,Last 12 months,77971,tv,
DE,GMA NSNA,ABC Affiliates,Last 12 months,77760,tv,
HI,CBS WEEKEND NEWS-SUN,CBS  Affiliates,Last 12 months,77731,tv,
NH,NBC NIGHTLY NEWS,NBC Affiliates,Last 12 months,77297,tv,
VT,CBS EVENING NEWS,CBS  Affiliates,Last 12 months,75906,tv,
SD,HANNITY,FOXNC,Last 12 months,74387,tv,
ID,AMERICA REPORTS,FOXNC,Last 12 months,74040,tv,
SD,JESSE WATTERS PRIMETIME,FOXNC,Last 12 months,72092,tv,
NH,60 MINUTES,CBS  Affiliates,Last 12 months,69900,tv,
SD,NBC NIGHTLY NEWS,NBC Affiliates,Last 12 months,69056,tv,
HI,ABC WORLD NEWS TONIGHT,ABC Affiliates,Last 12 months,67833,tv,
SD,CBS SATURDAY MORNING,CBS  Affiliates,Last 12 months,67552,tv,
DE,CNN NEWSROOM,CNN,Last 12 months,66154,tv,
HI,ANDERSON COOPER 360,CNN,Last 12 months,64069,tv,
NH,CNN NEWSROOM,CNN,Last 12 months,63239,tv,
VT,60 MINUTES,CBS  Affiliates,Last 12 months,62548,tv,
HI,60 MINUTES,CBS  Affiliates,Last 12 months,61701,tv,
VT,CNN NEWSROOM,CNN,Last 12 months,61407,tv,
NH,GUTFELD!,FOXNC,Last 12 months,60570,tv,
VT,SATURDAY TODAY,NBC Affiliates,Last 12 months,59954,tv,
DE,48 HOURS,CBS  Affiliates,Last 12 months,59685,tv,
HI,LEAD WITH JAKE TAPPER,CNN,Last 12 months,59602,tv,
HI,LAST WORD W/ L. ODONNELL,MSNBC,Last 12 months,59559,tv,
VT,TODAY THIRD HOUR,NBC Affiliates,Last 12 months,59195,tv,
NH,GMA3:WHAT U NEED TO KNOW,ABC Affiliates,Last 12 months,57491,tv,
DC,NBC NIGHTLY NEWS,NBC Affiliates,Last 12 months,57205,tv,
NH,DATELINE: SECRETS UNCOVRD,OXYG,Last 12 months,56300,tv,
AK,TODAY SHOW,NBC Affiliates,Last 12 months,53363,tv,
ND,TODAY HODA & JENNA,NBC Affiliates,Last 12 months,52264,tv,
VT,CBS SATURDAY MORNING,CBS  Affiliates,Last 12 months,50991,tv,
VT,FACE THE NATION,CBS  Affiliates,Last 12 months,47367,tv,
DC,CBS MORNING NEWS- 6:30AM,CBS  Affiliates,Last 12 months,42687,tv,
ND,TODAY THIRD HOUR,NBC Affiliates,Last 12 months,39215,tv,
DC,60 MINUTES,CBS  Affiliates,Last 12 months,38762,tv,
WY,FORENSIC FILES,HLN,Last 12 months,38717,tv,
ND,60 MINUTES,CBS  Affiliates,Last 12 months,38238,tv,
ND,"FIVE, THE",FOXNC,Last 12 months,37988,tv,
ND,ABC WORLD NEWS TONIGHT,ABC Affiliates,Last 12 months,37427,tv,
DC,TODAY SHOW,NBC Affiliates,Last 12 months,35329,tv,
DC,ABC WORLD NEWS TONIGHT,ABC Affiliates,Last 12 months,33932,tv,
WY,CBS EVENING NEWS,CBS  Affiliates,Last 12 months,33902,tv,
ND,DATELINE FRI,NBC Affiliates,Last 12 months,33087,tv,
DC,CNN NEWSROOM,CNN,Last 12 months,32736,tv,
ND,NBC-NITELY-NEWS,NBC Affiliates,Last 12 months,30997,tv,
ND,TONIGHT SHOW,NBC Affiliates,Last 12 months,30255,tv,
AK,LAST WORD W/ L. ODONNELL,MSNBC,Last 12 months,28122,tv,
AK,TODAY THIRD HOUR,NBC Affiliates,Last 12 months,28009,tv,
AK,CBS MORNING NEWS- 6:30AM,CBS  Affiliates,Last 12 months,27129,tv,
AK,COURT TV LIVE 9A,Court TV,Last 12 months,26667,tv,
AK,BEAT W/ARI MELBER,MSNBC,Last 12 months,26528,tv,
AK,ALL IN W/ CHRIS HAYES,MSNBC,Last 12 months,26349,tv,
AK,DEADLINE:WHITE HOUSE,MSNBC,Last 12 months,26182,tv,
AK,11TH HOUR W/B. WILLIAMS,MSNBC,Last 12 months,25966,tv,
WY,SITUATION ROOM,CNN,Last 12 months,25041,tv,
WY,LEAD WITH JAKE TAPPER,CNN,Last 12 months,24434,tv,
DC,TODAY THIRD HOUR,NBC Affiliates,Last 12 months,24298,tv,
DC,TONIGHT SHOW,NBC Affiliates,Last 12 months,20641,tv,
DC,TODAY HODA & JENNA,NBC Affiliates,Last 12 months,20636,tv,
WY,CNN NEWSROOM,CNN,Last 12 months,20419,tv,
DC,ANDERSON COOPER 360,CNN,Last 12 months,20171,tv,
WY,DATELINE: SECRETS UNCOVRD,OXYG,Last 12 months,19637,tv,
WY,CBS MORNING NEWS- 6:30AM,CBS  Affiliates,Last 12 months,16090,tv,
WY,ERIN BURNETT OUTFRONT,CNN,Last 12 months,16016,tv,
WY,HOW IT REALLY HAPPENED,HLN,Last 12 months,15166,tv,
WY,AMERICAS NEWSROOM,FOXNC,Last 12 months,14308,tv,
CA,ABC WORLD NEWS TONIGHT,ABC Affiliates,Since 2016,3493611,tv,
TX,ABC WORLD NEWS TONIGHT,ABC Affiliates,Since 2016,3262847,tv,
TX,TODAY SHOW,NBC Affiliates,Since 2016,2961887,tv,
TX,"GOOD MORNING, AMERICA",ABC Affiliates,Since 2016,2860387,tv,
FL,TODAY SHOW,NBC Affiliates,Since 2016,2839261,tv,
NY,ABC WORLD NEWS TONIGHT,ABC Affiliates,Since 2016,2832142,tv,
CA,CNN NEWSROOM,CNN,Since 2016,2819078,tv,
CA,NBC NIGHTLY NEWS,NBC Affiliates,Since 2016,2791061,tv,
CA,NOTICIERO UNIVISION,Univision Affiliates,Since 2016,2783151,tv,
FL,ABC WORLD NEWS TONIGHT,ABC Affiliates,Since 2016,2767032,tv,
CA,TODAY SHOW,NBC Affiliates,Since 2016,2714369,tv,
FL,NBC NIGHTLY NEWS,NBC Affiliates,Since 2016,2595719,tv,
PA,"GOOD MORNING, AMERICA",ABC Affiliates,Since 2016,2580001,tv,
TX,NBC NIGHTLY NEWS,NBC Affiliates,Since 2016,2567294,tv,
PA,ABC WORLD NEWS TONIGHT,ABC Affiliates,Since 2016,2554695,tv,
CA,"GOOD MORNING, AMERICA",ABC Affiliates,Since 2016,2517910,tv,
CA,MSNBC LIVE WKND EDITION,MSNBC,Since 2016,2480050,tv,
NY,TODAY SHOW,NBC Affiliates,Since 2016,2475190,tv,
CA,60 MINUTES,CBS  Affiliates,Since 2016,2384910,tv,
FL,"GOOD MORNING, AMERICA",ABC Affiliates,Since 2016,2384293,tv,
NY,"GOOD MORNING, AMERICA",ABC Affiliates,Since 2016,2331385,tv,
CA,PRIMER IMPACTO,Univision Affiliates,Since 2016,2242807,tv,
TX,CBS THIS MORNING-2,CBS  Affiliates,Since 2016,2212448,tv,
NY,CBS THIS MORNING-2,CBS  Affiliates,Since 2016,2152744,tv,
OH,CBS THIS MORNING-2,CBS  Affiliates,Since 2016,2101149,tv,
OH,TODAY SHOW,NBC Affiliates,Since 2016,2080895,tv,
PA,TODAY SHOW,NBC Affiliates,Since 2016,2032074,tv,
TX,NOTICIERO UNIVISION,Univision Affiliates,Since 2016,2014971,tv,
NY,NBC NIGHTLY NEWS,NBC Affiliates,Since 2016,1981693,tv,
FL,MSNBC LIVE WKND EDITION,MSNBC,Since 2016,1948486,tv,
CA,CBS THIS MORNING-2,CBS  Affiliates,Since 2016,1917788,tv,
IL,ABC WORLD NEWS TONIGHT,ABC Affiliates,Since 2016,1887526,tv,
NC,TODAY SHOW,NBC Affiliates,Since 2016,1875873,tv,
VA,TODAY SHOW,NBC Affiliates,Since 2016,1869287,tv,
PA,NBC NIGHTLY NEWS,NBC Affiliates,Since 2016,1854108,tv,
FL,CBS THIS MORNING-2,CBS  Affiliates,Since 2016,1851289,tv,
NY,MSNBC LIVE WKND EDITION,MSNBC,Since 2016,1849494,tv,
MI,NBC NIGHTLY NEWS,NBC Affiliates,Since 2016,1761966,tv,
FL,CNN NEWSROOM,CNN,Since 2016,1735317,tv,
GA,"GOOD MORNING, AMERICA",ABC Affiliates,Since 2016,1735194,tv,
GA,ABC WORLD NEWS TONIGHT,ABC Affiliates,Since 2016,1733165,tv,
OH,NBC NIGHTLY NEWS,NBC Affiliates,Since 2016,1724687,tv,
NC,"GOOD MORNING, AMERICA",ABC Affiliates,Since 2016,1716583,tv,
NC,ABC WORLD NEWS TONIGHT,ABC Affiliates,Since 2016,1691145,tv,
NY,CNN NEWSROOM,CNN,Since 2016,1688633,tv,
OH,ABC WORLD NEWS TONIGHT,ABC Affiliates,Since 2016,1640778,tv,
IL,"GOOD MORNING, AMERICA",ABC Affiliates,Since 2016,1624481,tv,
NC,NBC NIGHTLY NEWS,NBC Affiliates,Since 2016,1618471,tv,
FL,60 MINUTES,CBS  Affiliates,Since 2016,1614758,tv,
IL,TODAY SHOW,NBC Affiliates,Since 2016,1598381,tv,
TX,CNN NEWSROOM,CNN,Since 2016,1581348,tv,
MI,TODAY SHOW,NBC Affiliates,Since 2016,1578344,tv,
IL,NBC NIGHTLY NEWS,NBC Affiliates,Since 2016,1560873,tv,
TX,60 MINUTES,CBS  Affiliates,Since 2016,1559342,tv,
NC,CBS THIS MORNING-2,CBS  Affiliates,Since 2016,1538319,tv,
NJ,ABC WORLD NEWS TONIGHT,ABC Affiliates,Since 2016,1523432,tv,
TX,PRIMER IMPACTO,Univision Affiliates,Since 2016,1506592,tv,
TX,CBS EVENING NEWS,CBS  Affiliates,Since 2016,1499357,tv,
TN,TODAY SHOW,NBC Affiliates,Since 2016,1485441,tv,
NY,60 MINUTES,CBS  Affiliates,Since 2016,1465537,tv,
MI,ABC WORLD NEWS TONIGHT,ABC Affiliates,Since 2016,1456917,tv,
FL,HANNITY,FOXNC,Since 2016,1435690,tv,
OH,"GOOD MORNING, AMERICA",ABC Affiliates,Since 2016,1426498,tv,
NJ,"GOOD MORNING, AMERICA",ABC Affiliates,Since 2016,1402233,tv,
VA,NBC NIGHTLY NEWS,NBC Affiliates,Since 2016,1388804,tv,
PA,CBS THIS MORNING-2,CBS  Affiliates,Since 2016,1385640,tv,
MI,CBS THIS MORNING-2,CBS  Affiliates,Since 2016,1372855,tv,
VA,CBS THIS MORNING-2,CBS  Affiliates,Since 2016,1308413,tv,
TN,CBS THIS MORNING-2,CBS  Affiliates,Since 2016,1298771,tv,
MA,ABC WORLD NEWS TONIGHT,ABC Affiliates,Since 2016,1257732,tv,
NY,CBS EVENING NEWS,CBS  Affiliates,Since 2016,1255975,tv,
TN,NBC NIGHTLY NEWS,NBC Affiliates,Since 2016,1255375,tv,
OH,CBS EVENING NEWS,CBS  Affiliates,Since 2016,1247778,tv,
NY,LATE SHOW-STEPHEN COLBERT,CBS  Affiliates,Since 2016,1214324,tv,
FL,CBS EVENING NEWS,CBS  Affiliates,Since 2016,1183718,tv,
MI,"GOOD MORNING, AMERICA",ABC Affiliates,Since 2016,1159520,tv,
WI,"GOOD MORNING, AMERICA",ABC Affiliates,Since 2016,1143114,tv,
WI,ABC WORLD NEWS TONIGHT,ABC Affiliates,Since 2016,1138946,tv,
TN,"GOOD MORNING, AMERICA",ABC Affiliates,Since 2016,1124861,tv,
VA,ABC WORLD NEWS TONIGHT,ABC Affiliates,Since 2016,1119215,tv,
NJ,TODAY SHOW,NBC Affiliates,Since 2016,1098381,tv,
IL,CBS THIS MORNING-2,CBS  Affiliates,Since 2016,1095359,tv,
SC,CBS THIS MORNING-2,CBS  Affiliates,Since 2016,1084034,tv,
MA,"GOOD MORNING, AMERICA",ABC Affiliates,Since 2016,1081462,tv,
SC,TODAY SHOW,NBC Affiliates,Since 2016,1080847,tv,
IN,TODAY SHOW,NBC Affiliates,Since 2016,1067629,tv,
TN,ABC WORLD NEWS TONIGHT,ABC Affiliates,Since 2016,1058142,tv,
PA,GMA NSNA,ABC Affiliates,Since 2016,1049523,tv,
PA,MSNBC LIVE WKND EDITION,MSNBC,Since 2016,1045267,tv,
PA,60 MINUTES,CBS  Affiliates,Since 2016,1041404,tv,
OH,60 MINUTES,CBS  Affiliates,Since 2016,1017528,tv,
GA,CBS THIS MORNING-2,CBS  Affiliates,Since 2016,1017387,tv,
GA,TODAY SHOW,NBC Affiliates,Since 2016,1011360,tv,
IN,NBC NIGHTLY NEWS,NBC Affiliates,Since 2016,1011240,tv,
VA,"GOOD MORNING, AMERICA",ABC Affiliates,Since 2016,998801,tv,
MO,CBS THIS MORNING-2,CBS  Affiliates,Since 2016,992014,tv,
MO,NBC NIGHTLY NEWS,NBC Affiliates,Since 2016,979461,tv,
PA,CNN NEWSROOM,CNN,Since 2016,974070,tv,
IN,CBS THIS MORNING-2,CBS  Affiliates,Since 2016,970567,tv,
SC,NBC NIGHTLY NEWS,NBC Affiliates,Since 2016,966511,tv,
IL,TONIGHT SHOW,NBC Affiliates,Since 2016,952665,tv,
IL,60 MINUTES,CBS  Affiliates,Since 2016,939609,tv,
KY,TODAY SHOW,NBC Affiliates,Since 2016,939029,tv,
MO,TODAY SHOW,NBC Affiliates,Since 2016,938539,tv,
GA,NBC NIGHTLY NEWS,NBC Affiliates,Since 2016,924402,tv,
MD,TODAY SHOW,NBC Affiliates,Since 2016,924139,tv,
PA,TONIGHT SHOW,NBC Affiliates,Since 2016,901267,tv,
OH,TONIGHT SHOW,NBC Affiliates,Since 2016,891927,tv,
WA,ABC WORLD NEWS TONIGHT,ABC Affiliates,Since 2016,887485,tv,
MA,TODAY SHOW,NBC Affiliates,Since 2016,869301,tv,
OK,CBS THIS MORNING-2,CBS  Affiliates,Since 2016,869091,tv,
IL,MSNBC LIVE WKND EDITION,MSNBC,Since 2016,867129,tv,
AL,TODAY SHOW,NBC Affiliates,Since 2016,863913,tv,
MD,NBC NIGHTLY NEWS,NBC Affiliates,Since 2016,860637,tv,
KY,CBS THIS MORNING-2,CBS  Affiliates,Since 2016,860547,tv,
AL,CBS THIS MORNING-2,CBS  Affiliates,Since 2016,851183,tv,
NJ,CNN NEWSROOM,CNN,Since 2016,847469,tv,
OH,MSNBC LIVE WKND EDITION,MSNBC,Since 2016,844286,tv,
IL,CNN NEWSROOM,CNN,Since 2016,837414,tv,
WA,NBC NIGHTLY NEWS,NBC Affiliates,Since 2016,835448,tv,
OH,LATE SHOW-STEPHEN COLBERT,CBS  Affiliates,Since 2016,822342,tv,
WI,NBC NIGHTLY NEWS,NBC Affiliates,Since 2016,818396,tv,
NC,MSNBC LIVE WKND EDITION,MSNBC,Since 2016,817507,tv,
WI,TODAY SHOW,NBC Affiliates,Since 2016,805024,tv,
NJ,MSNBC LIVE WKND EDITION,MSNBC,Since 2016,804141,tv,
MI,60 MINUTES,CBS  Affiliates,Since 2016,796626,tv,
TN,CBS EVENING NEWS,CBS  Affiliates,Since 2016,791742,tv,
GA,CNN NEWSROOM,CNN,Since 2016,785882,tv,
IL,LATE SHOW-STEPHEN COLBERT,CBS  Affiliates,Since 2016,778425,tv,
KY,NBC NIGHTLY NEWS,NBC Affiliates,Since 2016,776656,tv,
NJ,CBS THIS MORNING-2,CBS  Affiliates,Since 2016,770166,tv,
MI,CBS EVENING NEWS,CBS  Affiliates,Since 2016,759416,tv,
MI,TONIGHT SHOW,NBC Affiliates,Since 2016,754022,tv,
CT,CBS THIS MORNING-2,CBS  Affiliates,Since 2016,751824,tv,
NC,CBS EVENING NEWS,CBS  Affiliates,Since 2016,750292,tv,
MD,CBS THIS MORNING-2,CBS  Affiliates,Since 2016,749697,tv,
MN,ABC WORLD NEWS TONIGHT,ABC Affiliates,Since 2016,745242,tv,
NC,60 MINUTES,CBS  Affiliates,Since 2016,742426,tv,
AL,NBC NIGHTLY NEWS,NBC Affiliates,Since 2016,741314,tv,
GA,GMA NSNA,ABC Affiliates,Since 2016,739643,tv,
MN,NBC NIGHTLY NEWS,NBC Affiliates,Since 2016,739212,tv,
CO,TODAY SHOW,NBC Affiliates,Since 2016,736836,tv,
VA,CNN NEWSROOM,CNN,Since 2016,736430,tv,
CO,NBC NIGHTLY NEWS,NBC Affiliates,Since 2016,735797,tv,
NJ,NBC NIGHTLY NEWS,NBC Affiliates,Since 2016,735230,tv,
NC,CNN NEWSROOM,CNN,Since 2016,734539,tv,
NC,GMA NSNA,ABC Affiliates,Since 2016,729237,tv,
VA,MSNBC LIVE WKND EDITION,MSNBC,Since 2016,728497,tv,
MA,CBS THIS MORNING-2,CBS  Affiliates,Since 2016,720663,tv,
LA,CBS THIS MORNING-2,CBS  Affiliates,Since 2016,716040,tv,
NJ,60 MINUTES,CBS  Affiliates,Since 2016,715156,tv,
MN,CBS THIS MORNING-2,CBS  Affiliates,Since 2016,714366,tv,
AR,CBS THIS MORNING-2,CBS  Affiliates,Since 2016,708047,tv,
MI,MSNBC LIVE WKND EDITION,MSNBC,Since 2016,707005,tv,
WI,CBS THIS MORNING-2,CBS  Affiliates,Since 2016,696172,tv,
MN,"GOOD MORNING, AMERICA",ABC Affiliates,Since 2016,694809,tv,
MA,NBC NIGHTLY NEWS,NBC Affiliates,Since 2016,692890,tv,
WA,TODAY SHOW,NBC Affiliates,Since 2016,689319,tv,
AR,ABC WORLD NEWS TONIGHT,ABC Affiliates,Since 2016,684929,tv,
OK,TODAY SHOW,NBC Affiliates,Since 2016,684202,tv,
IN,ABC WORLD NEWS TONIGHT,ABC Affiliates,Since 2016,677779,tv,
MA,60 MINUTES,CBS  Affiliates,Since 2016,665287,tv,
AZ,ABC WORLD NEWS TONIGHT,ABC Affiliates,Since 2016,655951,tv,
GA,MSNBC LIVE WKND EDITION,MSNBC,Since 2016,653324,tv,
IN,"GOOD MORNING, AMERICA",ABC Affiliates,Since 2016,651577,tv,
IA,TODAY SHOW,NBC Affiliates,Since 2016,651462,tv,
MN,TODAY SHOW,NBC Affiliates,Since 2016,651164,tv,
MI,CNN NEWSROOM,CNN,Since 2016,642375,tv,
MD,MSNBC LIVE WKND EDITION,MSNBC,Since 2016,637496,tv,
LA,TODAY SHOW,NBC Affiliates,Since 2016,626407,tv,
GA,HANNITY,FOXNC,Since 2016,618920,tv,
MA,CNN NEWSROOM,CNN,Since 2016,613925,tv,
MO,CBS EVENING NEWS,CBS  Affiliates,Since 2016,610960,tv,
MS,TODAY SHOW,NBC Affiliates,Since 2016,610620,tv,
VA,CBS EVENING NEWS,CBS  Affiliates,Since 2016,610003,tv,
IA,NBC NIGHTLY NEWS,NBC Affiliates,Since 2016,609837,tv,
VA,TONIGHT SHOW,NBC Affiliates,Since 2016,605675,tv,
VA,60 MINUTES,CBS  Affiliates,Since 2016,598499,tv,
NJ,GMA NSNA,ABC Affiliates,Since 2016,593456,tv,
AR,"GOOD MORNING, AMERICA",ABC Affiliates,Since 2016,593056,tv,
MO,"GOOD MORNING, AMERICA",ABC Affiliates,Since 2016,590298,tv,
GA,CBS EVENING NEWS,CBS  Affiliates,Since 2016,587162,tv,
SC,CBS EVENING NEWS,CBS  Affiliates,Since 2016,586419,tv,
OR,ABC WORLD NEWS TONIGHT,ABC Affiliates,Since 2016,586187,tv,
MO,ABC WORLD NEWS TONIGHT,ABC Affiliates,Since 2016,585157,tv,
MD,CNN NEWSROOM,CNN,Since 2016,582633,tv,
CT,TODAY SHOW,NBC Affiliates,Since 2016,574427,tv,
NJ,HANNITY,FOXNC,Since 2016,565184,tv,
OK,ABC WORLD NEWS TONIGHT,ABC Affiliates,Since 2016,562491,tv,
AL,ABC WORLD NEWS TONIGHT,ABC Affiliates,Since 2016,559528,tv,
OK,"GOOD MORNING, AMERICA",ABC Affiliates,Since 2016,555344,tv,
AZ,TODAY SHOW,NBC Affiliates,Since 2016,554200,tv,
OK,CBS EVENING NEWS,CBS  Affiliates,Since 2016,552811,tv,
MN,CBS EVENING NEWS,CBS  Affiliates,Since 2016,549863,tv,
IN,CBS EVENING NEWS,CBS  Affiliates,Since 2016,547957,tv,
MN,60 MINUTES,CBS  Affiliates,Since 2016,547260,tv,
IA,CBS THIS MORNING-2,CBS  Affiliates,Since 2016,547020,tv,
TN,60 MINUTES,CBS  Affiliates,Since 2016,544296,tv,
LA,NBC NIGHTLY NEWS,NBC Affiliates,Since 2016,542349,tv,
TN,TONIGHT SHOW,NBC Affiliates,Since 2016,539305,tv,
LA,CBS EVENING NEWS,CBS  Affiliates,Since 2016,536403,tv,
MA,MSNBC LIVE WKND EDITION,MSNBC,Since 2016,530987,tv,
WA,"GOOD MORNING, AMERICA",ABC Affiliates,Since 2016,530648,tv,
AZ,CBS THIS MORNING-2,CBS  Affiliates,Since 2016,526823,tv,
MO,60 MINUTES,CBS  Affiliates,Since 2016,525568,tv,
SC,ABC WORLD NEWS TONIGHT,ABC Affiliates,Since 2016,524211,tv,
WV,TODAY SHOW,NBC Affiliates,Since 2016,522608,tv,
TN,HANNITY,FOXNC,Since 2016,520409,tv,
IN,60 MINUTES,CBS  Affiliates,Since 2016,516951,tv,
AZ,NBC NIGHTLY NEWS,NBC Affiliates,Since 2016,514696,tv,
TN,CBS MORNING NEWS- 6:30AM,CBS  Affiliates,Since 2016,514633,tv,
WA,CBS THIS MORNING-2,CBS  Affiliates,Since 2016,509528,tv,
KY,CBS EVENING NEWS,CBS  Affiliates,Since 2016,505511,tv,
OK,NBC NIGHTLY NEWS,NBC Affiliates,Since 2016,498506,tv,
WA,60 MINUTES,CBS  Affiliates,Since 2016,494368,tv,
CT,ABC WORLD NEWS TONIGHT,ABC Affiliates,Since 2016,494194,tv,
WI,60 MINUTES,CBS  Affiliates,Since 2016,493654,tv,
NH,ABC WORLD NEWS TONIGHT,ABC Affiliates,Since 2016,493158,tv,
MD,60 MINUTES,CBS  Affiliates,Since 2016,488488,tv,
CO,60 MINUTES,CBS  Affiliates,Since 2016,482890,tv,
CT,NBC NIGHTLY NEWS,NBC Affiliates,Since 2016,480340,tv,
LA,ABC WORLD NEWS TONIGHT,ABC Affiliates,Since 2016,479908,tv,
MS,NBC NIGHTLY NEWS,NBC Affiliates,Since 2016,479450,tv,
AZ,CNN NEWSROOM,CNN,Since 2016,479381,tv,
WA,CBS EVENING NEWS,CBS  Affiliates,Since 2016,473881,tv,
MA,CBS EVENING NEWS,CBS  Affiliates,Since 2016,472431,tv,
SC,"GOOD MORNING, AMERICA",ABC Affiliates,Since 2016,472333,tv,
WA,MSNBC LIVE WKND EDITION,MSNBC,Since 2016,471560,tv,
WA,CNN NEWSROOM,CNN,Since 2016,469749,tv,
AZ,"GOOD MORNING, AMERICA",ABC Affiliates,Since 2016,469665,tv,
CO,CBS THIS MORNING-2,CBS  Affiliates,Since 2016,469387,tv,
AL,CBS EVENING NEWS,CBS  Affiliates,Since 2016,463426,tv,
KY,"GOOD MORNING, AMERICA",ABC Affiliates,Since 2016,463191,tv,
ME,TODAY SHOW,NBC Affiliates,Since 2016,462707,tv,
MO,TONIGHT SHOW,NBC Affiliates,Since 2016,462574,tv,
ME,NBC NIGHTLY NEWS,NBC Affiliates,Since 2016,459369,tv,
AL,"GOOD MORNING, AMERICA",ABC Affiliates,Since 2016,454326,tv,
WI,CBS EVENING NEWS,CBS  Affiliates,Since 2016,452765,tv,
WV,NBC NIGHTLY NEWS,NBC Affiliates,Since 2016,449963,tv,
MO,LATE SHOW-STEPHEN COLBERT,CBS  Affiliates,Since 2016,447657,tv,
AZ,60 MINUTES,CBS  Affiliates,Since 2016,445575,tv,
CO,ABC WORLD NEWS TONIGHT,ABC Affiliates,Since 2016,445449,tv,
MD,TONIGHT SHOW,NBC Affiliates,Since 2016,444603,tv,
KY,ABC WORLD NEWS TONIGHT,ABC Affiliates,Since 2016,444166,tv,
AL,HANNITY,FOXNC,Since 2016,443483,tv,
OR,NBC NIGHTLY NEWS,NBC Affiliates,Since 2016,441902,tv,
MA,GMA NSNA,ABC Affiliates,Since 2016,436255,tv,
OR,TODAY SHOW,NBC Affiliates,Since 2016,434139,tv,
NH,"GOOD MORNING, AMERICA",ABC Affiliates,Since 2016,432640,tv,
WI,GMA NSNA,ABC Affiliates,Since 2016,431361,tv,
CT,"GOOD MORNING, AMERICA",ABC Affiliates,Since 2016,428051,tv,
MN,LATE SHOW-STEPHEN COLBERT,CBS  Affiliates,Since 2016,427713,tv,
IN,TONIGHT SHOW,NBC Affiliates,Since 2016,425969,tv,
MO,MSNBC LIVE WKND EDITION,MSNBC,Since 2016,422883,tv,
MD,ABC WORLD NEWS TONIGHT,ABC Affiliates,Since 2016,412410,tv,
RI,TODAY SHOW,NBC Affiliates,Since 2016,410364,tv,
SC,CBS MORNING NEWS- 6:30AM,CBS  Affiliates,Since 2016,406570,tv,
AZ,MSNBC LIVE WKND EDITION,MSNBC,Since 2016,404836,tv,
IN,MSNBC LIVE WKND EDITION,MSNBC,Since 2016,404725,tv,
CO,MSNBC LIVE WKND EDITION,MSNBC,Since 2016,401440,tv,
NM,ABC WORLD NEWS TONIGHT,ABC Affiliates,Since 2016,400741,tv,
NV,TODAY SHOW,NBC Affiliates,Since 2016,395736,tv,
SC,TONIGHT SHOW,NBC Affiliates,Since 2016,394830,tv,
MS,"GOOD MORNING, AMERICA",ABC Affiliates,Since 2016,394558,tv,
MN,TONIGHT SHOW,NBC Affiliates,Since 2016,391999,tv,
SC,60 MINUTES,CBS  Affiliates,Since 2016,391850,tv,
MS,CBS THIS MORNING-2,CBS  Affiliates,Since 2016,390464,tv,
CO,"GOOD MORNING, AMERICA",ABC Affiliates,Since 2016,389389,tv,
NM,TODAY SHOW,NBC Affiliates,Since 2016,387130,tv,
WI,LATE SHOW-STEPHEN COLBERT,CBS  Affiliates,Since 2016,383236,tv,
AR,TODAY SHOW,NBC Affiliates,Since 2016,382742,tv,
IA,"GOOD MORNING, AMERICA",ABC Affiliates,Since 2016,380204,tv,
MD,CBS EVENING NEWS,CBS  Affiliates,Since 2016,379376,tv,
AZ,HANNITY,FOXNC,Since 2016,376400,tv,
IA,ABC WORLD NEWS TONIGHT,ABC Affiliates,Since 2016,375702,tv,
NV,CBS THIS MORNING-2,CBS  Affiliates,Since 2016,374953,tv,
AL,CNN NEWSROOM,CNN,Since 2016,374181,tv,
LA,"GOOD MORNING, AMERICA",ABC Affiliates,Since 2016,373447,tv,
KS,TODAY SHOW,NBC Affiliates,Since 2016,372966,tv,
WI,TONIGHT SHOW,NBC Affiliates,Since 2016,372641,tv,
CO,TONIGHT SHOW,NBC Affiliates,Since 2016,369915,tv,
AZ,CBS EVENING NEWS,CBS  Affiliates,Since 2016,367815,tv,
AL,OUTNUMBERED,FOXNC,Since 2016,365812,tv,
CT,60 MINUTES,CBS  Affiliates,Since 2016,365305,tv,
SC,MSNBC LIVE WKND EDITION,MSNBC,Since 2016,363934,tv,
CT,CBS EVENING NEWS,CBS  Affiliates,Since 2016,361827,tv,
MD,LATE SHOW-STEPHEN COLBERT,CBS  Affiliates,Since 2016,358368,tv,
NE,ABC WORLD NEWS TONIGHT,ABC Affiliates,Since 2016,357370,tv,
KS,NBC NIGHTLY NEWS,NBC Affiliates,Since 2016,354867,tv,
KS,CBS THIS MORNING-2,CBS  Affiliates,Since 2016,354572,tv,
CT,MSNBC LIVE WKND EDITION,MSNBC,Since 2016,353878,tv,
MS,ABC WORLD NEWS TONIGHT,ABC Affiliates,Since 2016,348104,tv,
NE,"GOOD MORNING, AMERICA",ABC Affiliates,Since 2016,346855,tv,
AL,AMERICAS NEWSROOM,FOXNC,Since 2016,346321,tv,
KS,ABC WORLD NEWS TONIGHT,ABC Affiliates,Since 2016,346127,tv,
KS,CBS EVENING NEWS,CBS  Affiliates,Since 2016,343588,tv,
AR,CBS EVENING NEWS,CBS  Affiliates,Since 2016,342009,tv,
NV,NBC NIGHTLY NEWS,NBC Affiliates,Since 2016,340462,tv,
NM,"GOOD MORNING, AMERICA",ABC Affiliates,Since 2016,334766,tv,
CO,CNN NEWSROOM,CNN,Since 2016,334067,tv,
WA,HANNITY,FOXNC,Since 2016,333433,tv,
IN,CNN NEWSROOM,CNN,Since 2016,329079,tv,
RI,NBC NIGHTLY NEWS,NBC Affiliates,Since 2016,328387,tv,
OK,CBS MORNING NEWS- 6:30AM,CBS  Affiliates,Since 2016,326240,tv,
LA,LATE SHOW-STEPHEN COLBERT,CBS  Affiliates,Since 2016,326201,tv,
MN,CNN NEWSROOM,CNN,Since 2016,324694,tv,
IA,TONIGHT SHOW,NBC Affiliates,Since 2016,324212,tv,
OR,"GOOD MORNING, AMERICA",ABC Affiliates,Since 2016,321394,tv,
KY,60 MINUTES,CBS  Affiliates,Since 2016,319119,tv,
LA,CBS MORNING NEWS- 6:30AM,CBS  Affiliates,Since 2016,319020,tv,
KS,60 MINUTES,CBS  Affiliates,Since 2016,315661,tv,
CT,CNN NEWSROOM,CNN,Since 2016,314651,tv,
KS,"GOOD MORNING, AMERICA",ABC Affiliates,Since 2016,313919,tv,
KY,TONIGHT SHOW,NBC Affiliates,Since 2016,312350,tv,
AR,NBC NIGHTLY NEWS,NBC Affiliates,Since 2016,310581,tv,
OK,LATE SHOW-STEPHEN COLBERT,CBS  Affiliates,Since 2016,310212,tv,
CO,CBS EVENING NEWS,CBS  Affiliates,Since 2016,308830,tv,
KY,HANNITY,FOXNC,Since 2016,308431,tv,
LA,MSNBC LIVE WKND EDITION,MSNBC,Since 2016,306411,tv,
NE,TODAY SHOW,NBC Affiliates,Since 2016,301340,tv,
LA,CNN NEWSROOM,CNN,Since 2016,299644,tv,
IA,CBS EVENING NEWS,CBS  Affiliates,Since 2016,298235,tv,
NV,"GOOD MORNING, AMERICA",ABC Affiliates,Since 2016,296867,tv,
NV,ABC WORLD NEWS TONIGHT,ABC Affiliates,Since 2016,294956,tv,
ME,CBS THIS MORNING-2,CBS  Affiliates,Since 2016,291530,tv,
OR,CBS THIS MORNING-2,CBS  Affiliates,Since 2016,289649,tv,
KY,MSNBC LIVE WKND EDITION,MSNBC,Since 2016,289152,tv,
OK,60 MINUTES,CBS  Affiliates,Since 2016,288460,tv,
AR,GMA NSNA,ABC Affiliates,Since 2016,284333,tv,
NV,CNN NEWSROOM,CNN,Since 2016,275522,tv,
NM,CBS THIS MORNING-2,CBS  Affiliates,Since 2016,272998,tv,
OR,CBS EVENING NEWS,CBS  Affiliates,Since 2016,270182,tv,
CT,LATE SHOW-STEPHEN COLBERT,CBS  Affiliates,Since 2016,269694,tv,
OK,HANNITY,FOXNC,Since 2016,269336,tv,
UT,NBC NIGHTLY NEWS,NBC Affiliates,Since 2016,265746,tv,
OR,CNN NEWSROOM,CNN,Since 2016,263031,tv,
OR,60 MINUTES,CBS  Affiliates,Since 2016,261158,tv,
OR,MSNBC LIVE WKND EDITION,MSNBC,Since 2016,260618,tv,
NV,MSNBC LIVE WKND EDITION,MSNBC,Since 2016,259940,tv,
NM,NBC NIGHTLY NEWS,NBC Affiliates,Since 2016,256313,tv,
NV,HANNITY,FOXNC,Since 2016,255938,tv,
IA,60 MINUTES,CBS  Affiliates,Since 2016,250449,tv,
NM,CBS EVENING NEWS,CBS  Affiliates,Since 2016,246467,tv,
MS,CBS EVENING NEWS,CBS  Affiliates,Since 2016,246273,tv,
NE,CBS THIS MORNING-2,CBS  Affiliates,Since 2016,246208,tv,
MT,CBS THIS MORNING-2,CBS  Affiliates,Since 2016,244487,tv,
UT,TODAY SHOW,NBC Affiliates,Since 2016,243232,tv,
VT,CBS THIS MORNING-2,CBS  Affiliates,Since 2016,239845,tv,
MS,TONIGHT SHOW,NBC Affiliates,Since 2016,237417,tv,
ID,TODAY SHOW,NBC Affiliates,Since 2016,228820,tv,
IA,LATE SHOW-STEPHEN COLBERT,CBS  Affiliates,Since 2016,228342,tv,
ME,CBS EVENING NEWS,CBS  Affiliates,Since 2016,227628,tv,
ID,NBC NIGHTLY NEWS,NBC Affiliates,Since 2016,226647,tv,
AR,60 MINUTES,CBS  Affiliates,Since 2016,220402,tv,
MS,MSNBC LIVE WKND EDITION,MSNBC,Since 2016,217160,tv,
NE,NBC NIGHTLY NEWS,NBC Affiliates,Since 2016,214933,tv,
OR,HANNITY,FOXNC,Since 2016,213755,tv,
RI,CBS THIS MORNING-2,CBS  Affiliates,Since 2016,212210,tv,
SD,CBS THIS MORNING-2,CBS  Affiliates,Since 2016,208151,tv,
NV,OUTNUMBERED,FOXNC,Since 2016,198683,tv,
NV,CBS EVENING NEWS,CBS  Affiliates,Since 2016,198598,tv,
KS,HANNITY,FOXNC,Since 2016,198490,tv,
UT,CBS THIS MORNING-2,CBS  Affiliates,Since 2016,198027,tv,
KS,LATE SHOW-STEPHEN COLBERT,CBS  Affiliates,Since 2016,197934,tv,
WV,ABC WORLD NEWS TONIGHT,ABC Affiliates,Since 2016,197071,tv,
ME,ABC WORLD NEWS TONIGHT,ABC Affiliates,Since 2016,193044,tv,
AR,HANNITY,FOXNC,Since 2016,191558,tv,
AR,LATE SHOW-STEPHEN COLBERT,CBS  Affiliates,Since 2016,188178,tv,
MS,HANNITY,FOXNC,Since 2016,184647,tv,
NM,GMA NSNA,ABC Affiliates,Since 2016,180910,tv,
NH,GMA NSNA,ABC Affiliates,Since 2016,180708,tv,
NM,60 MINUTES,CBS  Affiliates,Since 2016,176162,tv,
DE,ABC WORLD NEWS TONIGHT,ABC Affiliates,Since 2016,175717,tv,
IA,SETH MEYERS,NBC Affiliates,Since 2016,170740,tv,
NE,TONIGHT SHOW,NBC Affiliates,Since 2016,170309,tv,
KS,TONIGHT SHOW,NBC Affiliates,Since 2016,170285,tv,
MS,CBS MORNING NEWS- 6:30AM,CBS  Affiliates,Since 2016,169257,tv,
DE,CBS THIS MORNING-2,CBS  Affiliates,Since 2016,169065,tv,
WV,HANNITY,FOXNC,Since 2016,167192,tv,
UT,ABC WORLD NEWS TONIGHT,ABC Affiliates,Since 2016,166857,tv,
NM,CNN NEWSROOM,CNN,Since 2016,164472,tv,
ND,NBC NIGHTLY NEWS,NBC Affiliates,Since 2016,162903,tv,
ME,SATURDAY TODAY,NBC Affiliates,Since 2016,162712,tv,
UT,HANNITY,FOXNC,Since 2016,162243,tv,
ND,TODAY SHOW,NBC Affiliates,Since 2016,162107,tv,
UT,CBS EVENING NEWS,CBS  Affiliates,Since 2016,160918,tv,
NE,GMA NSNA,ABC Affiliates,Since 2016,159861,tv,
ME,60 MINUTES,CBS  Affiliates,Since 2016,159721,tv,
WV,CBS THIS MORNING-2,CBS  Affiliates,Since 2016,158532,tv,
NE,60 MINUTES,CBS  Affiliates,Since 2016,155746,tv,
NM,MSNBC LIVE WKND EDITION,MSNBC,Since 2016,154323,tv,
UT,60 MINUTES,CBS  Affiliates,Since 2016,150721,tv,
UT,TONIGHT SHOW,NBC Affiliates,Since 2016,149775,tv,
WV,"GOOD MORNING, AMERICA",ABC Affiliates,Since 2016,148427,tv,
NE,JIMMY KIMMEL LIVE!,ABC Affiliates,Since 2016,147499,tv,
RI,CBS EVENING NEWS,CBS  Affiliates,Since 2016,147156,tv,
WV,TONIGHT SHOW,NBC Affiliates,Since 2016,146573,tv,
NE,CBS EVENING NEWS,CBS  Affiliates,Since 2016,143087,tv,
UT,LATE SHOW-STEPHEN COLBERT,CBS  Affiliates,Since 2016,141498,tv,
ME,MSNBC LIVE WKND EDITION,MSNBC,Since 2016,141496,tv,
ME,"GOOD MORNING, AMERICA",ABC Affiliates,Since 2016,141288,tv,
MT,NBC NIGHTLY NEWS,NBC Affiliates,Since 2016,140796,tv,
DE,"GOOD MORNING, AMERICA",ABC Affiliates,Since 2016,136150,tv,
WV,FORENSIC FILES,HLN,Since 2016,134522,tv,
MT,TODAY SHOW,NBC Affiliates,Since 2016,134245,tv,
MT,CBS EVENING NEWS,CBS  Affiliates,Since 2016,134078,tv,
ID,CBS THIS MORNING-2,CBS  Affiliates,Since 2016,133308,tv,
WV,OUTNUMBERED,FOXNC,Since 2016,132910,tv,
VT,NBC NIGHTLY NEWS,NBC Affiliates,Since 2016,131503,tv,
DC,MSNBC LIVE WKND EDITION,MSNBC,Since 2016,131252,tv,
NH,60 MINUTES,CBS  Affiliates,Since 2016,131002,tv,
WV,FOX AND FRIENDS,FOXNC,Since 2016,130213,tv,
ID,ABC WORLD NEWS TONIGHT,ABC Affiliates,Since 2016,129400,tv,
RI,TODAY THIRD HOUR,NBC Affiliates,Since 2016,128050,tv,
ME,SUNDAY TODAY,NBC Affiliates,Since 2016,127404,tv,
HI,ABC WORLD NEWS TONIGHT,ABC Affiliates,Since 2016,126600,tv,
HI,CBS THIS MORNING-2,CBS  Affiliates,Since 2016,126303,tv,
HI,CBS EVENING NEWS,CBS  Affiliates,Since 2016,123034,tv,
RI,TONIGHT SHOW,NBC Affiliates,Since 2016,122439,tv,
VT,CBS EVENING NEWS,CBS  Affiliates,Since 2016,120480,tv,
RI,SATURDAY TODAY,NBC Affiliates,Since 2016,119835,tv,
ID,"GOOD MORNING, AMERICA",ABC Affiliates,Since 2016,117921,tv,
ID,HANNITY,FOXNC,Since 2016,116282,tv,
SD,ABC WORLD NEWS TONIGHT,ABC Affiliates,Since 2016,115293,tv,
UT,TUCKER CARLSON TONIGHT,FOXNC,Since 2016,115161,tv,
ID,CBS EVENING NEWS,CBS  Affiliates,Since 2016,113164,tv,
SD,CBS EVENING NEWS,CBS  Affiliates,Since 2016,112972,tv,
AK,NBC NIGHTLY NEWS,NBC Affiliates,Since 2016,110790,tv,
RI,MSNBC LIVE WKND EDITION,MSNBC,Since 2016,108098,tv,
NH,MSNBC LIVE WKND EDITION,MSNBC,Since 2016,107836,tv,
RI,60 MINUTES,CBS  Affiliates,Since 2016,107265,tv,
HI,CNN NEWSROOM,CNN,Since 2016,106301,tv,
MT,60 MINUTES,CBS  Affiliates,Since 2016,105191,tv,
DE,NBC NIGHTLY NEWS,NBC Affiliates,Since 2016,103100,tv,
NH,CNN NEWSROOM,CNN,Since 2016,102750,tv,
DC,TODAY SHOW,NBC Affiliates,Since 2016,97743,tv,
ND,CBS THIS MORNING-2,CBS  Affiliates,Since 2016,97140,tv,
NH,JIMMY KIMMEL LIVE!,ABC Affiliates,Since 2016,97086,tv,
ID,TONIGHT SHOW,NBC Affiliates,Since 2016,96310,tv,
AK,TODAY SHOW,NBC Affiliates,Since 2016,94967,tv,
HI,NBC NIGHTLY NEWS,NBC Affiliates,Since 2016,94859,tv,
DE,TODAY SHOW,NBC Affiliates,Since 2016,94646,tv,
HI,LATE SHOW-STEPHEN COLBERT,CBS  Affiliates,Since 2016,94087,tv,
VT,60 MINUTES,CBS  Affiliates,Since 2016,93948,tv,
RI,CNN NEWSROOM,CNN,Since 2016,93043,tv,
NH,NBC NIGHTLY NEWS,NBC Affiliates,Since 2016,87646,tv,
DC,NBC NIGHTLY NEWS,NBC Affiliates,Since 2016,87231,tv,
HI,TONIGHT SHOW,NBC Affiliates,Since 2016,86745,tv,
ID,TUCKER CARLSON TONIGHT,FOXNC,Since 2016,86202,tv,
MT,CBS MORNING NEWS- 6:30AM,CBS  Affiliates,Since 2016,83985,tv,
ID,60 MINUTES,CBS  Affiliates,Since 2016,83817,tv,
NH,HANNITY,FOXNC,Since 2016,83602,tv,
NH,CBS THIS MORNING-2,CBS  Affiliates,Since 2016,83569,tv,
DE,60 MINUTES,CBS  Affiliates,Since 2016,82566,tv,
HI,HANNITY,FOXNC,Since 2016,82206,tv,
ND,"GOOD MORNING, AMERICA",ABC Affiliates,Since 2016,80868,tv,
DE,CNN NEWSROOM,CNN,Since 2016,80006,tv,
HI,TODAY SHOW,NBC Affiliates,Since 2016,79650,tv,
HI,60 MINUTES,CBS  Affiliates,Since 2016,79572,tv,
MT,OUTNUMBERED,FOXNC,Since 2016,78783,tv,
VT,MSNBC LIVE WKND EDITION,MSNBC,Since 2016,78382,tv,
MT,"GOOD MORNING, AMERICA",ABC Affiliates,Since 2016,77999,tv,
VT,TODAY SHOW,NBC Affiliates,Since 2016,77899,tv,
DC,CNN NEWSROOM,CNN,Since 2016,77203,tv,
SD,TODAY SHOW,NBC Affiliates,Since 2016,76897,tv,
MT,SUNDAY MORNING,CBS  Affiliates,Since 2016,76226,tv,
ND,ABC WORLD NEWS TONIGHT,ABC Affiliates,Since 2016,76182,tv,
SD,CBS MORNING NEWS- 6:30AM,CBS  Affiliates,Since 2016,74773,tv,
MT,MSNBC LIVE WKND EDITION,MSNBC,Since 2016,73898,tv,
ND,TONIGHT SHOW,NBC Affiliates,Since 2016,71327,tv,
DE,MSNBC LIVE WKND EDITION,MSNBC,Since 2016,70885,tv,
SD,"GOOD MORNING, AMERICA",ABC Affiliates,Since 2016,70239,tv,
DC,CBS THIS MORNING-2,CBS  Affiliates,Since 2016,69602,tv,
VT,LATE SHOW-STEPHEN COLBERT,CBS  Affiliates,Since 2016,64502,tv,
DE,CBS EVENING NEWS,CBS  Affiliates,Since 2016,63553,tv,
DE,GMA NSNA,ABC Affiliates,Since 2016,63370,tv,
VT,ENTERTAINMENT TONIGHT WKD,CBS  Affiliates,Since 2016,61373,tv,
VT,CNN NEWSROOM,CNN,Since 2016,59871,tv,
SD,NBC NIGHTLY NEWS,NBC Affiliates,Since 2016,59465,tv,
SD,LATE SHOW-STEPHEN COLBERT,CBS  Affiliates,Since 2016,57600,tv,
SD,60 MINUTES,CBS  Affiliates,Since 2016,57502,tv,
DC,RACHEL MADDOW SHOW,MSNBC,Since 2016,56452,tv,
SD,HANNITY,FOXNC,Since 2016,55582,tv,
VT,FACE THE NATION,CBS  Affiliates,Since 2016,55375,tv,
ND,60 MINUTES,CBS  Affiliates,Since 2016,55346,tv,
DC,60 MINUTES,CBS  Affiliates,Since 2016,54794,tv,
DC,TONIGHT SHOW,NBC Affiliates,Since 2016,52385,tv,
WY,CBS EVENING NEWS,CBS  Affiliates,Since 2016,52084,tv,
DC,ABC WORLD NEWS TONIGHT,ABC Affiliates,Since 2016,51538,tv,
ND,HANNITY,FOXNC,Since 2016,49527,tv,
DC,ALL IN W/ CHRIS HAYES,MSNBC,Since 2016,49339,tv,
WY,ABC WORLD NEWS TONIGHT,ABC Affiliates,Since 2016,49013,tv,
ND,CBS EVENING NEWS,CBS  Affiliates,Since 2016,46043,tv,
WY,TODAY SHOW,NBC Affiliates,Since 2016,44613,tv,
ND,48 HOURS,CBS  Affiliates,Since 2016,43127,tv,
AK,TONIGHT SHOW,NBC Affiliates,Since 2016,43047,tv,
WY,"GOOD MORNING, AMERICA",ABC Affiliates,Since 2016,41057,tv,
WY,NBC NIGHTLY NEWS,NBC Affiliates,Since 2016,39908,tv,
WY,CBS THIS MORNING-2,CBS  Affiliates,Since 2016,39383,tv,
WY,FORENSIC FILES,HLN,Since 2016,39134,tv,
WY,48 HOURS,CBS  Affiliates,Since 2016,30633,tv,
AK,60 MINUTES,CBS  Affiliates,Since 2016,29578,tv,
WY,CNN NEWSROOM,CNN,Since 2016,27255,tv,
WY,HANNITY,FOXNC,Since 2016,27076,tv,
AK,HANNITY,FOXNC,Since 2016,26730,tv,
AK,SETH MEYERS,NBC Affiliates,Since 2016,22651,tv,
AK,CBS EVENING NEWS,CBS  Affiliates,Since 2016,21256,tv,
AK,48 HOURS,CBS  Affiliates,Since 2016,20783,tv,
AK,CBS THIS MORNING-2,CBS  Affiliates,Since 2016,20708,tv,
AK,EARLY TODAY-B,NBC Affiliates,Since 2016,20145,tv,
CA,,,Last 3 months,5754165,web,yahoo.com
TX,,,Last 3 months,3936924,web,yahoo.com
CA,,,Last 3 months,3292132,web,reddit.com
FL,,,Last 3 months,3017636,web,yahoo.com
NY,,,Last 3 months,2139328,web,yahoo.com
TX,,,Last 3 months,1888436,web,reddit.com
OH,,,Last 3 months,1829814,web,yahoo.com
IL,,,Last 3 months,1583317,web,yahoo.com
NY,,,Last 3 months,1504927,web,reddit.com
GA,,,Last 3 months,1474611,web,yahoo.com
PA,,,Last 3 months,1395382,web,yahoo.com
NC,,,Last 3 months,1347296,web,yahoo.com
FL,,,Last 3 months,1316419,web,reddit.com
MI,,,Last 3 months,1243945,web,yahoo.com
NJ,,,Last 3 months,1209542,web,yahoo.com
VA,,,Last 3 months,1068994,web,yahoo.com
CA,,,Last 3 months,1031443,web,nytimes.com
WA,,,Last 3 months,963784,web,yahoo.com
AZ,,,Last 3 months,937352,web,yahoo.com
OH,,,Last 3 months,885856,web,reddit.com
NJ,,,Last 3 months,847005,web,reddit.com
CA,,,Last 3 months,846441,web,aol.com
IL,,,Last 3 months,842331,web,reddit.com
PA,,,Last 3 months,826590,web,reddit.com
WI,,,Last 3 months,817971,web,yahoo.com
CO,,,Last 3 months,800839,web,yahoo.com
MA,,,Last 3 months,795193,web,yahoo.com
TN,,,Last 3 months,795139,web,yahoo.com
MD,,,Last 3 months,788936,web,yahoo.com
WA,,,Last 3 months,759802,web,reddit.com
VA,,,Last 3 months,758795,web,reddit.com
NY,,,Last 3 months,753955,web,aol.com
MO,,,Last 3 months,745853,web,yahoo.com
GA,,,Last 3 months,720914,web,reddit.com
IN,,,Last 3 months,681379,web,yahoo.com
FL,,,Last 3 months,668932,web,aol.com
MI,,,Last 3 months,661752,web,reddit.com
CA,,,Last 3 months,633062,web,cnn.com
SC,,,Last 3 months,616044,web,yahoo.com
CO,,,Last 3 months,591871,web,reddit.com
NY,,,Last 3 months,587135,web,nytimes.com
NC,,,Last 3 months,579731,web,reddit.com
TX,,,Last 3 months,577646,web,aol.com
MN,,,Last 3 months,571178,web,yahoo.com
MA,,,Last 3 months,570181,web,reddit.com
PA,,,Last 3 months,561042,web,aol.com
AL,,,Last 3 months,554000,web,yahoo.com
AZ,,,Last 3 months,524935,web,reddit.com
MN,,,Last 3 months,499688,web,reddit.com
LA,,,Last 3 months,481845,web,yahoo.com
MD,,,Last 3 months,472659,web,reddit.com
NV,,,Last 3 months,455921,web,yahoo.com
OK,,,Last 3 months,425540,web,yahoo.com
KY,,,Last 3 months,413493,web,yahoo.com
OR,,,Last 3 months,401698,web,yahoo.com
TN,,,Last 3 months,400102,web,reddit.com
NJ,,,Last 3 months,397001,web,aol.com
KS,,,Last 3 months,396982,web,yahoo.com
FL,,,Last 3 months,388853,web,cnn.com
NY,,,Last 3 months,388111,web,cnn.com
CT,,,Last 3 months,384728,web,yahoo.com
MO,,,Last 3 months,371375,web,reddit.com
CA,,,Last 3 months,369291,web,usatoday.com
CA,,,Last 3 months,365446,web,bbc.com
TX,,,Last 3 months,355073,web,nytimes.com
WI,,,Last 3 months,350466,web,reddit.com
NC,,,Last 3 months,337976,web,aol.com
CA,,,Last 3 months,332912,web,nbcnews.com
AR,,,Last 3 months,332608,web,yahoo.com
NH,,,Last 3 months,330272,web,yahoo.com
IN,,,Last 3 months,329618,web,reddit.com
NY,,,Last 3 months,328148,web,nypost.com
VA,,,Last 3 months,326338,web,aol.com
CA,,,Last 3 months,317641,web,foxnews.com
NJ,,,Last 3 months,312064,web,nytimes.com
CA,,,Last 3 months,302691,web,forbes.com
OR,,,Last 3 months,296386,web,reddit.com
FL,,,Last 3 months,296215,web,nytimes.com
PA,,,Last 3 months,278196,web,nytimes.com
TX,,,Last 3 months,277106,web,usatoday.com
MS,,,Last 3 months,274653,web,yahoo.com
WV,,,Last 3 months,274264,web,yahoo.com
TX,,,Last 3 months,271284,web,cnn.com
NV,,,Last 3 months,270873,web,reddit.com
AL,,,Last 3 months,270357,web,reddit.com
OH,,,Last 3 months,270255,web,aol.com
KY,,,Last 3 months,265444,web,reddit.com
NJ,,,Last 3 months,264947,web,cnn.com
IL,,,Last 3 months,264391,web,aol.com
VA,,,Last 3 months,263855,web,cnn.com
TX,,,Last 3 months,253117,web,foxnews.com
NE,,,Last 3 months,244916,web,yahoo.com
IA,,,Last 3 months,241721,web,yahoo.com
NM,,,Last 3 months,228543,web,yahoo.com
SC,,,Last 3 months,228404,web,reddit.com
MA,,,Last 3 months,219715,web,aol.com
MD,,,Last 3 months,219296,web,aol.com
WA,,,Last 3 months,217441,web,nytimes.com
FL,,,Last 3 months,214898,web,foxnews.com
NY,,,Last 3 months,212831,web,nbcnews.com
CT,,,Last 3 months,212401,web,reddit.com
OH,,,Last 3 months,210660,web,nytimes.com
AR,,,Last 3 months,210504,web,reddit.com
TX,,,Last 3 months,208412,web,state.gov
NY,,,Last 3 months,203445,web,foxnews.com
PA,,,Last 3 months,201077,web,cnn.com
LA,,,Last 3 months,199301,web,reddit.com
IA,,,Last 3 months,194955,web,reddit.com
ME,,,Last 3 months,194671,web,yahoo.com
OK,,,Last 3 months,190852,web,reddit.com
IL,,,Last 3 months,189266,web,cnn.com
DE,,,Last 3 months,189126,web,yahoo.com
FL,,,Last 3 months,188577,web,usatoday.com
TX,,,Last 3 months,188548,web,nbcnews.com
NC,,,Last 3 months,185650,web,nytimes.com
FL,,,Last 3 months,182187,web,nbcnews.com
CO,,,Last 3 months,181989,web,aol.com
MA,,,Last 3 months,180894,web,nytimes.com
VA,,,Last 3 months,177442,web,nytimes.com
ID,,,Last 3 months,176671,web,yahoo.com
FL,,,Last 3 months,172480,web,state.gov
OH,,,Last 3 months,171867,web,cnn.com
CO,,,Last 3 months,171328,web,nytimes.com
FL,,,Last 3 months,169861,web,cbsnews.com
NH,,,Last 3 months,168605,web,reddit.com
MI,,,Last 3 months,168204,web,nytimes.com
KS,,,Last 3 months,167755,web,reddit.com
NY,,,Last 3 months,167359,web,forbes.com
AZ,,,Last 3 months,167087,web,cnn.com
MI,,,Last 3 months,165654,web,cnn.com
WA,,,Last 3 months,165270,web,cnn.com
MA,,,Last 3 months,163776,web,cnn.com
NY,,,Last 3 months,163631,web,usatoday.com
WA,,,Last 3 months,163012,web,seattletimes.com
TX,,,Last 3 months,162578,web,apnews.com
NJ,,,Last 3 months,162217,web,nj.com
OH,,,Last 3 months,157647,web,foxnews.com
IL,,,Last 3 months,154857,web,nytimes.com
PA,,,Last 3 months,150957,web,nbcnews.com
TN,,,Last 3 months,148878,web,aol.com
MI,,,Last 3 months,145274,web,aol.com
MN,,,Last 3 months,144566,web,nytimes.com
NE,,,Last 3 months,141853,web,reddit.com
WI,,,Last 3 months,140775,web,nytimes.com
PA,,,Last 3 months,140720,web,foxnews.com
KY,,,Last 3 months,139677,web,aol.com
CT,,,Last 3 months,138358,web,aol.com
NC,,,Last 3 months,137886,web,cnn.com
MI,,,Last 3 months,135654,web,foxnews.com
KY,,,Last 3 months,134728,web,cnn.com
NJ,,,Last 3 months,133752,web,nypost.com
OH,,,Last 3 months,133482,web,usatoday.com
OH,,,Last 3 months,130074,web,cleveland.com
UT,,,Last 3 months,129272,web,yahoo.com
CO,,,Last 3 months,128864,web,cnn.com
MI,,,Last 3 months,125640,web,mlive.com
CO,,,Last 3 months,124476,web,denverpost.com
MN,,,Last 3 months,122980,web,aol.com
OR,,,Last 3 months,122504,web,cnn.com
NJ,,,Last 3 months,119227,web,patch.com
WI,,,Last 3 months,118002,web,jsonline.com
GA,,,Last 3 months,117158,web,cnn.com
MS,,,Last 3 months,115305,web,reddit.com
PA,,,Last 3 months,114630,web,cbsnews.com
HI,,,Last 3 months,114518,web,yahoo.com
MD,,,Last 3 months,111806,web,nytimes.com
MN,,,Last 3 months,111503,web,startribune.com
VA,,,Last 3 months,110060,web,apnews.com
ID,,,Last 3 months,109042,web,reddit.com
GA,,,Last 3 months,108006,web,nytimes.com
SC,,,Last 3 months,105811,web,aol.com
MI,,,Last 3 months,105744,web,nbcnews.com
VA,,,Last 3 months,105670,web,washingtonpost.com
IL,,,Last 3 months,104678,web,foxnews.com
PA,,,Last 3 months,104113,web,usatoday.com
IL,,,Last 3 months,103967,web,nbcnews.com
OH,,,Last 3 months,103656,web,nbcnews.com
NC,,,Last 3 months,102878,web,usatoday.com
AZ,,,Last 3 months,101577,web,azcentral.com
TN,,,Last 3 months,101541,web,nytimes.com
MD,,,Last 3 months,101091,web,cnn.com
SD,,,Last 3 months,100876,web,yahoo.com
MI,,,Last 3 months,100821,web,freep.com
MI,,,Last 3 months,100565,web,apnews.com
GA,,,Last 3 months,99949,web,usatoday.com
CT,,,Last 3 months,99593,web,nytimes.com
MA,,,Last 3 months,99292,web,cbsnews.com
CO,,,Last 3 months,98840,web,foxnews.com
CO,,,Last 3 months,98073,web,usatoday.com
IL,,,Last 3 months,97585,web,state.gov
IL,,,Last 3 months,96921,web,wgntv.com
IN,,,Last 3 months,96405,web,nytimes.com
AZ,,,Last 3 months,96041,web,aol.com
AZ,,,Last 3 months,95803,web,foxnews.com
WI,,,Last 3 months,95718,web,cnn.com
NJ,,,Last 3 months,95669,web,apnews.com
KY,,,Last 3 months,95517,web,nytimes.com
WA,,,Last 3 months,94526,web,usatoday.com
SC,,,Last 3 months,94265,web,nytimes.com
WY,,,Last 3 months,94202,web,yahoo.com
NH,,,Last 3 months,93495,web,wmur.com
UT,,,Last 3 months,93263,web,ksl.com
MN,,,Last 3 months,92742,web,cbsnews.com
GA,,,Last 3 months,92096,web,ajc.com
PA,,,Last 3 months,91378,web,inquirer.com
NC,,,Last 3 months,90524,web,foxnews.com
OH,,,Last 3 months,90379,web,fox8.com
MN,,,Last 3 months,89286,web,mayoclinic.org
NJ,,,Last 3 months,89237,web,usatoday.com
GA,,,Last 3 months,89072,web,aol.com
GA,,,Last 3 months,88402,web,foxnews.com
MA,,,Last 3 months,87737,web,bostonglobe.com
VA,,,Last 3 months,86772,web,forbes.com
ME,,,Last 3 months,86443,web,reddit.com
IL,,,Last 3 months,85504,web,nypost.com
NC,,,Last 3 months,84773,web,apnews.com
VA,,,Last 3 months,83942,web,usatoday.com
MO,,,Last 3 months,83544,web,aol.com
IN,,,Last 3 months,83305,web,cnn.com
MO,,,Last 3 months,82599,web,cnn.com
VA,,,Last 3 months,82409,web,bbc.com
CO,,,Last 3 months,82158,web,nbcnews.com
MN,,,Last 3 months,81871,web,cnn.com
CO,,,Last 3 months,81048,web,cbsnews.com
MT,,,Last 3 months,80961,web,yahoo.com
MA,,,Last 3 months,79931,web,bbc.com
AZ,,,Last 3 months,79785,web,nbcnews.com
MA,,,Last 3 months,79110,web,usatoday.com
NC,,,Last 3 months,78459,web,nypost.com
MO,,,Last 3 months,78394,web,nytimes.com
UT,,,Last 3 months,77206,web,reddit.com
NC,,,Last 3 months,76351,web,forbes.com
WA,,,Last 3 months,76300,web,forbes.com
NV,,,Last 3 months,75814,web,nytimes.com
MO,,,Last 3 months,75228,web,foxnews.com
IN,,,Last 3 months,74497,web,indystar.com
OK,,,Last 3 months,74114,web,aol.com
MA,,,Last 3 months,73621,web,wcvb.com
WA,,,Last 3 months,72759,web,foxnews.com
AZ,,,Last 3 months,72693,web,nytimes.com
NV,,,Last 3 months,72392,web,aol.com
WA,,,Last 3 months,72333,web,newsweek.com
DE,,,Last 3 months,71871,web,reddit.com
MN,,,Last 3 months,71564,web,foxnews.com
WA,,,Last 3 months,71148,web,nbcnews.com
IN,,,Last 3 months,70719,web,aol.com
WI,,,Last 3 months,70589,web,newsweek.com
AK,,,Last 3 months,70062,web,yahoo.com
OR,,,Last 3 months,69376,web,nytimes.com
RI,,,Last 3 months,69340,web,reddit.com
GA,,,Last 3 months,69162,web,forbes.com
GA,,,Last 3 months,68998,web,wsbtv.com
RI,,,Last 3 months,68984,web,yahoo.com
NM,,,Last 3 months,68412,web,reddit.com
AL,,,Last 3 months,67768,web,aol.com
CT,,,Last 3 months,67496,web,usatoday.com
MO,,,Last 3 months,66852,web,forbes.com
KY,,,Last 3 months,65243,web,usatoday.com
WV,,,Last 3 months,64884,web,aol.com
AZ,,,Last 3 months,64564,web,usatoday.com
KY,,,Last 3 months,64562,web,bbc.com
WI,,,Last 3 months,64476,web,aol.com
MD,,,Last 3 months,63415,web,usatoday.com
TN,,,Last 3 months,62532,web,cnn.com
CT,,,Last 3 months,62430,web,patch.com
KY,,,Last 3 months,61961,web,foxnews.com
HI,,,Last 3 months,61857,web,reddit.com
IA,,,Last 3 months,61290,web,aol.com
AZ,,,Last 3 months,60601,web,apnews.com
NV,,,Last 3 months,60271,web,cnn.com
WV,,,Last 3 months,60209,web,reddit.com
WI,,,Last 3 months,59464,web,usatoday.com
OR,,,Last 3 months,59189,web,oregonlive.com
WY,,,Last 3 months,59130,web,reddit.com
MD,,,Last 3 months,58446,web,forbes.com
MO,,,Last 3 months,57196,web,usatoday.com
OR,,,Last 3 months,55874,web,aol.com
IN,,,Last 3 months,55770,web,washingtonpost.com
NH,,,Last 3 months,55664,web,nytimes.com
KS,,,Last 3 months,54505,web,cnn.com
IN,,,Last 3 months,53852,web,usatoday.com
MN,,,Last 3 months,53694,web,usatoday.com
SC,,,Last 3 months,53398,web,forbes.com
KY,,,Last 3 months,53068,web,wdrb.com
SC,,,Last 3 months,52404,web,postandcourier.com
AL,,,Last 3 months,52390,web,nytimes.com
DC,,,Last 3 months,52010,web,reddit.com
ND,,,Last 3 months,51594,web,yahoo.com
IA,,,Last 3 months,51339,web,cnn.com
LA,,,Last 3 months,51115,web,aol.com
NV,,,Last 3 months,50959,web,foxnews.com
MD,,,Last 3 months,50873,web,wbaltv.com
MD,,,Last 3 months,50755,web,washingtonpost.com
KS,,,Last 3 months,50689,web,kansascity.com
WI,,,Last 3 months,50410,web,nbcnews.com
NM,,,Last 3 months,50217,web,aol.com
IN,,,Last 3 months,49598,web,cbsnews.com
WI,,,Last 3 months,49168,web,fox6now.com
TN,,,Last 3 months,49128,web,usatoday.com
MT,,,Last 3 months,49043,web,reddit.com
MD,,,Last 3 months,48519,web,bbc.com
TN,,,Last 3 months,47299,web,foxnews.com
MO,,,Last 3 months,47239,web,nbcnews.com
CT,,,Last 3 months,46962,web,wfsb.com
SD,,,Last 3 months,46537,web,reddit.com
KY,,,Last 3 months,46326,web,forbes.com
MO,,,Last 3 months,46189,web,apnews.com
SC,,,Last 3 months,44797,web,cnn.com
AL,,,Last 3 months,44556,web,cnn.com
NH,,,Last 3 months,44396,web,unionleader.com
AL,,,Last 3 months,44344,web,al.com
SC,,,Last 3 months,44050,web,foxnews.com
ME,,,Last 3 months,43194,web,centralmaine.com
LA,,,Last 3 months,42600,web,usatoday.com
CT,,,Last 3 months,42456,web,ctpost.com
LA,,,Last 3 months,42163,web,nytimes.com
OR,,,Last 3 months,42124,web,usatoday.com
LA,,,Last 3 months,41898,web,cnn.com
TN,,,Last 3 months,41194,web,nbcnews.com
IN,,,Last 3 months,41077,web,foxnews.com
AR,,,Last 3 months,40765,web,cnn.com
ND,,,Last 3 months,40723,web,reddit.com
NH,,,Last 3 months,40367,web,nbcnews.com
NH,,,Last 3 months,40332,web,cnn.com
TN,,,Last 3 months,39477,web,washingtonpost.com
UT,,,Last 3 months,39279,web,nytimes.com
NV,,,Last 3 months,39229,web,nbcnews.com
HI,,,Last 3 months,39144,web,cnn.com
TN,,,Last 3 months,38960,web,newsweek.com
IA,,,Last 3 months,38315,web,nytimes.com
NE,,,Last 3 months,38275,web,nytimes.com
AL,,,Last 3 months,37063,web,foxnews.com
OK,,,Last 3 months,36661,web,nytimes.com
NM,,,Last 3 months,36541,web,nytimes.com
AR,,,Last 3 months,36459,web,aol.com
OR,,,Last 3 months,36209,web,koin.com
NV,,,Last 3 months,35689,web,reviewjournal.com
CT,,,Last 3 months,35421,web,apnews.com
ME,,,Last 3 months,35418,web,wmtw.com
CT,,,Last 3 months,35416,web,forbes.com
OK,,,Last 3 months,35408,web,cnn.com
NM,,,Last 3 months,35354,web,koat.com
OR,,,Last 3 months,35284,web,nbcnews.com
NH,,,Last 3 months,35056,web,dailykos.com
SC,,,Last 3 months,35036,web,usatoday.com
IA,,,Last 3 months,34542,web,npr.org
LA,,,Last 3 months,34405,web,nola.com
AL,,,Last 3 months,34217,web,usatoday.com
WV,,,Last 3 months,34127,web,usatoday.com
VT,,,Last 3 months,33447,web,yahoo.com
AK,,,Last 3 months,33147,web,adn.com
NH,,,Last 3 months,33114,web,dailymail.co.uk
ND,,,Last 3 months,33031,web,inforum.com
HI,,,Last 3 months,32878,web,nytimes.com
ID,,,Last 3 months,32671,web,foxnews.com
NM,,,Last 3 months,32542,web,krqe.com
ME,,,Last 3 months,32270,web,foxnews.com
ME,,,Last 3 months,32231,web,bangordailynews.com
NE,,,Last 3 months,32136,web,aol.com
ME,,,Last 3 months,32128,web,aol.com
OR,,,Last 3 months,31884,web,bbc.com
NE,,,Last 3 months,31836,web,ketv.com
NV,,,Last 3 months,31270,web,dailymail.co.uk
DE,,,Last 3 months,30574,web,aol.com
IA,,,Last 3 months,30379,web,nbcnews.com
MS,,,Last 3 months,29985,web,aol.com
IA,,,Last 3 months,29634,web,kcrg.com
UT,,,Last 3 months,29492,web,cnn.com
NH,,,Last 3 months,29345,web,aol.com
NM,,,Last 3 months,29054,web,abqjournal.com
SC,,,Last 3 months,28987,web,npr.org
HI,,,Last 3 months,28616,web,khon2.com
NM,,,Last 3 months,28611,web,foxnews.com
NM,,,Last 3 months,28306,web,cnn.com
KS,,,Last 3 months,27606,web,foxnews.com
NV,,,Last 3 months,27570,web,thehill.com
NM,,,Last 3 months,27166,web,usatoday.com
VT,,,Last 3 months,26865,web,reddit.com
ID,,,Last 3 months,26726,web,bbc.com
AL,,,Last 3 months,26720,web,wkrg.com
AL,,,Last 3 months,26544,web,newsweek.com
MT,,,Last 3 months,25608,web,foxnews.com
AR,,,Last 3 months,25585,web,arkansasonline.com
IA,,,Last 3 months,25503,web,newsweek.com
KS,,,Last 3 months,25329,web,wibw.com
OK,,,Last 3 months,25246,web,koco.com
KS,,,Last 3 months,25063,web,nytimes.com
ME,,,Last 3 months,24842,web,cnn.com
ME,,,Last 3 months,24726,web,usatoday.com
ME,,,Last 3 months,24648,web,wgme.com
IA,,,Last 3 months,24385,web,huffpost.com
AR,,,Last 3 months,24153,web,nwaonline.com
OK,,,Last 3 months,24082,web,news9.com
NE,,,Last 3 months,24081,web,pbs.org
HI,,,Last 3 months,23937,web,staradvertiser.com
KS,,,Last 3 months,23904,web,nbcnews.com
OK,,,Last 3 months,23632,web,apnews.com
OK,,,Last 3 months,23426,web,usatoday.com
LA,,,Last 3 months,23409,web,foxnews.com
NE,,,Last 3 months,23381,web,npr.org
MS,,,Last 3 months,22992,web,forbes.com
LA,,,Last 3 months,22577,web,cbsnews.com
OK,,,Last 3 months,22252,web,foxnews.com
LA,,,Last 3 months,21360,web,newsweek.com
NE,,,Last 3 months,21214,web,nbc4i.com
NE,,,Last 3 months,21214,web,nasdaq.com
NE,,,Last 3 months,21214,web,democracynow.org
AK,,,Last 3 months,21214,web,reddit.com
AR,,,Last 3 months,20795,web,usatoday.com
UT,,,Last 3 months,20738,web,fox13now.com
WY,,,Last 3 months,20732,web,cnn.com
AR,,,Last 3 months,20731,web,forbes.com
WY,,,Last 3 months,20648,web,nbcnews.com
KS,,,Last 3 months,20642,web,aol.com
DE,,,Last 3 months,20512,web,cnn.com
AK,,,Last 3 months,20426,web,nytimes.com
WY,,,Last 3 months,20208,web,dailymail.co.uk
DC,,,Last 3 months,20072,web,yahoo.com
MS,,,Last 3 months,19792,web,foxnews.com
KS,,,Last 3 months,19712,web,forbes.com
AR,,,Last 3 months,19505,web,nytimes.com
ID,,,Last 3 months,19503,web,usatoday.com
RI,,,Last 3 months,19474,web,nytimes.com
DE,,,Last 3 months,19377,web,delawareonline.com
AR,,,Last 3 months,19234,web,foxnews.com
MT,,,Last 3 months,18990,web,nytimes.com
DE,,,Last 3 months,18887,web,nytimes.com
DE,,,Last 3 months,18803,web,6abc.com
DC,,,Last 3 months,18733,web,wsj.com
DE,,,Last 3 months,18284,web,nypost.com
HI,,,Last 3 months,18065,web,kitv.com
ID,,,Last 3 months,17740,web,dailymail.co.uk
DC,,,Last 3 months,17676,web,washingtonpost.com
MS,,,Last 3 months,17664,web,mysanantonio.com
WV,,,Last 3 months,17468,web,apnews.com
MT,,,Last 3 months,17380,web,aol.com
ID,,,Last 3 months,17363,web,idahostatesman.com
UT,,,Last 3 months,17276,web,foxnews.com
WV,,,Last 3 months,17253,web,forbes.com
DE,,,Last 3 months,17073,web,foxnews.com
WV,,,Last 3 months,16915,web,wchstv.com
HI,,,Last 3 months,16883,web,dailymail.co.uk
WV,,,Last 3 months,16705,web,bbc.com
DE,,,Last 3 months,16573,web,forbes.com
WY,,,Last 3 months,15938,web,washingtonpost.com
ID,,,Last 3 months,15923,web,ktvb.com
WV,,,Last 3 months,15853,web,foxnews.com
ID,,,Last 3 months,15841,web,forbes.com
ID,,,Last 3 months,15804,web,nbc.com
WY,,,Last 3 months,15551,web,trib.com
UT,,,Last 3 months,15478,web,sltrib.com
RI,,,Last 3 months,15365,web,turnto10.com
HI,,,Last 3 months,15345,web,hawaiinewsnow.com
MS,,,Last 3 months,14848,web,nypost.com
VT,,,Last 3 months,14593,web,nytimes.com
RI,,,Last 3 months,14548,web,wpri.com
WY,,,Last 3 months,14526,web,nypost.com
MT,,,Last 3 months,14403,web,krtv.com
SD,,,Last 3 months,13996,web,usatoday.com
WY,,,Last 3 months,13724,web,rawstory.com
WV,,,Last 3 months,13677,web,npr.org
MT,,,Last 3 months,13622,web,forbes.com
HI,,,Last 3 months,13029,web,nasdaq.com
MS,,,Last 3 months,12895,web,cnn.com
WY,,,Last 3 months,12811,web,usnews.com
SD,,,Last 3 months,12513,web,newsweek.com
ND,,,Last 3 months,12498,web,aol.com
MS,,,Last 3 months,12474,web,americanprogress.org
SD,,,Last 3 months,12425,web,nytimes.com
UT,,,Last 3 months,12242,web,usatoday.com
MS,,,Last 3 months,12093,web,nbcnews.com
UT,,,Last 3 months,12090,web,apnews.com
DC,,,Last 3 months,11996,web,nytimes.com
AK,,,Last 3 months,11163,web,dailyrecord.co.uk
ND,,,Last 3 months,11068,web,valleynewslive.com
SD,,,Last 3 months,10416,web,usnews.com
RI,,,Last 3 months,10406,web,aol.com
ND,,,Last 3 months,10214,web,shareably.net
RI,,,Last 3 months,10176,web,dailymail.co.uk
MT,,,Last 3 months,9985,web,cnn.com
VT,,,Last 3 months,9862,web,cnn.com
SD,,,Last 3 months,9792,web,keloland.com
ND,,,Last 3 months,9754,web,nytimes.com
MT,,,Last 3 months,9667,web,usatoday.com
AK,,,Last 3 months,9659,web,forbes.com
MT,,,Last 3 months,9411,web,greatfallstribune.com
RI,,,Last 3 months,9298,web,providencejournal.com
DC,,,Last 3 months,9059,web,politico.com
DC,,,Last 3 months,8779,web,nypost.com
DC,,,Last 3 months,8442,web,aol.com
SD,,,Last 3 months,8437,web,argusleader.com
DC,,,Last 3 months,8245,web,nbcwashington.com
AK,,,Last 3 months,8208,web,cbsnews.com
VT,,,Last 3 months,8036,web,burlingtonfreepress.com
ND,,,Last 3 months,8001,web,cnn.com
SD,,,Last 3 months,7790,web,nbcnews.com
AK,,,Last 3 months,7626,web,bbc.com
VT,,,Last 3 months,7545,web,wcax.com
VT,,,Last 3 months,7371,web,usatoday.com
VT,,,Last 3 months,7315,web,npr.org
SD,,,Last 3 months,7215,web,cnn.com
VT,,,Last 3 months,7128,web,nymag.com
VT,,,Last 3 months,7124,web,nbcnews.com
ND,,,Last 3 months,7088,web,delish.com
DC,,,Last 3 months,6982,web,cbsnews.com
ND,,,Last 3 months,6695,web,12up.com
RI,,,Last 3 months,6536,web,patch.com
AK,,,Last 3 months,6316,web,jsonline.com
AK,,,Last 3 months,6162,web,state.gov
RI,,,Last 3 months,4797,web,usatoday.com
CA,,,Last 6 months,5598879,web,yahoo.com
TX,,,Last 6 months,3943512,web,yahoo.com
CA,,,Last 6 months,3193015,web,reddit.com
FL,,,Last 6 months,3015866,web,yahoo.com
NY,,,Last 6 months,2206824,web,yahoo.com
TX,,,Last 6 months,1817762,web,reddit.com
OH,,,Last 6 months,1720614,web,yahoo.com
IL,,,Last 6 months,1582530,web,yahoo.com
GA,,,Last 6 months,1457187,web,yahoo.com
PA,,,Last 6 months,1385157,web,yahoo.com
NY,,,Last 6 months,1379796,web,reddit.com
NC,,,Last 6 months,1341907,web,yahoo.com
FL,,,Last 6 months,1280719,web,reddit.com
MI,,,Last 6 months,1259196,web,yahoo.com
NJ,,,Last 6 months,1198766,web,yahoo.com
VA,,,Last 6 months,1047999,web,yahoo.com
CA,,,Last 6 months,964741,web,nytimes.com
WA,,,Last 6 months,925980,web,yahoo.com
AZ,,,Last 6 months,910894,web,yahoo.com
CA,,,Last 6 months,886564,web,aol.com
OH,,,Last 6 months,863250,web,reddit.com
PA,,,Last 6 months,846653,web,reddit.com
NY,,,Last 6 months,813058,web,aol.com
IL,,,Last 6 months,808444,web,reddit.com
MA,,,Last 6 months,807022,web,yahoo.com
WI,,,Last 6 months,796080,web,yahoo.com
NJ,,,Last 6 months,791764,web,reddit.com
TN,,,Last 6 months,776430,web,yahoo.com
CO,,,Last 6 months,772897,web,yahoo.com
MD,,,Last 6 months,772525,web,yahoo.com
WA,,,Last 6 months,754919,web,reddit.com
MO,,,Last 6 months,752682,web,yahoo.com
VA,,,Last 6 months,729327,web,reddit.com
IN,,,Last 6 months,712542,web,yahoo.com
CA,,,Last 6 months,707164,web,cnn.com
GA,,,Last 6 months,698433,web,reddit.com
FL,,,Last 6 months,661402,web,aol.com
MI,,,Last 6 months,628428,web,reddit.com
SC,,,Last 6 months,620743,web,yahoo.com
NC,,,Last 6 months,611317,web,reddit.com
MN,,,Last 6 months,571648,web,yahoo.com
NY,,,Last 6 months,560074,web,nytimes.com
AL,,,Last 6 months,558155,web,yahoo.com
CO,,,Last 6 months,550546,web,reddit.com
PA,,,Last 6 months,549983,web,aol.com
TX,,,Last 6 months,542137,web,aol.com
MA,,,Last 6 months,538200,web,reddit.com
AZ,,,Last 6 months,506257,web,reddit.com
NV,,,Last 6 months,480914,web,yahoo.com
OK,,,Last 6 months,477094,web,yahoo.com
LA,,,Last 6 months,446515,web,yahoo.com
MN,,,Last 6 months,436275,web,reddit.com
MD,,,Last 6 months,429619,web,reddit.com
KY,,,Last 6 months,420376,web,yahoo.com
NJ,,,Last 6 months,416388,web,aol.com
MO,,,Last 6 months,391788,web,reddit.com
FL,,,Last 6 months,387392,web,cnn.com
CT,,,Last 6 months,384235,web,yahoo.com
OR,,,Last 6 months,376729,web,yahoo.com
TN,,,Last 6 months,376548,web,reddit.com
NY,,,Last 6 months,372790,web,cnn.com
IN,,,Last 6 months,366732,web,reddit.com
KS,,,Last 6 months,360930,web,yahoo.com
NH,,,Last 6 months,351012,web,yahoo.com
AR,,,Last 6 months,350451,web,yahoo.com
CA,,,Last 6 months,342388,web,usatoday.com
NC,,,Last 6 months,335701,web,aol.com
WI,,,Last 6 months,335070,web,reddit.com
CA,,,Last 6 months,322707,web,foxnews.com
NJ,,,Last 6 months,321972,web,nytimes.com
CA,,,Last 6 months,318936,web,bbc.com
TX,,,Last 6 months,317831,web,nytimes.com
CA,,,Last 6 months,317416,web,nbcnews.com
VA,,,Last 6 months,315456,web,aol.com
NY,,,Last 6 months,314073,web,nypost.com
MS,,,Last 6 months,311995,web,yahoo.com
NV,,,Last 6 months,283038,web,reddit.com
AL,,,Last 6 months,281176,web,reddit.com
IL,,,Last 6 months,279761,web,aol.com
CA,,,Last 6 months,277206,web,forbes.com
FL,,,Last 6 months,275981,web,nytimes.com
TX,,,Last 6 months,275856,web,cnn.com
WV,,,Last 6 months,274960,web,yahoo.com
OR,,,Last 6 months,273929,web,reddit.com
PA,,,Last 6 months,271990,web,nytimes.com
TX,,,Last 6 months,263494,web,foxnews.com
KY,,,Last 6 months,257658,web,reddit.com
VA,,,Last 6 months,243192,web,cnn.com
IA,,,Last 6 months,242861,web,yahoo.com
OH,,,Last 6 months,241888,web,aol.com
NJ,,,Last 6 months,234287,web,cnn.com
TX,,,Last 6 months,234232,web,usatoday.com
MD,,,Last 6 months,231244,web,aol.com
NE,,,Last 6 months,226416,web,yahoo.com
FL,,,Last 6 months,217744,web,foxnews.com
NM,,,Last 6 months,213564,web,yahoo.com
AR,,,Last 6 months,210299,web,reddit.com
SC,,,Last 6 months,209012,web,reddit.com
OK,,,Last 6 months,201282,web,reddit.com
CT,,,Last 6 months,200068,web,reddit.com
WA,,,Last 6 months,198792,web,nytimes.com
MA,,,Last 6 months,196022,web,aol.com
VA,,,Last 6 months,194284,web,nytimes.com
IA,,,Last 6 months,189514,web,reddit.com
TX,,,Last 6 months,188702,web,state.gov
DE,,,Last 6 months,186574,web,yahoo.com
PA,,,Last 6 months,185761,web,cnn.com
FL,,,Last 6 months,185522,web,usatoday.com
OH,,,Last 6 months,184686,web,nytimes.com
LA,,,Last 6 months,182032,web,reddit.com
NC,,,Last 6 months,179562,web,nytimes.com
ME,,,Last 6 months,175673,web,yahoo.com
IL,,,Last 6 months,175050,web,cnn.com
NY,,,Last 6 months,174658,web,usatoday.com
NY,,,Last 6 months,174320,web,foxnews.com
TX,,,Last 6 months,173950,web,forbes.com
NY,,,Last 6 months,173948,web,nbcnews.com
WA,,,Last 6 months,172725,web,cnn.com
MA,,,Last 6 months,172544,web,nytimes.com
CO,,,Last 6 months,170299,web,aol.com
FL,,,Last 6 months,170112,web,state.gov
OH,,,Last 6 months,169896,web,cnn.com
MI,,,Last 6 months,169596,web,nytimes.com
NY,,,Last 6 months,168762,web,forbes.com
UT,,,Last 6 months,166591,web,yahoo.com
FL,,,Last 6 months,166379,web,nbcnews.com
MI,,,Last 6 months,165356,web,cnn.com
KS,,,Last 6 months,157474,web,reddit.com
NH,,,Last 6 months,157344,web,reddit.com
TX,,,Last 6 months,157172,web,apnews.com
TN,,,Last 6 months,153595,web,aol.com
AZ,,,Last 6 months,152811,web,cnn.com
MI,,,Last 6 months,152170,web,aol.com
FL,,,Last 6 months,151289,web,forbes.com
IL,,,Last 6 months,150731,web,nytimes.com
OH,,,Last 6 months,147741,web,usatoday.com
NJ,,,Last 6 months,143998,web,nj.com
MA,,,Last 6 months,143337,web,cnn.com
MN,,,Last 6 months,143076,web,nytimes.com
OH,,,Last 6 months,142349,web,foxnews.com
VA,,,Last 6 months,140546,web,washingtonpost.com
ID,,,Last 6 months,139631,web,yahoo.com
CO,,,Last 6 months,138699,web,nytimes.com
WA,,,Last 6 months,136218,web,seattletimes.com
PA,,,Last 6 months,136075,web,nbcnews.com
PA,,,Last 6 months,133419,web,foxnews.com
MI,,,Last 6 months,132418,web,mlive.com
CT,,,Last 6 months,131618,web,aol.com
MI,,,Last 6 months,128975,web,foxnews.com
OH,,,Last 6 months,128952,web,cleveland.com
WI,,,Last 6 months,126848,web,nytimes.com
NE,,,Last 6 months,126302,web,reddit.com
VA,,,Last 6 months,125196,web,apnews.com
NC,,,Last 6 months,124446,web,cnn.com
PA,,,Last 6 months,123203,web,usatoday.com
MN,,,Last 6 months,122397,web,aol.com
CO,,,Last 6 months,121630,web,cnn.com
KY,,,Last 6 months,120182,web,aol.com
MD,,,Last 6 months,119868,web,nytimes.com
GA,,,Last 6 months,119121,web,cnn.com
MD,,,Last 6 months,118579,web,cnn.com
MS,,,Last 6 months,117887,web,reddit.com
SC,,,Last 6 months,116388,web,aol.com
HI,,,Last 6 months,116089,web,yahoo.com
MI,,,Last 6 months,114912,web,washingtonpost.com
NC,,,Last 6 months,113934,web,usatoday.com
UT,,,Last 6 months,113562,web,ksl.com
OR,,,Last 6 months,113340,web,cnn.com
KY,,,Last 6 months,112505,web,cnn.com
WI,,,Last 6 months,112118,web,jsonline.com
CO,,,Last 6 months,111216,web,usatoday.com
ID,,,Last 6 months,111083,web,reddit.com
AZ,,,Last 6 months,110640,web,aol.com
GA,,,Last 6 months,110331,web,aol.com
MN,,,Last 6 months,108330,web,startribune.com
CO,,,Last 6 months,107094,web,denverpost.com
GA,,,Last 6 months,103895,web,nytimes.com
NJ,,,Last 6 months,102292,web,nypost.com
KY,,,Last 6 months,102276,web,nytimes.com
NC,,,Last 6 months,101879,web,foxnews.com
NJ,,,Last 6 months,101392,web,patch.com
PA,,,Last 6 months,100439,web,cbsnews.com
UT,,,Last 6 months,99633,web,reddit.com
SD,,,Last 6 months,99609,web,yahoo.com
OH,,,Last 6 months,99390,web,nbcnews.com
AZ,,,Last 6 months,97556,web,foxnews.com
MI,,,Last 6 months,97188,web,usatoday.com
WA,,,Last 6 months,96943,web,usatoday.com
CT,,,Last 6 months,96853,web,nytimes.com
ME,,,Last 6 months,96811,web,reddit.com
MI,,,Last 6 months,95674,web,freep.com
VA,,,Last 6 months,95298,web,foxnews.com
TN,,,Last 6 months,95240,web,nytimes.com
VA,,,Last 6 months,95111,web,usatoday.com
IL,,,Last 6 months,93214,web,nbcnews.com
GA,,,Last 6 months,91541,web,foxnews.com
MA,,,Last 6 months,90451,web,bostonglobe.com
NJ,,,Last 6 months,89776,web,apnews.com
IL,,,Last 6 months,89751,web,forbes.com
NJ,,,Last 6 months,89687,web,usatoday.com
GA,,,Last 6 months,89504,web,ajc.com
GA,,,Last 6 months,89500,web,usatoday.com
IN,,,Last 6 months,89329,web,nytimes.com
OH,,,Last 6 months,88942,web,newsweek.com
PA,,,Last 6 months,88776,web,inquirer.com
IN,,,Last 6 months,88680,web,aol.com
MN,,,Last 6 months,88189,web,mayoclinic.org
MO,,,Last 6 months,87624,web,cnn.com
NH,,,Last 6 months,85310,web,wmur.com
AZ,,,Last 6 months,84924,web,azcentral.com
VA,,,Last 6 months,84153,web,bbc.com
IL,,,Last 6 months,84108,web,foxnews.com
MO,,,Last 6 months,83146,web,aol.com
MO,,,Last 6 months,82709,web,foxnews.com
MT,,,Last 6 months,81341,web,yahoo.com
IL,,,Last 6 months,80257,web,wgntv.com
WI,,,Last 6 months,80065,web,cnn.com
IN,,,Last 6 months,79786,web,cnn.com
WA,,,Last 6 months,79684,web,foxnews.com
MD,,,Last 6 months,79099,web,washingtonpost.com
MA,,,Last 6 months,78848,web,boston.com
WY,,,Last 6 months,77728,web,yahoo.com
CO,,,Last 6 months,75972,web,nbcnews.com
IL,,,Last 6 months,75872,web,state.gov
RI,,,Last 6 months,75556,web,yahoo.com
MA,,,Last 6 months,75291,web,usatoday.com
CO,,,Last 6 months,75222,web,foxnews.com
WA,,,Last 6 months,75149,web,nbcnews.com
WA,,,Last 6 months,74857,web,washingtonpost.com
MN,,,Last 6 months,74715,web,cbsnews.com
MO,,,Last 6 months,74637,web,nytimes.com
MA,,,Last 6 months,74590,web,cbsnews.com
WI,,,Last 6 months,74563,web,aol.com
DE,,,Last 6 months,74265,web,reddit.com
MD,,,Last 6 months,73391,web,usatoday.com
MN,,,Last 6 months,73060,web,usatoday.com
NC,,,Last 6 months,72908,web,forbes.com
TN,,,Last 6 months,72700,web,cnn.com
MN,,,Last 6 months,72591,web,cnn.com
SC,,,Last 6 months,72547,web,nytimes.com
NV,,,Last 6 months,72011,web,aol.com
GA,,,Last 6 months,71279,web,wsbtv.com
WV,,,Last 6 months,71047,web,aol.com
NM,,,Last 6 months,70574,web,reddit.com
HI,,,Last 6 months,69659,web,reddit.com
MA,,,Last 6 months,69080,web,patch.com
CO,,,Last 6 months,68655,web,npr.org
NC,,,Last 6 months,68023,web,wral.com
AL,,,Last 6 months,67235,web,aol.com
GA,,,Last 6 months,66830,web,forbes.com
NC,,,Last 6 months,66751,web,apnews.com
OR,,,Last 6 months,66676,web,nytimes.com
CT,,,Last 6 months,64683,web,patch.com
WV,,,Last 6 months,64362,web,reddit.com
AZ,,,Last 6 months,64340,web,nytimes.com
WA,,,Last 6 months,64097,web,forbes.com
NV,,,Last 6 months,64063,web,cnn.com
OK,,,Last 6 months,63917,web,aol.com
TN,,,Last 6 months,63286,web,foxnews.com
WI,,,Last 6 months,62778,web,usatoday.com
MN,,,Last 6 months,61356,web,foxnews.com
AZ,,,Last 6 months,60474,web,usatoday.com
RI,,,Last 6 months,60239,web,reddit.com
KY,,,Last 6 months,60105,web,bbc.com
AZ,,,Last 6 months,59853,web,azfamily.com
IA,,,Last 6 months,59790,web,aol.com
MO,,,Last 6 months,59728,web,usatoday.com
KY,,,Last 6 months,59615,web,foxnews.com
IN,,,Last 6 months,58956,web,indystar.com
NV,,,Last 6 months,58657,web,nytimes.com
IN,,,Last 6 months,56876,web,washingtonpost.com
MO,,,Last 6 months,56384,web,forbes.com
OR,,,Last 6 months,56343,web,aol.com
AK,,,Last 6 months,56188,web,yahoo.com
AZ,,,Last 6 months,56021,web,cnbc.com
WI,,,Last 6 months,53999,web,nbcnews.com
CT,,,Last 6 months,53832,web,usatoday.com
KY,,,Last 6 months,53673,web,wdrb.com
TN,,,Last 6 months,53416,web,usatoday.com
AL,,,Last 6 months,53006,web,cnn.com
WI,,,Last 6 months,52999,web,newsweek.com
MD,,,Last 6 months,52351,web,forbes.com
NV,,,Last 6 months,51338,web,foxnews.com
IN,,,Last 6 months,49728,web,usatoday.com
MD,,,Last 6 months,49412,web,bbc.com
MD,,,Last 6 months,49329,web,cbsnews.com
KS,,,Last 6 months,49284,web,cnn.com
WI,,,Last 6 months,49226,web,cnbc.com
SC,,,Last 6 months,48006,web,cnn.com
SC,,,Last 6 months,47974,web,postandcourier.com
NH,,,Last 6 months,47528,web,aol.com
WY,,,Last 6 months,47524,web,reddit.com
AL,,,Last 6 months,47454,web,nytimes.com
NH,,,Last 6 months,46956,web,nytimes.com
SC,,,Last 6 months,46928,web,forbes.com
IA,,,Last 6 months,45993,web,cnn.com
CT,,,Last 6 months,45925,web,wfsb.com
DC,,,Last 6 months,44954,web,reddit.com
KY,,,Last 6 months,44926,web,usatoday.com
LA,,,Last 6 months,44914,web,aol.com
AR,,,Last 6 months,44825,web,cnn.com
NM,,,Last 6 months,44680,web,aol.com
KY,,,Last 6 months,44212,web,forbes.com
NM,,,Last 6 months,43934,web,krqe.com
CT,,,Last 6 months,43571,web,ctpost.com
TN,,,Last 6 months,43515,web,washingtonpost.com
CT,,,Last 6 months,42956,web,courant.com
ND,,,Last 6 months,42609,web,yahoo.com
AL,,,Last 6 months,42425,web,foxnews.com
AL,,,Last 6 months,41822,web,al.com
ME,,,Last 6 months,41352,web,aol.com
ND,,,Last 6 months,41282,web,reddit.com
OK,,,Last 6 months,41028,web,cnn.com
OK,,,Last 6 months,40909,web,nytimes.com
SD,,,Last 6 months,40804,web,reddit.com
WV,,,Last 6 months,40510,web,usatoday.com
MO,,,Last 6 months,40130,web,nbcnews.com
MT,,,Last 6 months,40066,web,reddit.com
VT,,,Last 6 months,39875,web,yahoo.com
IN,,,Last 6 months,39768,web,foxnews.com
MO,,,Last 6 months,39658,web,ksdk.com
UT,,,Last 6 months,39485,web,nytimes.com
LA,,,Last 6 months,39123,web,nytimes.com
OR,,,Last 6 months,38966,web,oregonlive.com
DE,,,Last 6 months,38648,web,aol.com
NM,,,Last 6 months,38378,web,koat.com
KS,,,Last 6 months,38286,web,kansascity.com
CT,,,Last 6 months,37887,web,nbcconnecticut.com
AL,,,Last 6 months,37252,web,usatoday.com
IN,,,Last 6 months,37036,web,cbsnews.com
VT,,,Last 6 months,36945,web,reddit.com
NV,,,Last 6 months,36574,web,reviewjournal.com
NH,,,Last 6 months,36336,web,unionleader.com
TN,,,Last 6 months,36205,web,nbcnews.com
ME,,,Last 6 months,36002,web,centralmaine.com
NM,,,Last 6 months,35289,web,cnn.com
LA,,,Last 6 months,35080,web,nola.com
NM,,,Last 6 months,35079,web,nytimes.com
NM,,,Last 6 months,34822,web,abqjournal.com
ME,,,Last 6 months,34815,web,bangordailynews.com
LA,,,Last 6 months,34702,web,usatoday.com
UT,,,Last 6 months,34550,web,cnn.com
OR,,,Last 6 months,34404,web,usatoday.com
AR,,,Last 6 months,34216,web,aol.com
OR,,,Last 6 months,34015,web,nbcnews.com
AK,,,Last 6 months,33788,web,adn.com
TN,,,Last 6 months,33444,web,wbir.com
NV,,,Last 6 months,33440,web,nbcnews.com
OR,,,Last 6 months,33103,web,koin.com
ME,,,Last 6 months,32860,web,wmtw.com
ME,,,Last 6 months,32815,web,wgme.com
NH,,,Last 6 months,32608,web,dailykos.com
MS,,,Last 6 months,31861,web,aol.com
DC,,,Last 6 months,31521,web,yahoo.com
IA,,,Last 6 months,31472,web,nytimes.com
NH,,,Last 6 months,31179,web,nbcnews.com
UT,,,Last 6 months,30576,web,fox13now.com
IA,,,Last 6 months,30422,web,nbcnews.com
AL,,,Last 6 months,29854,web,apnews.com
OK,,,Last 6 months,29647,web,apnews.com
KS,,,Last 6 months,29532,web,nytimes.com
LA,,,Last 6 months,29236,web,cnn.com
SC,,,Last 6 months,29188,web,usatoday.com
HI,,,Last 6 months,28979,web,cnn.com
NM,,,Last 6 months,28785,web,foxnews.com
NV,,,Last 6 months,28283,web,thehill.com
HI,,,Last 6 months,28066,web,khon2.com
NH,,,Last 6 months,27929,web,cnn.com
AL,,,Last 6 months,27790,web,nbcnews.com
OR,,,Last 6 months,27708,web,kptv.com
IA,,,Last 6 months,27629,web,kcrg.com
NV,,,Last 6 months,27136,web,bbc.com
SC,,,Last 6 months,27051,web,foxnews.com
AR,,,Last 6 months,26688,web,arkansasonline.com
SC,,,Last 6 months,26378,web,usnews.com
IA,,,Last 6 months,26307,web,npr.org
HI,,,Last 6 months,26289,web,nytimes.com
AR,,,Last 6 months,26074,web,nytimes.com
NE,,,Last 6 months,25903,web,nytimes.com
AR,,,Last 6 months,25804,web,nwaonline.com
HI,,,Last 6 months,25564,web,staradvertiser.com
KS,,,Last 6 months,25456,web,wibw.com
DE,,,Last 6 months,25174,web,cnn.com
ME,,,Last 6 months,25170,web,foxnews.com
ID,,,Last 6 months,24922,web,foxnews.com
UT,,,Last 6 months,24517,web,kutv.com
ID,,,Last 6 months,24302,web,bbc.com
HI,,,Last 6 months,24012,web,kitv.com
MT,,,Last 6 months,23884,web,foxnews.com
NM,,,Last 6 months,23469,web,usatoday.com
NE,,,Last 6 months,23268,web,ketv.com
OK,,,Last 6 months,23137,web,koco.com
IA,,,Last 6 months,22811,web,bbc.com
KS,,,Last 6 months,22419,web,foxnews.com
OK,,,Last 6 months,22407,web,usatoday.com
WY,,,Last 6 months,22369,web,nbcnews.com
OK,,,Last 6 months,21915,web,foxnews.com
IA,,,Last 6 months,21792,web,newsweek.com
NH,,,Last 6 months,21736,web,forbes.com
MT,,,Last 6 months,21465,web,aol.com
KS,,,Last 6 months,21375,web,usatoday.com
ME,,,Last 6 months,21121,web,nbcnews.com
ID,,,Last 6 months,21042,web,usatoday.com
KS,,,Last 6 months,20944,web,aol.com
DE,,,Last 6 months,20944,web,usatoday.com
LA,,,Last 6 months,20823,web,bbc.com
HI,,,Last 6 months,20744,web,hawaiinewsnow.com
ME,,,Last 6 months,20616,web,sunjournal.com
LA,,,Last 6 months,20593,web,theadvocate.com
NE,,,Last 6 months,20431,web,aol.com
OK,,,Last 6 months,20366,web,news9.com
KS,,,Last 6 months,20022,web,kansas.com
WV,,,Last 6 months,19804,web,foxnews.com
UT,,,Last 6 months,19436,web,usatoday.com
LA,,,Last 6 months,19392,web,foxnews.com
WV,,,Last 6 months,19374,web,apnews.com
DC,,,Last 6 months,19106,web,wsj.com
WY,,,Last 6 months,18868,web,dailymail.co.uk
DE,,,Last 6 months,18702,web,washingtonpost.com
DE,,,Last 6 months,18581,web,delawareonline.com
AK,,,Last 6 months,18025,web,reddit.com
AR,,,Last 6 months,17994,web,nbcnews.com
DE,,,Last 6 months,17942,web,6abc.com
MS,,,Last 6 months,17937,web,mysanantonio.com
MS,,,Last 6 months,17880,web,forbes.com
ND,,,Last 6 months,17831,web,inforum.com
UT,,,Last 6 months,17478,web,axios.com
WY,,,Last 6 months,17473,web,cnn.com
WY,,,Last 6 months,17392,web,washingtonpost.com
WY,,,Last 6 months,17160,web,trib.com
DE,,,Last 6 months,17076,web,nytimes.com
WV,,,Last 6 months,16864,web,forbes.com
NE,,,Last 6 months,16649,web,usatoday.com
AR,,,Last 6 months,16520,web,foxnews.com
AR,,,Last 6 months,16370,web,forbes.com
ID,,,Last 6 months,16110,web,usnews.com
ID,,,Last 6 months,16031,web,drudgereport.com
MT,,,Last 6 months,15917,web,krtv.com
WY,,,Last 6 months,15909,web,thehill.com
HI,,,Last 6 months,15724,web,usatoday.com
WY,,,Last 6 months,15709,web,rawstory.com
WV,,,Last 6 months,15349,web,bbc.com
WY,,,Last 6 months,15292,web,nytimes.com
DC,,,Last 6 months,14946,web,washingtonpost.com
MT,,,Last 6 months,14902,web,usatoday.com
ID,,,Last 6 months,14742,web,forbes.com
NE,,,Last 6 months,14643,web,forbes.com
UT,,,Last 6 months,14603,web,foxnews.com
ID,,,Last 6 months,14535,web,dailymail.co.uk
AK,,,Last 6 months,14471,web,nytimes.com
MS,,,Last 6 months,14218,web,foxnews.com
MT,,,Last 6 months,14014,web,nytimes.com
HI,,,Last 6 months,13962,web,dailymail.co.uk
NE,,,Last 6 months,13776,web,pbs.org
RI,,,Last 6 months,13746,web,nytimes.com
MT,,,Last 6 months,13301,web,cnn.com
DC,,,Last 6 months,13190,web,nytimes.com
DE,,,Last 6 months,13098,web,forbes.com
NE,,,Last 6 months,12460,web,nasdaq.com
WV,,,Last 6 months,12338,web,redstate.com
RI,,,Last 6 months,12168,web,turnto10.com
NE,,,Last 6 months,12066,web,npr.org
ID,,,Last 6 months,11845,web,cnn.com
AK,,,Last 6 months,11560,web,dailyrecord.co.uk
RI,,,Last 6 months,11457,web,providencejournal.com
DC,,,Last 6 months,11251,web,aol.com
WV,,,Last 6 months,11006,web,wchstv.com
MS,,,Last 6 months,10632,web,dailymail.co.uk
VT,,,Last 6 months,10627,web,burlingtonfreepress.com
SD,,,Last 6 months,10358,web,usatoday.com
MT,,,Last 6 months,10220,web,forbes.com
RI,,,Last 6 months,10153,web,wpri.com
VT,,,Last 6 months,9970,web,nytimes.com
MT,,,Last 6 months,9939,web,newsmax.com
RI,,,Last 6 months,9753,web,aol.com
MS,,,Last 6 months,9588,web,cnn.com
SD,,,Last 6 months,8993,web,nytimes.com
MS,,,Last 6 months,8776,web,nypost.com
MS,,,Last 6 months,8495,web,nytimes.com
ND,,,Last 6 months,8435,web,nytimes.com
ND,,,Last 6 months,8083,web,cnn.com
VT,,,Last 6 months,7937,web,cnn.com
SD,,,Last 6 months,7800,web,keloland.com
SD,,,Last 6 months,7664,web,forbes.com
RI,,,Last 6 months,7642,web,apnews.com
RI,,,Last 6 months,7626,web,patch.com
VT,,,Last 6 months,7554,web,nbcnews.com
RI,,,Last 6 months,6780,web,dailymail.co.uk
SD,,,Last 6 months,6633,web,newsweek.com
ND,,,Last 6 months,6445,web,valleynewslive.com
VT,,,Last 6 months,6368,web,wcax.com
DC,,,Last 6 months,6318,web,cbsnews.com
ND,,,Last 6 months,6249,web,aol.com
ND,,,Last 6 months,6150,web,mayoclinic.org
VT,,,Last 6 months,5954,web,npr.org
AK,,,Last 6 months,5928,web,washingtonpost.com
DC,,,Last 6 months,5920,web,nypost.com
SD,,,Last 6 months,5768,web,nbcnews.com
DC,,,Last 6 months,5677,web,nbcwashington.com
SD,,,Last 6 months,5615,web,argusleader.com
ND,,,Last 6 months,5520,web,shareably.net
ND,,,Last 6 months,5458,web,fivethirtyeight.com
SD,,,Last 6 months,5396,web,usnews.com
AK,,,Last 6 months,5206,web,forbes.com
VT,,,Last 6 months,5092,web,washingtonpost.com
VT,,,Last 6 months,5077,web,usatoday.com
DC,,,Last 6 months,4867,web,state.gov
AK,,,Last 6 months,4380,web,npr.org
AK,,,Last 6 months,4292,web,cbsnews.com
AK,,,Last 6 months,4206,web,foxnews.com
CA,,,Last 12 months,5356507,web,yahoo.com
TX,,,Last 12 months,3922234,web,yahoo.com
CA,,,Last 12 months,2949471,web,reddit.com
FL,,,Last 12 months,2934494,web,yahoo.com
NY,,,Last 12 months,2158881,web,yahoo.com
OH,,,Last 12 months,1687721,web,yahoo.com
TX,,,Last 12 months,1681458,web,reddit.com
IL,,,Last 12 months,1585830,web,yahoo.com
GA,,,Last 12 months,1463618,web,yahoo.com
NC,,,Last 12 months,1369426,web,yahoo.com
PA,,,Last 12 months,1331283,web,yahoo.com
NY,,,Last 12 months,1328549,web,reddit.com
MI,,,Last 12 months,1293609,web,yahoo.com
NJ,,,Last 12 months,1183513,web,yahoo.com
FL,,,Last 12 months,1171914,web,reddit.com
VA,,,Last 12 months,1025102,web,yahoo.com
WA,,,Last 12 months,952186,web,yahoo.com
AZ,,,Last 12 months,865415,web,yahoo.com
CA,,,Last 12 months,855748,web,nytimes.com
CA,,,Last 12 months,823243,web,aol.com
MD,,,Last 12 months,823069,web,yahoo.com
NY,,,Last 12 months,821146,web,aol.com
MO,,,Last 12 months,809562,web,yahoo.com
PA,,,Last 12 months,799897,web,reddit.com
OH,,,Last 12 months,785624,web,reddit.com
MA,,,Last 12 months,776037,web,yahoo.com
WI,,,Last 12 months,771304,web,yahoo.com
IL,,,Last 12 months,766502,web,reddit.com
TN,,,Last 12 months,761696,web,yahoo.com
NJ,,,Last 12 months,728623,web,reddit.com
IN,,,Last 12 months,708543,web,yahoo.com
WA,,,Last 12 months,702599,web,reddit.com
VA,,,Last 12 months,688859,web,reddit.com
CO,,,Last 12 months,688778,web,yahoo.com
FL,,,Last 12 months,683163,web,aol.com
CA,,,Last 12 months,676302,web,cnn.com
GA,,,Last 12 months,661067,web,reddit.com
MI,,,Last 12 months,639017,web,reddit.com
NC,,,Last 12 months,620402,web,reddit.com
SC,,,Last 12 months,613473,web,yahoo.com
AL,,,Last 12 months,563564,web,yahoo.com
MN,,,Last 12 months,545805,web,yahoo.com
TX,,,Last 12 months,526848,web,aol.com
NY,,,Last 12 months,525359,web,nytimes.com
PA,,,Last 12 months,523474,web,aol.com
NV,,,Last 12 months,516658,web,yahoo.com
MA,,,Last 12 months,505986,web,reddit.com
KY,,,Last 12 months,464149,web,yahoo.com
OK,,,Last 12 months,461837,web,yahoo.com
CO,,,Last 12 months,459407,web,reddit.com
LA,,,Last 12 months,449775,web,yahoo.com
AZ,,,Last 12 months,419464,web,reddit.com
MD,,,Last 12 months,416029,web,reddit.com
NJ,,,Last 12 months,400730,web,aol.com
CT,,,Last 12 months,393705,web,yahoo.com
MN,,,Last 12 months,389897,web,reddit.com
AR,,,Last 12 months,384114,web,yahoo.com
MO,,,Last 12 months,378874,web,reddit.com
OR,,,Last 12 months,378268,web,yahoo.com
TN,,,Last 12 months,377766,web,reddit.com
IN,,,Last 12 months,369213,web,reddit.com
FL,,,Last 12 months,354296,web,cnn.com
KS,,,Last 12 months,325396,web,yahoo.com
CA,,,Last 12 months,323568,web,forbes.com
NC,,,Last 12 months,315049,web,aol.com
NY,,,Last 12 months,314977,web,cnn.com
NH,,,Last 12 months,309018,web,yahoo.com
CA,,,Last 12 months,307881,web,usatoday.com
TX,,,Last 12 months,305391,web,cnn.com
MS,,,Last 12 months,299535,web,yahoo.com
TX,,,Last 12 months,294039,web,nytimes.com
OR,,,Last 12 months,292185,web,reddit.com
AL,,,Last 12 months,290596,web,reddit.com
VA,,,Last 12 months,287593,web,aol.com
WI,,,Last 12 months,286942,web,reddit.com
CA,,,Last 12 months,285293,web,foxnews.com
CA,,,Last 12 months,278675,web,bbc.com
NJ,,,Last 12 months,274243,web,nytimes.com
CA,,,Last 12 months,270902,web,nbcnews.com
NV,,,Last 12 months,270276,web,reddit.com
FL,,,Last 12 months,267780,web,nytimes.com
WV,,,Last 12 months,266536,web,yahoo.com
IL,,,Last 12 months,263256,web,aol.com
NY,,,Last 12 months,258138,web,nypost.com
OH,,,Last 12 months,257126,web,aol.com
TX,,,Last 12 months,243882,web,foxnews.com
IA,,,Last 12 months,234945,web,yahoo.com
MD,,,Last 12 months,232868,web,aol.com
PA,,,Last 12 months,230968,web,nytimes.com
SC,,,Last 12 months,229403,web,reddit.com
KY,,,Last 12 months,225657,web,reddit.com
OK,,,Last 12 months,219790,web,reddit.com
FL,,,Last 12 months,217091,web,foxnews.com
CT,,,Last 12 months,213319,web,reddit.com
NM,,,Last 12 months,209209,web,yahoo.com
NJ,,,Last 12 months,208922,web,cnn.com
TX,,,Last 12 months,203546,web,usatoday.com
VA,,,Last 12 months,200865,web,cnn.com
NE,,,Last 12 months,197218,web,yahoo.com
UT,,,Last 12 months,193415,web,yahoo.com
IA,,,Last 12 months,189932,web,reddit.com
AR,,,Last 12 months,188406,web,reddit.com
MA,,,Last 12 months,185623,web,aol.com
LA,,,Last 12 months,185528,web,reddit.com
WA,,,Last 12 months,183659,web,nytimes.com
TX,,,Last 12 months,178084,web,forbes.com
ME,,,Last 12 months,176451,web,yahoo.com
FL,,,Last 12 months,175257,web,usatoday.com
NC,,,Last 12 months,174048,web,nytimes.com
PA,,,Last 12 months,173555,web,cnn.com
VA,,,Last 12 months,173218,web,nytimes.com
TX,,,Last 12 months,171360,web,state.gov
NY,,,Last 12 months,170948,web,forbes.com
FL,,,Last 12 months,170924,web,forbes.com
DE,,,Last 12 months,170524,web,yahoo.com
CO,,,Last 12 months,169480,web,aol.com
NY,,,Last 12 months,168862,web,foxnews.com
KS,,,Last 12 months,166103,web,reddit.com
AZ,,,Last 12 months,159714,web,cnn.com
OH,,,Last 12 months,159656,web,cnn.com
NY,,,Last 12 months,158281,web,usatoday.com
MI,,,Last 12 months,158178,web,aol.com
UT,,,Last 12 months,156633,web,ksl.com
MA,,,Last 12 months,155577,web,nytimes.com
MI,,,Last 12 months,154525,web,nytimes.com
OH,,,Last 12 months,151755,web,nytimes.com
IL,,,Last 12 months,149671,web,cnn.com
WA,,,Last 12 months,148624,web,cnn.com
FL,,,Last 12 months,147939,web,state.gov
FL,,,Last 12 months,145282,web,nbcnews.com
WA,,,Last 12 months,144831,web,seattletimes.com
NJ,,,Last 12 months,142469,web,nj.com
NY,,,Last 12 months,140063,web,cnbc.com
MI,,,Last 12 months,138421,web,mlive.com
MI,,,Last 12 months,138028,web,cnn.com
VA,,,Last 12 months,137225,web,washingtonpost.com
NH,,,Last 12 months,136922,web,reddit.com
TN,,,Last 12 months,135530,web,aol.com
CO,,,Last 12 months,133697,web,nytimes.com
TX,,,Last 12 months,132574,web,nbcnews.com
IL,,,Last 12 months,132344,web,nytimes.com
OH,,,Last 12 months,132327,web,cleveland.com
OH,,,Last 12 months,131159,web,usatoday.com
GA,,,Last 12 months,128184,web,aol.com
ID,,,Last 12 months,122881,web,yahoo.com
PA,,,Last 12 months,120605,web,foxnews.com
HI,,,Last 12 months,120300,web,yahoo.com
PA,,,Last 12 months,119485,web,usatoday.com
NC,,,Last 12 months,119386,web,cnn.com
MA,,,Last 12 months,118232,web,cnn.com
UT,,,Last 12 months,116252,web,reddit.com
MD,,,Last 12 months,114764,web,nytimes.com
OH,,,Last 12 months,113578,web,foxnews.com
AZ,,,Last 12 months,113234,web,aol.com
CT,,,Last 12 months,112910,web,aol.com
GA,,,Last 12 months,111945,web,cnn.com
MD,,,Last 12 months,111054,web,cnn.com
VA,,,Last 12 months,110798,web,apnews.com
MI,,,Last 12 months,108769,web,foxnews.com
MS,,,Last 12 months,108638,web,reddit.com
MN,,,Last 12 months,108260,web,nytimes.com
GA,,,Last 12 months,108127,web,nytimes.com
NE,,,Last 12 months,104969,web,reddit.com
AZ,,,Last 12 months,104954,web,foxnews.com
SC,,,Last 12 months,102372,web,aol.com
NC,,,Last 12 months,102187,web,usatoday.com
CO,,,Last 12 months,100607,web,cnn.com
OR,,,Last 12 months,100263,web,cnn.com
MN,,,Last 12 months,100009,web,startribune.com
KY,,,Last 12 months,99049,web,aol.com
NJ,,,Last 12 months,98533,web,usatoday.com
CT,,,Last 12 months,97113,web,nytimes.com
IN,,,Last 12 months,96352,web,aol.com
MN,,,Last 12 months,95756,web,aol.com
MA,,,Last 12 months,95088,web,bostonglobe.com
ID,,,Last 12 months,94632,web,reddit.com
PA,,,Last 12 months,94419,web,nbcnews.com
VA,,,Last 12 months,94167,web,foxnews.com
MI,,,Last 12 months,94137,web,freep.com
MI,,,Last 12 months,94090,web,clickondetroit.com
PA,,,Last 12 months,93620,web,cbsnews.com
PA,,,Last 12 months,93598,web,forbes.com
MI,,,Last 12 months,93213,web,usatoday.com
CO,,,Last 12 months,93058,web,usatoday.com
GA,,,Last 12 months,91557,web,ajc.com
SD,,,Last 12 months,91327,web,yahoo.com
IL,,,Last 12 months,90724,web,wgntv.com
VA,,,Last 12 months,90614,web,usatoday.com
GA,,,Last 12 months,89788,web,usatoday.com
WA,,,Last 12 months,88332,web,usatoday.com
GA,,,Last 12 months,87070,web,foxnews.com
MO,,,Last 12 months,86663,web,cnn.com
NJ,,,Last 12 months,86086,web,forbes.com
CO,,,Last 12 months,85906,web,denverpost.com
WI,,,Last 12 months,85795,web,nytimes.com
NC,,,Last 12 months,85590,web,foxnews.com
TN,,,Last 12 months,85546,web,nytimes.com
OH,,,Last 12 months,85408,web,fox8.com
MT,,,Last 12 months,83908,web,yahoo.com
NJ,,,Last 12 months,83522,web,patch.com
IL,,,Last 12 months,83078,web,usatoday.com
NH,,,Last 12 months,81070,web,wmur.com
ME,,,Last 12 months,80820,web,reddit.com
WI,,,Last 12 months,80606,web,jsonline.com
MO,,,Last 12 months,80482,web,aol.com
MN,,,Last 12 months,80451,web,mayoclinic.org
NC,,,Last 12 months,80193,web,wral.com
MD,,,Last 12 months,79929,web,washingtonpost.com
NJ,,,Last 12 months,79150,web,nypost.com
IL,,,Last 12 months,78948,web,forbes.com
NC,,,Last 12 months,78860,web,forbes.com
IL,,,Last 12 months,78434,web,nbcchicago.com
KY,,,Last 12 months,78244,web,nytimes.com
DE,,,Last 12 months,77690,web,reddit.com
AL,,,Last 12 months,77588,web,aol.com
VA,,,Last 12 months,76852,web,forbes.com
AZ,,,Last 12 months,76728,web,nytimes.com
GA,,,Last 12 months,76706,web,forbes.com
MA,,,Last 12 months,75370,web,usatoday.com
IL,,,Last 12 months,74416,web,cnbc.com
CO,,,Last 12 months,74229,web,foxnews.com
MO,,,Last 12 months,74064,web,nytimes.com
OH,,,Last 12 months,73970,web,forbes.com
KY,,,Last 12 months,73563,web,cnn.com
NV,,,Last 12 months,73174,web,aol.com
MA,,,Last 12 months,72919,web,boston.com
AZ,,,Last 12 months,72580,web,azcentral.com
WI,,,Last 12 months,71720,web,aol.com
OK,,,Last 12 months,71700,web,aol.com
CT,,,Last 12 months,71353,web,patch.com
WV,,,Last 12 months,71011,web,aol.com
MA,,,Last 12 months,70305,web,cbsnews.com
NM,,,Last 12 months,69847,web,reddit.com
WI,,,Last 12 months,69426,web,cnn.com
IN,,,Last 12 months,69389,web,nytimes.com
WV,,,Last 12 months,69222,web,reddit.com
SC,,,Last 12 months,69179,web,nytimes.com
NV,,,Last 12 months,67994,web,cnn.com
AZ,,,Last 12 months,67584,web,azfamily.com
WA,,,Last 12 months,66965,web,washingtonpost.com
MA,,,Last 12 months,66221,web,patch.com
WA,,,Last 12 months,65728,web,foxnews.com
CO,,,Last 12 months,65662,web,forbes.com
WY,,,Last 12 months,64327,web,yahoo.com
WA,,,Last 12 months,63812,web,nbcnews.com
WA,,,Last 12 months,63777,web,forbes.com
RI,,,Last 12 months,63762,web,yahoo.com
MD,,,Last 12 months,63652,web,forbes.com
GA,,,Last 12 months,63124,web,wsbtv.com
OR,,,Last 12 months,63011,web,nytimes.com
HI,,,Last 12 months,61000,web,reddit.com
NC,,,Last 12 months,60182,web,apnews.com
TN,,,Last 12 months,59837,web,foxnews.com
MO,,,Last 12 months,59551,web,foxnews.com
CO,,,Last 12 months,59513,web,cbsnews.com
WI,,,Last 12 months,59264,web,usatoday.com
AZ,,,Last 12 months,58403,web,cnbc.com
IN,,,Last 12 months,58384,web,cnn.com
AZ,,,Last 12 months,58137,web,usatoday.com
MN,,,Last 12 months,57244,web,usatoday.com
MN,,,Last 12 months,56444,web,cnn.com
MN,,,Last 12 months,55446,web,cbsnews.com
TN,,,Last 12 months,55400,web,cnn.com
MO,,,Last 12 months,55316,web,usatoday.com
DE,,,Last 12 months,52698,web,aol.com
NH,,,Last 12 months,52579,web,nytimes.com
RI,,,Last 12 months,52152,web,reddit.com
UT,,,Last 12 months,51770,web,cnn.com
OR,,,Last 12 months,51558,web,aol.com
CT,,,Last 12 months,51511,web,usatoday.com
KS,,,Last 12 months,50602,web,cnn.com
NV,,,Last 12 months,50492,web,nytimes.com
MN,,,Last 12 months,50346,web,kare11.com
IN,,,Last 12 months,50181,web,indystar.com
MD,,,Last 12 months,49934,web,usatoday.com
SD,,,Last 12 months,49786,web,reddit.com
MO,,,Last 12 months,49731,web,forbes.com
AL,,,Last 12 months,49021,web,nytimes.com
KY,,,Last 12 months,48592,web,bbc.com
TN,,,Last 12 months,47529,web,usatoday.com
IA,,,Last 12 months,47486,web,cnn.com
OR,,,Last 12 months,47333,web,oregonlive.com
CT,,,Last 12 months,47069,web,wfsb.com
NM,,,Last 12 months,47044,web,aol.com
IN,,,Last 12 months,47040,web,usatoday.com
LA,,,Last 12 months,46783,web,nola.com
SC,,,Last 12 months,46727,web,cnn.com
CT,,,Last 12 months,46696,web,ctpost.com
MD,,,Last 12 months,46385,web,foxnews.com
MO,,,Last 12 months,46096,web,ksdk.com
IA,,,Last 12 months,45979,web,aol.com
AL,,,Last 12 months,45954,web,usatoday.com
WI,,,Last 12 months,45777,web,wisn.com
ND,,,Last 12 months,45637,web,yahoo.com
LA,,,Last 12 months,45514,web,aol.com
DC,,,Last 12 months,45438,web,reddit.com
IN,,,Last 12 months,45314,web,washingtonpost.com
AL,,,Last 12 months,44840,web,cnn.com
KY,,,Last 12 months,44612,web,foxnews.com
CT,,,Last 12 months,44490,web,nbcconnecticut.com
CT,,,Last 12 months,43821,web,cnn.com
MO,,,Last 12 months,43420,web,kmbc.com
MD,,,Last 12 months,43278,web,cbsnews.com
WI,,,Last 12 months,43170,web,nbcnews.com
SC,,,Last 12 months,43026,web,forbes.com
AK,,,Last 12 months,42849,web,yahoo.com
AR,,,Last 12 months,42120,web,cnn.com
AL,,,Last 12 months,41898,web,al.com
WI,,,Last 12 months,40830,web,foxnews.com
KY,,,Last 12 months,40315,web,wdrb.com
NV,,,Last 12 months,39640,web,foxnews.com
ME,,,Last 12 months,39381,web,aol.com
WV,,,Last 12 months,39369,web,usatoday.com
NM,,,Last 12 months,39360,web,krqe.com
TN,,,Last 12 months,38573,web,forbes.com
KY,,,Last 12 months,38195,web,huffpost.com
KY,,,Last 12 months,37896,web,usatoday.com
UT,,,Last 12 months,37815,web,nytimes.com
NH,,,Last 12 months,37648,web,aol.com
LA,,,Last 12 months,37377,web,nytimes.com
ND,,,Last 12 months,36930,web,reddit.com
WY,,,Last 12 months,36586,web,reddit.com
SC,,,Last 12 months,36308,web,postandcourier.com
VT,,,Last 12 months,36154,web,yahoo.com
MT,,,Last 12 months,36154,web,reddit.com
IA,,,Last 12 months,36058,web,nytimes.com
NH,,,Last 12 months,35948,web,cnn.com
OK,,,Last 12 months,35817,web,cnn.com
LA,,,Last 12 months,35239,web,usatoday.com
VT,,,Last 12 months,35185,web,reddit.com
TN,,,Last 12 months,34934,web,washingtonpost.com
OK,,,Last 12 months,34816,web,nytimes.com
OR,,,Last 12 months,33786,web,usatoday.com
TN,,,Last 12 months,33219,web,nbcnews.com
KS,,,Last 12 months,32302,web,kansascity.com
AL,,,Last 12 months,31683,web,foxnews.com
AR,,,Last 12 months,31675,web,aol.com
ME,,,Last 12 months,31048,web,wgme.com
ME,,,Last 12 months,30975,web,bangordailynews.com
NV,,,Last 12 months,30560,web,reviewjournal.com
OK,,,Last 12 months,30457,web,foxnews.com
IN,,,Last 12 months,30415,web,forbes.com
AK,,,Last 12 months,30290,web,adn.com
OR,,,Last 12 months,30210,web,koin.com
NM,,,Last 12 months,30031,web,abqjournal.com
ME,,,Last 12 months,29805,web,centralmaine.com
ME,,,Last 12 months,29653,web,wmtw.com
DC,,,Last 12 months,29605,web,yahoo.com
SC,,,Last 12 months,28912,web,dailymail.co.uk
NM,,,Last 12 months,28801,web,koat.com
NM,,,Last 12 months,28712,web,nytimes.com
IN,,,Last 12 months,28531,web,nbcnews.com
AR,,,Last 12 months,28173,web,nytimes.com
LA,,,Last 12 months,28037,web,cnn.com
NH,,,Last 12 months,27961,web,dailykos.com
OR,,,Last 12 months,27618,web,kgw.com
NM,,,Last 12 months,27576,web,cnn.com
IA,,,Last 12 months,27336,web,kcrg.com
OR,,,Last 12 months,27107,web,katu.com
HI,,,Last 12 months,26653,web,staradvertiser.com
MS,,,Last 12 months,26526,web,aol.com
IA,,,Last 12 months,26518,web,nbcnews.com
SC,,,Last 12 months,26469,web,usatoday.com
UT,,,Last 12 months,26212,web,fox13now.com
LA,,,Last 12 months,25744,web,foxnews.com
DE,,,Last 12 months,25736,web,cnn.com
NV,,,Last 12 months,25646,web,bbc.com
NV,,,Last 12 months,25595,web,nbcnews.com
SC,,,Last 12 months,25468,web,wyff4.com
NM,,,Last 12 months,25225,web,foxnews.com
NV,,,Last 12 months,24891,web,forbes.com
OK,,,Last 12 months,24762,web,koco.com
KS,,,Last 12 months,24703,web,nytimes.com
OK,,,Last 12 months,24668,web,newson6.com
IA,,,Last 12 months,24496,web,usatoday.com
NE,,,Last 12 months,24266,web,nytimes.com
WV,,,Last 12 months,24215,web,foxnews.com
AL,,,Last 12 months,24157,web,apnews.com
IA,,,Last 12 months,24017,web,huffpost.com
ME,,,Last 12 months,23942,web,sunjournal.com
KS,,,Last 12 months,23709,web,foxnews.com
IA,,,Last 12 months,23639,web,newsweek.com
AL,,,Last 12 months,23395,web,wkrg.com
HI,,,Last 12 months,23114,web,cnn.com
OK,,,Last 12 months,22853,web,usatoday.com
LA,,,Last 12 months,22780,web,forbes.com
AR,,,Last 12 months,22658,web,arkansasonline.com
AR,,,Last 12 months,22634,web,forbes.com
DE,,,Last 12 months,22100,web,nytimes.com
NH,,,Last 12 months,22072,web,nbcnews.com
DE,,,Last 12 months,21633,web,delawareonline.com
HI,,,Last 12 months,21439,web,kitv.com
ME,,,Last 12 months,21226,web,foxnews.com
OK,,,Last 12 months,21225,web,apnews.com
LA,,,Last 12 months,21085,web,theadvocate.com
AR,,,Last 12 months,20843,web,thv11.com
KS,,,Last 12 months,20666,web,wibw.com
NH,,,Last 12 months,20449,web,unionleader.com
AR,,,Last 12 months,20084,web,nwaonline.com
AK,,,Last 12 months,20060,web,reddit.com
NM,,,Last 12 months,19825,web,usatoday.com
AR,,,Last 12 months,19456,web,usatoday.com
UT,,,Last 12 months,19427,web,kutv.com
DE,,,Last 12 months,19062,web,6abc.com
MT,,,Last 12 months,18877,web,aol.com
UT,,,Last 12 months,18726,web,usatoday.com
NE,,,Last 12 months,18352,web,ketv.com
HI,,,Last 12 months,18295,web,nytimes.com
HI,,,Last 12 months,18183,web,hawaiinewsnow.com
NH,,,Last 12 months,17960,web,forbes.com
KS,,,Last 12 months,17897,web,aol.com
HI,,,Last 12 months,17778,web,khon2.com
MT,,,Last 12 months,17598,web,foxnews.com
DC,,,Last 12 months,17508,web,wsj.com
DE,,,Last 12 months,17498,web,usatoday.com
KS,,,Last 12 months,17446,web,kansas.com
KS,,,Last 12 months,17409,web,npr.org
ID,,,Last 12 months,17344,web,foxnews.com
UT,,,Last 12 months,17240,web,foxnews.com
ME,,,Last 12 months,17152,web,pressherald.com
WY,,,Last 12 months,16640,web,nbcnews.com
DC,,,Last 12 months,16281,web,aol.com
UT,,,Last 12 months,15846,web,aol.com
HI,,,Last 12 months,15807,web,forbes.com
DE,,,Last 12 months,15610,web,washingtonpost.com
ID,,,Last 12 months,15340,web,bbc.com
MS,,,Last 12 months,15262,web,forbes.com
ID,,,Last 12 months,15257,web,usatoday.com
DC,,,Last 12 months,15061,web,washingtonpost.com
WY,,,Last 12 months,14975,web,trib.com
NE,,,Last 12 months,14776,web,aol.com
WV,,,Last 12 months,14755,web,forbes.com
HI,,,Last 12 months,14635,web,usatoday.com
MT,,,Last 12 months,14413,web,cnn.com
WV,,,Last 12 months,14190,web,apnews.com
NE,,,Last 12 months,14059,web,cnn.com
ID,,,Last 12 months,14023,web,dailymail.co.uk
SD,,,Last 12 months,13760,web,cnn.com
ID,,,Last 12 months,13641,web,drudgereport.com
NE,,,Last 12 months,13634,web,usatoday.com
MT,,,Last 12 months,13444,web,nytimes.com
WY,,,Last 12 months,13262,web,washingtonpost.com
MT,,,Last 12 months,13036,web,krtv.com
WY,,,Last 12 months,12890,web,thehill.com
NE,,,Last 12 months,12883,web,pbs.org
MS,,,Last 12 months,12783,web,cnn.com
ID,,,Last 12 months,12755,web,nytimes.com
WY,,,Last 12 months,12610,web,cnn.com
WV,,,Last 12 months,12492,web,cnn.com
WY,,,Last 12 months,12482,web,dailymail.co.uk
WY,,,Last 12 months,12359,web,rawstory.com
WV,,,Last 12 months,12311,web,redstate.com
DC,,,Last 12 months,12254,web,nytimes.com
ID,,,Last 12 months,12067,web,ktvb.com
RI,,,Last 12 months,11838,web,nytimes.com
DE,,,Last 12 months,11765,web,forbes.com
NE,,,Last 12 months,11570,web,forbes.com
ID,,,Last 12 months,11470,web,usnews.com
RI,,,Last 12 months,11454,web,aol.com
AK,,,Last 12 months,11412,web,washingtonpost.com
ND,,,Last 12 months,11227,web,inforum.com
WY,,,Last 12 months,11172,web,msnbc.com
SD,,,Last 12 months,10624,web,nytimes.com
SD,,,Last 12 months,10569,web,usatoday.com
MT,,,Last 12 months,10520,web,newsmax.com
MT,,,Last 12 months,10444,web,usatoday.com
WV,,,Last 12 months,10440,web,wchstv.com
AK,,,Last 12 months,10330,web,nytimes.com
MT,,,Last 12 months,10170,web,forbes.com
AK,,,Last 12 months,10018,web,dailyrecord.co.uk
MS,,,Last 12 months,9040,web,foxnews.com
RI,,,Last 12 months,8985,web,turnto10.com
MS,,,Last 12 months,8968,web,mysanantonio.com
NE,,,Last 12 months,8661,web,npr.org
MS,,,Last 12 months,8538,web,dailymail.co.uk
AK,,,Last 12 months,8423,web,foxnews.com
SD,,,Last 12 months,7931,web,keloland.com
MS,,,Last 12 months,7754,web,usatoday.com
RI,,,Last 12 months,7751,web,providencejournal.com
SD,,,Last 12 months,7630,web,forbes.com
RI,,,Last 12 months,7590,web,wpri.com
VT,,,Last 12 months,7558,web,nytimes.com
ND,,,Last 12 months,7234,web,usatoday.com
VT,,,Last 12 months,7204,web,cnn.com
ND,,,Last 12 months,7028,web,cnn.com
MS,,,Last 12 months,6966,web,nytimes.com
AK,,,Last 12 months,6956,web,usatoday.com
VT,,,Last 12 months,6746,web,wcax.com
AK,,,Last 12 months,6639,web,cnn.com
SD,,,Last 12 months,6455,web,newsweek.com
VT,,,Last 12 months,6412,web,burlingtonfreepress.com
DC,,,Last 12 months,6294,web,eater.com
SD,,,Last 12 months,6239,web,nypost.com
SD,,,Last 12 months,6213,web,snopes.com
RI,,,Last 12 months,5930,web,patch.com
VT,,,Last 12 months,5888,web,nbcnews.com
ND,,,Last 12 months,5824,web,aol.com
AK,,,Last 12 months,5578,web,nbcnews.com
ND,,,Last 12 months,5365,web,nytimes.com
RI,,,Last 12 months,5360,web,dailymail.co.uk
ND,,,Last 12 months,5043,web,mayoclinic.org
DC,,,Last 12 months,4957,web,forbes.com
VT,,,Last 12 months,4957,web,newsweek.com
VT,,,Last 12 months,4694,web,huffpost.com
ND,,,Last 12 months,4683,web,forbes.com
RI,,,Last 12 months,4616,web,apnews.com
DC,,,Last 12 months,4562,web,politico.com
VT,,,Last 12 months,4548,web,usatoday.com
ND,,,Last 12 months,4489,web,valleynewslive.com
DC,,,Last 12 months,4408,web,nypost.com
CA,,,Since 2016,5407375,web,yahoo.com
TX,,,Since 2016,3747256,web,yahoo.com
FL,,,Since 2016,2916484,web,yahoo.com
NY,,,Since 2016,2456728,web,yahoo.com
IL,,,Since 2016,1887621,web,yahoo.com
OH,,,Since 2016,1649690,web,yahoo.com
PA,,,Since 2016,1543492,web,yahoo.com
GA,,,Since 2016,1511657,web,yahoo.com
MI,,,Since 2016,1391275,web,yahoo.com
NC,,,Since 2016,1320435,web,yahoo.com
CA,,,Since 2016,1288434,web,reddit.com
NJ,,,Since 2016,1150656,web,yahoo.com
VA,,,Since 2016,994241,web,yahoo.com
CA,,,Since 2016,971235,web,aol.com
MO,,,Since 2016,948656,web,yahoo.com
CA,,,Since 2016,932015,web,cnn.com
CA,,,Since 2016,918964,web,nytimes.com
IN,,,Since 2016,883683,web,yahoo.com
WA,,,Since 2016,860725,web,yahoo.com
MD,,,Since 2016,856915,web,yahoo.com
NY,,,Since 2016,850677,web,aol.com
AZ,,,Since 2016,840967,web,yahoo.com
WI,,,Since 2016,818287,web,yahoo.com
MA,,,Since 2016,755206,web,yahoo.com
FL,,,Since 2016,723231,web,aol.com
CO,,,Since 2016,720184,web,yahoo.com
TX,,,Since 2016,704228,web,reddit.com
TN,,,Since 2016,697944,web,yahoo.com
SC,,,Since 2016,663134,web,yahoo.com
MN,,,Since 2016,643439,web,yahoo.com
NY,,,Since 2016,623551,web,nytimes.com
NY,,,Since 2016,597703,web,reddit.com
CA,,,Since 2016,589510,web,latimes.com
AL,,,Since 2016,587745,web,yahoo.com
CA,,,Since 2016,568677,web,washingtonpost.com
LA,,,Since 2016,555497,web,yahoo.com
CA,,,Since 2016,554543,web,foxnews.com
KY,,,Since 2016,534997,web,yahoo.com
PA,,,Since 2016,534403,web,aol.com
FL,,,Since 2016,530421,web,reddit.com
TX,,,Since 2016,503487,web,aol.com
OR,,,Since 2016,490184,web,yahoo.com
TX,,,Since 2016,476858,web,cnn.com
CA,,,Since 2016,473561,web,usatoday.com
NJ,,,Since 2016,463463,web,aol.com
OK,,,Since 2016,462222,web,yahoo.com
CT,,,Since 2016,451081,web,yahoo.com
NY,,,Since 2016,444712,web,cnn.com
AR,,,Since 2016,433680,web,yahoo.com
NV,,,Since 2016,427887,web,yahoo.com
TX,,,Since 2016,425742,web,foxnews.com
FL,,,Since 2016,413160,web,cnn.com
CA,,,Since 2016,399444,web,forbes.com
IL,,,Since 2016,378650,web,reddit.com
MS,,,Since 2016,377928,web,yahoo.com
TX,,,Since 2016,374123,web,nytimes.com
FL,,,Since 2016,371157,web,foxnews.com
KS,,,Since 2016,368025,web,yahoo.com
FL,,,Since 2016,364189,web,nytimes.com
OH,,,Since 2016,338877,web,reddit.com
PA,,,Since 2016,331623,web,reddit.com
IL,,,Since 2016,320837,web,aol.com
NY,,,Since 2016,317618,web,nypost.com
IA,,,Since 2016,316736,web,yahoo.com
NJ,,,Since 2016,312547,web,reddit.com
OH,,,Since 2016,298119,web,aol.com
WA,,,Since 2016,297400,web,reddit.com
NJ,,,Since 2016,283538,web,nj.com
MI,,,Since 2016,279838,web,reddit.com
VA,,,Since 2016,278066,web,reddit.com
NC,,,Since 2016,275593,web,aol.com
PA,,,Since 2016,273667,web,nytimes.com
NY,,,Since 2016,271229,web,foxnews.com
PA,,,Since 2016,268986,web,cnn.com
WV,,,Since 2016,264759,web,yahoo.com
TX,,,Since 2016,264549,web,usatoday.com
GA,,,Since 2016,264339,web,reddit.com
IL,,,Since 2016,263311,web,cnn.com
TX,,,Since 2016,262941,web,washingtonpost.com
NY,,,Since 2016,262716,web,washingtonpost.com
NJ,,,Since 2016,260763,web,nytimes.com
VA,,,Since 2016,257890,web,aol.com
NJ,,,Since 2016,256074,web,cnn.com
FL,,,Since 2016,252558,web,washingtonpost.com
MD,,,Since 2016,252216,web,aol.com
NC,,,Since 2016,250496,web,reddit.com
NY,,,Since 2016,245968,web,usatoday.com
FL,,,Since 2016,239651,web,usatoday.com
IL,,,Since 2016,239521,web,nytimes.com
MA,,,Since 2016,235795,web,reddit.com
NH,,,Since 2016,222575,web,yahoo.com
MA,,,Since 2016,220564,web,aol.com
IL,,,Since 2016,219055,web,chicagotribune.com
MI,,,Since 2016,215639,web,mlive.com
MI,,,Since 2016,215066,web,aol.com
TX,,,Since 2016,214772,web,forbes.com
NE,,,Since 2016,213079,web,yahoo.com
GA,,,Since 2016,212207,web,cnn.com
PA,,,Since 2016,211811,web,foxnews.com
NC,,,Since 2016,209555,web,cnn.com
VA,,,Since 2016,204696,web,cnn.com
UT,,,Since 2016,201669,web,yahoo.com
MI,,,Since 2016,200914,web,cnn.com
NY,,,Since 2016,199964,web,forbes.com
OH,,,Since 2016,198745,web,cnn.com
MO,,,Since 2016,193678,web,reddit.com
VA,,,Since 2016,189178,web,washingtonpost.com
WA,,,Since 2016,188070,web,cnn.com
MA,,,Since 2016,187107,web,nytimes.com
OH,,,Since 2016,187078,web,nytimes.com
IN,,,Since 2016,185194,web,reddit.com
MD,,,Since 2016,184851,web,reddit.com
CO,,,Since 2016,184598,web,reddit.com
ME,,,Since 2016,182907,web,yahoo.com
FL,,,Since 2016,182512,web,forbes.com
MN,,,Since 2016,182483,web,reddit.com
TX,,,Since 2016,182304,web,dallasnews.com
NC,,,Since 2016,181865,web,nytimes.com
VA,,,Since 2016,181748,web,nytimes.com
WA,,,Since 2016,181630,web,nytimes.com
NM,,,Since 2016,180901,web,yahoo.com
PA,,,Since 2016,179580,web,washingtonpost.com
MA,,,Since 2016,175769,web,cnn.com
GA,,,Since 2016,175461,web,aol.com
FL,,,Since 2016,174004,web,nypost.com
AZ,,,Since 2016,172599,web,reddit.com
MI,,,Since 2016,170648,web,nytimes.com
AZ,,,Since 2016,169440,web,cnn.com
GA,,,Since 2016,168115,web,nytimes.com
MI,,,Since 2016,167931,web,foxnews.com
MD,,,Since 2016,166914,web,cnn.com
GA,,,Since 2016,165425,web,ajc.com
MD,,,Since 2016,165120,web,washingtonpost.com
IL,,,Since 2016,162649,web,foxnews.com
CO,,,Since 2016,162278,web,aol.com
WA,,,Since 2016,158157,web,seattletimes.com
PA,,,Since 2016,156970,web,usatoday.com
MD,,,Since 2016,156781,web,nytimes.com
IL,,,Since 2016,156609,web,washingtonpost.com
UT,,,Since 2016,156246,web,ksl.com
AZ,,,Since 2016,155250,web,aol.com
DE,,,Since 2016,153967,web,yahoo.com
MN,,,Since 2016,153381,web,startribune.com
ID,,,Since 2016,152956,web,yahoo.com
OR,,,Since 2016,152493,web,reddit.com
NC,,,Since 2016,151222,web,foxnews.com
MI,,,Since 2016,150818,web,freep.com
GA,,,Since 2016,150592,web,foxnews.com
CO,,,Since 2016,150584,web,nytimes.com
OH,,,Since 2016,149974,web,foxnews.com
MO,,,Since 2016,149903,web,cnn.com
TN,,,Since 2016,149629,web,reddit.com
WI,,,Since 2016,149170,web,reddit.com
VA,,,Since 2016,146892,web,foxnews.com
MO,,,Since 2016,145781,web,stltoday.com
NJ,,,Since 2016,145778,web,foxnews.com
OH,,,Since 2016,144655,web,usatoday.com
OH,,,Since 2016,144402,web,cleveland.com
IL,,,Since 2016,144374,web,usatoday.com
NC,,,Since 2016,144125,web,wral.com
MO,,,Since 2016,139087,web,nytimes.com
NC,,,Since 2016,138125,web,washingtonpost.com
OR,,,Since 2016,137564,web,cnn.com
IN,,,Since 2016,133767,web,aol.com
MI,,,Since 2016,133456,web,clickondetroit.com
WA,,,Since 2016,133196,web,foxnews.com
MN,,,Since 2016,132076,web,nytimes.com
OH,,,Since 2016,131566,web,washingtonpost.com
NJ,,,Since 2016,130142,web,usatoday.com
AZ,,,Since 2016,129179,web,nytimes.com
OR,,,Since 2016,128509,web,oregonlive.com
NJ,,,Since 2016,127426,web,washingtonpost.com
GA,,,Since 2016,126942,web,usatoday.com
AZ,,,Since 2016,125899,web,azcentral.com
MI,,,Since 2016,125654,web,washingtonpost.com
CO,,,Since 2016,125227,web,cnn.com
MO,,,Since 2016,124028,web,aol.com
WI,,,Since 2016,122769,web,cnn.com
NJ,,,Since 2016,121914,web,patch.com
NC,,,Since 2016,121479,web,usatoday.com
AZ,,,Since 2016,121236,web,foxnews.com
IL,,,Since 2016,121130,web,forbes.com
CO,,,Since 2016,117564,web,denverpost.com
GA,,,Since 2016,117185,web,washingtonpost.com
WI,,,Since 2016,116395,web,foxnews.com
WA,,,Since 2016,115703,web,aol.com
KY,,,Since 2016,114352,web,reddit.com
MO,,,Since 2016,114288,web,foxnews.com
AL,,,Since 2016,113203,web,reddit.com
OR,,,Since 2016,111854,web,nytimes.com
CO,,,Since 2016,110991,web,foxnews.com
TN,,,Since 2016,110134,web,aol.com
WA,,,Since 2016,109681,web,washingtonpost.com
CT,,,Since 2016,109468,web,aol.com
MT,,,Since 2016,109367,web,yahoo.com
PA,,,Since 2016,108809,web,forbes.com
MN,,,Since 2016,108598,web,cnn.com
MA,,,Since 2016,108423,web,bostonglobe.com
GA,,,Since 2016,107717,web,wsbtv.com
WI,,,Since 2016,107705,web,nytimes.com
AL,,,Since 2016,107655,web,al.com
CO,,,Since 2016,106772,web,9news.com
SC,,,Since 2016,106641,web,reddit.com
MO,,,Since 2016,106182,web,usatoday.com
SC,,,Since 2016,106135,web,aol.com
MO,,,Since 2016,105309,web,washingtonpost.com
PA,,,Since 2016,104147,web,nbcnews.com
WI,,,Since 2016,101410,web,aol.com
VA,,,Since 2016,100860,web,usatoday.com
IN,,,Since 2016,99763,web,cnn.com
MA,,,Since 2016,99697,web,boston.com
MD,,,Since 2016,99627,web,foxnews.com
IN,,,Since 2016,99066,web,nytimes.com
CT,,,Since 2016,99062,web,nytimes.com
TN,,,Since 2016,97692,web,foxnews.com
WI,,,Since 2016,97531,web,jsonline.com
HI,,,Since 2016,97302,web,yahoo.com
NV,,,Since 2016,96482,web,reddit.com
AZ,,,Since 2016,96475,web,usatoday.com
CO,,,Since 2016,96311,web,usatoday.com
CT,,,Since 2016,96019,web,reddit.com
CO,,,Since 2016,95384,web,washingtonpost.com
MA,,,Since 2016,95149,web,washingtonpost.com
OK,,,Since 2016,94648,web,reddit.com
MN,,,Since 2016,93234,web,aol.com
CT,,,Since 2016,92793,web,cnn.com
MA,,,Since 2016,92553,web,foxnews.com
WI,,,Since 2016,92238,web,usatoday.com
LA,,,Since 2016,91595,web,reddit.com
IN,,,Since 2016,89702,web,foxnews.com
OH,,,Since 2016,89262,web,forbes.com
WA,,,Since 2016,89073,web,usatoday.com
AL,,,Since 2016,87808,web,aol.com
NV,,,Since 2016,86022,web,aol.com
IA,,,Since 2016,85828,web,reddit.com
NC,,,Since 2016,85576,web,forbes.com
MN,,,Since 2016,85508,web,mayoclinic.org
MN,,,Since 2016,85157,web,foxnews.com
RI,,,Since 2016,84385,web,yahoo.com
KY,,,Since 2016,84236,web,aol.com
MA,,,Since 2016,84179,web,wcvb.com
VA,,,Since 2016,83580,web,forbes.com
MD,,,Since 2016,82871,web,usatoday.com
OR,,,Since 2016,82585,web,foxnews.com
WI,,,Since 2016,82515,web,washingtonpost.com
TN,,,Since 2016,82342,web,cnn.com
WA,,,Since 2016,82296,web,komonews.com
AZ,,,Since 2016,81810,web,washingtonpost.com
SC,,,Since 2016,80746,web,nytimes.com
AR,,,Since 2016,80367,web,reddit.com
OR,,,Since 2016,79949,web,washingtonpost.com
KS,,,Since 2016,79732,web,reddit.com
MN,,,Since 2016,79072,web,washingtonpost.com
IN,,,Since 2016,78580,web,washingtonpost.com
TN,,,Since 2016,78552,web,nytimes.com
CT,,,Since 2016,78420,web,patch.com
IN,,,Since 2016,76128,web,indystar.com
MO,,,Since 2016,75309,web,ksdk.com
KY,,,Since 2016,75287,web,cnn.com
MN,,,Since 2016,74319,web,usatoday.com
NH,,,Since 2016,74243,web,wmur.com
OR,,,Since 2016,73489,web,aol.com
AZ,,,Since 2016,72974,web,abc15.com
IN,,,Since 2016,70153,web,usatoday.com
SC,,,Since 2016,69479,web,cnn.com
WY,,,Since 2016,67489,web,yahoo.com
KY,,,Since 2016,67341,web,nytimes.com
LA,,,Since 2016,67298,web,nola.com
KS,,,Since 2016,67162,web,cnn.com
LA,,,Since 2016,67148,web,aol.com
CT,,,Since 2016,66505,web,foxnews.com
MD,,,Since 2016,66156,web,baltimoresun.com
AL,,,Since 2016,65759,web,cnn.com
SD,,,Since 2016,65227,web,yahoo.com
CT,,,Since 2016,65064,web,usatoday.com
AR,,,Since 2016,64553,web,foxnews.com
VA,,,Since 2016,64521,web,npr.org
OR,,,Since 2016,63406,web,nbcnews.com
DE,,,Since 2016,62513,web,aol.com
AK,,,Since 2016,62478,web,yahoo.com
ND,,,Since 2016,62455,web,yahoo.com
SC,,,Since 2016,62193,web,foxnews.com
NE,,,Since 2016,61228,web,reddit.com
VT,,,Since 2016,61215,web,yahoo.com
AL,,,Since 2016,60963,web,foxnews.com
IA,,,Since 2016,60866,web,cnn.com
OR,,,Since 2016,60831,web,usatoday.com
TN,,,Since 2016,60276,web,washingtonpost.com
IA,,,Since 2016,60031,web,aol.com
LA,,,Since 2016,59958,web,foxnews.com
NV,,,Since 2016,59529,web,cnn.com
MD,,,Since 2016,59386,web,forbes.com
UT,,,Since 2016,59287,web,reddit.com
DC,,,Since 2016,59160,web,yahoo.com
UT,,,Since 2016,58263,web,cnn.com
OK,,,Since 2016,58168,web,aol.com
TN,,,Since 2016,58030,web,usatoday.com
MS,,,Since 2016,57634,web,reddit.com
AR,,,Since 2016,57163,web,cnn.com
WI,,,Since 2016,56643,web,dailymail.co.uk
WV,,,Since 2016,55613,web,aol.com
IA,,,Since 2016,54879,web,nytimes.com
KS,,,Since 2016,54614,web,foxnews.com
KY,,,Since 2016,54258,web,foxnews.com
AL,,,Since 2016,53759,web,usatoday.com
AL,,,Since 2016,53541,web,nytimes.com
CT,,,Since 2016,52645,web,nypost.com
CT,,,Since 2016,52335,web,washingtonpost.com
IN,,,Since 2016,50512,web,wthr.com
NH,,,Since 2016,50411,web,reddit.com
LA,,,Since 2016,49897,web,cnn.com
OK,,,Since 2016,49121,web,foxnews.com
SC,,,Since 2016,48341,web,washingtonpost.com
IA,,,Since 2016,47964,web,kcci.com
NV,,,Since 2016,47158,web,nytimes.com
IA,,,Since 2016,46874,web,desmoinesregister.com
UT,,,Since 2016,46440,web,nytimes.com
NH,,,Since 2016,46257,web,aol.com
KS,,,Since 2016,45432,web,kansascity.com
NE,,,Since 2016,45107,web,omaha.com
OK,,,Since 2016,45060,web,nytimes.com
NV,,,Since 2016,45029,web,reviewjournal.com
NM,,,Since 2016,44907,web,koat.com
LA,,,Since 2016,44700,web,nytimes.com
LA,,,Since 2016,44578,web,theadvocate.com
NV,,,Since 2016,44435,web,foxnews.com
OK,,,Since 2016,43968,web,cnn.com
WV,,,Since 2016,43171,web,reddit.com
NH,,,Since 2016,43133,web,nytimes.com
NM,,,Since 2016,43046,web,cnn.com
KS,,,Since 2016,43021,web,nytimes.com
AR,,,Since 2016,42939,web,aol.com
MS,,,Since 2016,41915,web,aol.com
KY,,,Since 2016,41870,web,usatoday.com
LA,,,Since 2016,41219,web,usatoday.com
AR,,,Since 2016,40525,web,nytimes.com
ID,,,Since 2016,40393,web,nytimes.com
TN,,,Since 2016,40376,web,forbes.com
ID,,,Since 2016,39874,web,reddit.com
ME,,,Since 2016,39734,web,reddit.com
NM,,,Since 2016,39427,web,nytimes.com
NH,,,Since 2016,39324,web,cnn.com
KY,,,Since 2016,39004,web,washingtonpost.com
UT,,,Since 2016,38779,web,foxnews.com
TN,,,Since 2016,38669,web,tennessean.com
SC,,,Since 2016,38371,web,usatoday.com
UT,,,Since 2016,38163,web,usatoday.com
IA,,,Since 2016,38129,web,kcrg.com
ME,,,Since 2016,38040,web,bangordailynews.com
IA,,,Since 2016,36927,web,usatoday.com
AR,,,Since 2016,36435,web,arkansasonline.com
NV,,,Since 2016,36295,web,usatoday.com
IA,,,Since 2016,36250,web,foxnews.com
AL,,,Since 2016,36002,web,washingtonpost.com
NM,,,Since 2016,35976,web,reddit.com
NV,,,Since 2016,35650,web,washingtonpost.com
DE,,,Since 2016,35199,web,reddit.com
DE,,,Since 2016,34713,web,cnn.com
AR,,,Since 2016,34665,web,usatoday.com
LA,,,Since 2016,34371,web,washingtonpost.com
ME,,,Since 2016,34130,web,pressherald.com
NE,,,Since 2016,34114,web,nytimes.com
OK,,,Since 2016,34088,web,newson6.com
MS,,,Since 2016,33821,web,cnn.com
KS,,,Since 2016,33810,web,aol.com
ME,,,Since 2016,33556,web,aol.com
NM,,,Since 2016,33538,web,abqjournal.com
NE,,,Since 2016,33477,web,cnn.com
KS,,,Since 2016,33474,web,kansas.com
UT,,,Since 2016,33246,web,sltrib.com
KY,,,Since 2016,33196,web,wdrb.com
KY,,,Since 2016,33020,web,forbes.com
OK,,,Since 2016,32714,web,tulsaworld.com
UT,,,Since 2016,32466,web,washingtonpost.com
SC,,,Since 2016,32358,web,forbes.com
WV,,,Since 2016,32165,web,cnn.com
OK,,,Since 2016,32121,web,kfor.com
AR,,,Since 2016,31420,web,washingtonpost.com
DE,,,Since 2016,31105,web,delawareonline.com
KS,,,Since 2016,30785,web,washingtonpost.com
DC,,,Since 2016,30686,web,washingtonpost.com
AR,,,Since 2016,30415,web,forbes.com
NE,,,Since 2016,30205,web,ketv.com
OK,,,Since 2016,30177,web,news9.com
MS,,,Since 2016,30121,web,foxnews.com
NH,,,Since 2016,29957,web,foxnews.com
NM,,,Since 2016,29918,web,aol.com
WV,,,Since 2016,29775,web,foxnews.com
AL,,,Since 2016,29552,web,forbes.com
SC,,,Since 2016,28854,web,wistv.com
UT,,,Since 2016,28320,web,deseretnews.com
ME,,,Since 2016,28299,web,cnn.com
ID,,,Since 2016,27885,web,washingtonpost.com
NV,,,Since 2016,27878,web,forbes.com
ID,,,Since 2016,27835,web,foxnews.com
ID,,,Since 2016,27517,web,ktvb.com
ME,,,Since 2016,27362,web,nytimes.com
NE,,,Since 2016,27159,web,foxnews.com
NE,,,Since 2016,27000,web,journalstar.com
NM,,,Since 2016,26435,web,washingtonpost.com
KS,,,Since 2016,26294,web,usatoday.com
WV,,,Since 2016,25822,web,wvgazettemail.com
HI,,,Since 2016,25128,web,reddit.com
ME,,,Since 2016,24878,web,foxnews.com
ID,,,Since 2016,24796,web,cnn.com
DE,,,Since 2016,24659,web,foxnews.com
ME,,,Since 2016,24650,web,wgme.com
NE,,,Since 2016,24598,web,washingtonpost.com
WV,,,Since 2016,24594,web,wvmetronews.com
HI,,,Since 2016,24390,web,staradvertiser.com
NE,,,Since 2016,23727,web,dailymail.co.uk
WV,,,Since 2016,23725,web,usatoday.com
ID,,,Since 2016,23695,web,idahostatesman.com
NM,,,Since 2016,23546,web,krqe.com
RI,,,Since 2016,22540,web,aol.com
ME,,,Since 2016,22349,web,wmtw.com
MS,,,Since 2016,21959,web,nytimes.com
MS,,,Since 2016,21812,web,usatoday.com
NM,,,Since 2016,21661,web,foxnews.com
RI,,,Since 2016,21644,web,reddit.com
WV,,,Since 2016,21517,web,wchstv.com
WV,,,Since 2016,20657,web,nytimes.com
DE,,,Since 2016,19906,web,nytimes.com
NH,,,Since 2016,19761,web,washingtonpost.com
DE,,,Since 2016,19703,web,usatoday.com
NH,,,Since 2016,19552,web,usatoday.com
HI,,,Since 2016,19477,web,cnn.com
HI,,,Since 2016,19080,web,hawaiinewsnow.com
SD,,,Since 2016,19074,web,reddit.com
SD,,,Since 2016,19001,web,keloland.com
DC,,,Since 2016,18957,web,nytimes.com
ID,,,Since 2016,18809,web,wsj.com
AK,,,Since 2016,18660,web,adn.com
MT,,,Since 2016,18460,web,reddit.com
ID,,,Since 2016,17753,web,usatoday.com
MT,,,Since 2016,17579,web,billingsgazette.com
MS,,,Since 2016,17558,web,washingtonpost.com
NH,,,Since 2016,17493,web,patch.com
MS,,,Since 2016,17482,web,clarionledger.com
HI,,,Since 2016,16946,web,aol.com
RI,,,Since 2016,16887,web,providencejournal.com
DC,,,Since 2016,16860,web,reddit.com
VT,,,Since 2016,16766,web,reddit.com
MT,,,Since 2016,16424,web,foxnews.com
RI,,,Since 2016,16271,web,turnto10.com
ND,,,Since 2016,16212,web,inforum.com
RI,,,Since 2016,16080,web,nytimes.com
DE,,,Since 2016,15720,web,6abc.com
DC,,,Since 2016,15596,web,cnn.com
RI,,,Since 2016,15503,web,wpri.com
MS,,,Since 2016,15463,web,forbes.com
DE,,,Since 2016,15439,web,washingtonpost.com
RI,,,Since 2016,15408,web,cnn.com
ND,,,Since 2016,15397,web,cnn.com
WY,,,Since 2016,15053,web,reddit.com
MT,,,Since 2016,14859,web,aol.com
ND,,,Since 2016,14204,web,reddit.com
WY,,,Since 2016,14144,web,washingtonpost.com
WY,,,Since 2016,13999,web,nytimes.com
VT,,,Since 2016,13814,web,nytimes.com
SD,,,Since 2016,13718,web,cnn.com
VT,,,Since 2016,13670,web,wcax.com
HI,,,Since 2016,13254,web,nytimes.com
ND,,,Since 2016,12969,web,foxnews.com
DC,,,Since 2016,12744,web,aol.com
AK,,,Since 2016,12659,web,reddit.com
WY,,,Since 2016,12644,web,cnn.com
MT,,,Since 2016,12553,web,cnn.com
SD,,,Since 2016,12337,web,argusleader.com
AK,,,Since 2016,12308,web,foxnews.com
WY,,,Since 2016,12279,web,trib.com
MT,,,Since 2016,11792,web,nytimes.com
AK,,,Since 2016,11237,web,cnn.com
AK,,,Since 2016,11030,web,nytimes.com
ND,,,Since 2016,10865,web,nytimes.com
ND,,,Since 2016,10746,web,washingtonpost.com
VT,,,Since 2016,10372,web,aol.com
ND,,,Since 2016,10097,web,usatoday.com
AK,,,Since 2016,10005,web,washingtonpost.com
VT,,,Since 2016,9912,web,cnn.com
SD,,,Since 2016,9867,web,nytimes.com
HI,,,Since 2016,9794,web,kitv.com
HI,,,Since 2016,9689,web,khon2.com
DC,,,Since 2016,9616,web,huffingtonpost.com
RI,,,Since 2016,9610,web,cnbc.com
RI,,,Since 2016,9564,web,foxnews.com
MT,,,Since 2016,9536,web,usatoday.com
VT,,,Since 2016,9151,web,burlingtonfreepress.com
SD,,,Since 2016,9138,web,foxnews.com
HI,,,Since 2016,9117,web,usatoday.com
DC,,,Since 2016,8959,web,forbes.com
WY,,,Since 2016,8618,web,nbcnews.com
MT,,,Since 2016,8472,web,missoulian.com
DC,,,Since 2016,8434,web,usatoday.com
WY,,,Since 2016,8247,web,thehill.com
ND,,,Since 2016,8202,web,bismarcktribune.com
VT,,,Since 2016,8119,web,usatoday.com
MT,,,Since 2016,8035,web,washingtonpost.com
ND,,,Since 2016,7998,web,valleynewslive.com
SD,,,Since 2016,7917,web,washingtonpost.com
DC,,,Since 2016,7830,web,wsj.com
SD,,,Since 2016,7789,web,usatoday.com
AK,,,Since 2016,7729,web,usatoday.com
WY,,,Since 2016,7180,web,foxnews.com
WY,,,Since 2016,6989,web,npr.org
VT,,,Since 2016,6692,web,washingtonpost.com
VT,,,Since 2016,6495,web,bbc.com
AK,,,Since 2016,6449,web,ktuu.com
SD,,,Since 2016,5681,web,rapidcityjournal.com
AK,,,Since 2016,5002,web,dailymail.co.uk
