state,program,network,period,value,medium,domain
CA,CNN NEWSROOM,CNN,Last 3 months,2021322,tv,
FL,"FIVE, THE",FOXNC,Last 3 months,1634166,tv,
FL,SPECIAL RPT W/BRET BAIER,FOXNC,Last 3 months,1469856,tv,
CA,HANNITY,FOXNC,Last 3 months,1460036,tv,
FL,HANNITY,FOXNC,Last 3 months,1388943,tv,
FL,JESSE WATTERS PRIMETIME,FOXNC,Last 3 months,1375957,tv,
CA,LAST WORD W/ L. ODONNELL,MSNBC,Last 3 months,1341075,tv,
FL,CNN NEWSROOM,CNN,Last 3 months,1326642,tv,
FL,FOX AND FRIENDS,FOXNC,Last 3 months,1324474,tv,
CA,ALEX WAGNER TONIGHT,MSNBC,Last 3 months,1304800,tv,
FL,"INGRAHAM ANGLE, THE",FOXNC,Last 3 months,1287169,tv,
CA,ANDERSON COOPER 360,CNN,Last 3 months,1224687,tv,
FL,AMERICAS NEWSROOM,FOXNC,Last 3 months,1204445,tv,
CA,DEADLINE:WHITE HOUSE,MSNBC,Last 3 months,1188708,tv,
CA,"FIVE, THE",FOXNC,Last 3 months,1186134,tv,
TX,CNN NEWSROOM,CNN,Last 3 months,1185844,tv,
FL,AMERICA REPORTS,FOXNC,Last 3 months,1178316,tv,
CA,11TH HOUR W/B. WILLIAMS,MSNBC,Last 3 months,1177505,tv,
CA,JESSE WATTERS PRIMETIME,FOXNC,Last 3 months,1166457,tv,
FL,FOX NEWS LIVE,FOXNC,Last 3 months,1155786,tv,
NY,CNN NEWSROOM,CNN,Last 3 months,1155485,tv,
CA,BEAT W/ARI MELBER,MSNBC,Last 3 months,1151379,tv,
TX,"FIVE, THE",FOXNC,Last 3 months,1040867,tv,
PA,"FIVE, THE",FOXNC,Last 3 months,1001273,tv,
TX,JESSE WATTERS PRIMETIME,FOXNC,Last 3 months,953805,tv,
TX,HANNITY,FOXNC,Last 3 months,932799,tv,
TX,SPECIAL RPT W/BRET BAIER,FOXNC,Last 3 months,898834,tv,
PA,HANNITY,FOXNC,Last 3 months,848520,tv,
NY,MORNING JOE,MSNBC,Last 3 months,847781,tv,
PA,FOX AND FRIENDS,FOXNC,Last 3 months,847761,tv,
TX,"INGRAHAM ANGLE, THE",FOXNC,Last 3 months,837534,tv,
TX,AMERICAS NEWSROOM,FOXNC,Last 3 months,836971,tv,
TX,FOX NEWS LIVE,FOXNC,Last 3 months,807686,tv,
TX,GUTFELD!,FOXNC,Last 3 months,800124,tv,
TX,AMERICA REPORTS,FOXNC,Last 3 months,797711,tv,
PA,SPECIAL RPT W/BRET BAIER,FOXNC,Last 3 months,795085,tv,
PA,JESSE WATTERS PRIMETIME,FOXNC,Last 3 months,793357,tv,
NY,BEAT W/ARI MELBER,MSNBC,Last 3 months,785566,tv,
NY,"FIVE, THE",FOXNC,Last 3 months,770527,tv,
NY,DEADLINE:WHITE HOUSE,MSNBC,Last 3 months,735201,tv,
PA,GUTFELD!,FOXNC,Last 3 months,724260,tv,
OH,HANNITY,FOXNC,Last 3 months,723919,tv,
NY,LAST WORD W/ L. ODONNELL,MSNBC,Last 3 months,717737,tv,
OH,"FIVE, THE",FOXNC,Last 3 months,714666,tv,
PA,FOX NEWS LIVE,FOXNC,Last 3 months,712096,tv,
NY,HANNITY,FOXNC,Last 3 months,708825,tv,
NC,"FIVE, THE",FOXNC,Last 3 months,698235,tv,
PA,"INGRAHAM ANGLE, THE",FOXNC,Last 3 months,694293,tv,
OH,JESSE WATTERS PRIMETIME,FOXNC,Last 3 months,674785,tv,
NY,ANDERSON COOPER 360,CNN,Last 3 months,670464,tv,
NY,ALEX WAGNER TONIGHT,MSNBC,Last 3 months,656913,tv,
NY,REIDOUT,MSNBC,Last 3 months,655977,tv,
VA,CNN NEWSROOM,CNN,Last 3 months,654652,tv,
PA,CNN NEWSROOM,CNN,Last 3 months,646433,tv,
PA,AMERICA REPORTS,FOXNC,Last 3 months,644244,tv,
OH,CNN NEWSROOM,CNN,Last 3 months,639702,tv,
IL,CNN NEWSROOM,CNN,Last 3 months,639329,tv,
NJ,"FIVE, THE",FOXNC,Last 3 months,638988,tv,
IL,"FIVE, THE",FOXNC,Last 3 months,615593,tv,
OH,"INGRAHAM ANGLE, THE",FOXNC,Last 3 months,612775,tv,
GA,"FIVE, THE",FOXNC,Last 3 months,611555,tv,
NC,HANNITY,FOXNC,Last 3 months,602795,tv,
OH,SPECIAL RPT W/BRET BAIER,FOXNC,Last 3 months,599268,tv,
NC,SPECIAL RPT W/BRET BAIER,FOXNC,Last 3 months,596500,tv,
NJ,CNN NEWSROOM,CNN,Last 3 months,593388,tv,
NC,CNN NEWSROOM,CNN,Last 3 months,593107,tv,
NC,JESSE WATTERS PRIMETIME,FOXNC,Last 3 months,589214,tv,
GA,HANNITY,FOXNC,Last 3 months,576350,tv,
NC,FOX AND FRIENDS,FOXNC,Last 3 months,575553,tv,
GA,JESSE WATTERS PRIMETIME,FOXNC,Last 3 months,572982,tv,
GA,"INGRAHAM ANGLE, THE",FOXNC,Last 3 months,559117,tv,
OH,GUTFELD!,FOXNC,Last 3 months,557952,tv,
GA,SPECIAL RPT W/BRET BAIER,FOXNC,Last 3 months,556371,tv,
MI,"FIVE, THE",FOXNC,Last 3 months,555403,tv,
TN,"FIVE, THE",FOXNC,Last 3 months,553193,tv,
MA,CNN NEWSROOM,CNN,Last 3 months,551748,tv,
OH,AMERICA REPORTS,FOXNC,Last 3 months,544075,tv,
NC,"INGRAHAM ANGLE, THE",FOXNC,Last 3 months,543427,tv,
NC,AMERICAS NEWSROOM,FOXNC,Last 3 months,534887,tv,
NC,AMERICA REPORTS,FOXNC,Last 3 months,519342,tv,
NJ,HANNITY,FOXNC,Last 3 months,518879,tv,
OH,FOX AND FRIENDS,FOXNC,Last 3 months,515328,tv,
GA,AMERICAS NEWSROOM,FOXNC,Last 3 months,507421,tv,
MI,CNN NEWSROOM,CNN,Last 3 months,506040,tv,
OH,AMERICAS NEWSROOM,FOXNC,Last 3 months,504013,tv,
VA,"FIVE, THE",FOXNC,Last 3 months,503017,tv,
NJ,JESSE WATTERS PRIMETIME,FOXNC,Last 3 months,499408,tv,
GA,FOX AND FRIENDS,FOXNC,Last 3 months,498531,tv,
NC,GUTFELD!,FOXNC,Last 3 months,497034,tv,
IL,JESSE WATTERS PRIMETIME,FOXNC,Last 3 months,488901,tv,
IL,HANNITY,FOXNC,Last 3 months,485727,tv,
NJ,SPECIAL RPT W/BRET BAIER,FOXNC,Last 3 months,480137,tv,
MI,SPECIAL RPT W/BRET BAIER,FOXNC,Last 3 months,477387,tv,
GA,FOX NEWS LIVE,FOXNC,Last 3 months,474826,tv,
MI,JESSE WATTERS PRIMETIME,FOXNC,Last 3 months,473878,tv,
TN,AMERICAS NEWSROOM,FOXNC,Last 3 months,472269,tv,
MD,CNN NEWSROOM,CNN,Last 3 months,471257,tv,
TN,SPECIAL RPT W/BRET BAIER,FOXNC,Last 3 months,470441,tv,
VA,SPECIAL RPT W/BRET BAIER,FOXNC,Last 3 months,470068,tv,
IL,"INGRAHAM ANGLE, THE",FOXNC,Last 3 months,467457,tv,
GA,CNN NEWSROOM,CNN,Last 3 months,462820,tv,
IL,GUTFELD!,FOXNC,Last 3 months,461952,tv,
MI,HANNITY,FOXNC,Last 3 months,460662,tv,
GA,OUTNUMBERED,FOXNC,Last 3 months,458576,tv,
TN,FOX AND FRIENDS,FOXNC,Last 3 months,453061,tv,
IN,"FIVE, THE",FOXNC,Last 3 months,450208,tv,
TN,FOX NEWS LIVE,FOXNC,Last 3 months,442347,tv,
TN,HANNITY,FOXNC,Last 3 months,441034,tv,
MO,"FIVE, THE",FOXNC,Last 3 months,437814,tv,
IL,SPECIAL RPT W/BRET BAIER,FOXNC,Last 3 months,436526,tv,
IL,MORNING JOE,MSNBC,Last 3 months,436470,tv,
TN,AMERICA REPORTS,FOXNC,Last 3 months,434192,tv,
VA,MORNING JOE,MSNBC,Last 3 months,434121,tv,
NJ,FOX NEWS LIVE,FOXNC,Last 3 months,432548,tv,
VA,JESSE WATTERS PRIMETIME,FOXNC,Last 3 months,430668,tv,
NJ,GUTFELD!,FOXNC,Last 3 months,430444,tv,
NJ,AMERICA REPORTS,FOXNC,Last 3 months,430215,tv,
VA,"INGRAHAM ANGLE, THE",FOXNC,Last 3 months,428165,tv,
TN,JESSE WATTERS PRIMETIME,FOXNC,Last 3 months,427848,tv,
VA,HANNITY,FOXNC,Last 3 months,424726,tv,
TN,OUTNUMBERED,FOXNC,Last 3 months,424374,tv,
MI,GUTFELD!,FOXNC,Last 3 months,417075,tv,
NJ,FOX AND FRIENDS,FOXNC,Last 3 months,406166,tv,
SC,"FIVE, THE",FOXNC,Last 3 months,405413,tv,
MI,"INGRAHAM ANGLE, THE",FOXNC,Last 3 months,403558,tv,
TN,"FAULKNER FOCUS, THE",FOXNC,Last 3 months,399333,tv,
AL,"FIVE, THE",FOXNC,Last 3 months,397457,tv,
NJ,"INGRAHAM ANGLE, THE",FOXNC,Last 3 months,390567,tv,
IL,LAST WORD W/ L. ODONNELL,MSNBC,Last 3 months,389954,tv,
MO,HANNITY,FOXNC,Last 3 months,389012,tv,
MI,FOX AND FRIENDS,FOXNC,Last 3 months,387163,tv,
IL,BEAT W/ARI MELBER,MSNBC,Last 3 months,379993,tv,
MO,SPECIAL RPT W/BRET BAIER,FOXNC,Last 3 months,379095,tv,
VA,FOX NEWS LIVE,FOXNC,Last 3 months,375277,tv,
IN,HANNITY,FOXNC,Last 3 months,370360,tv,
AZ,"FIVE, THE",FOXNC,Last 3 months,369872,tv,
AL,JESSE WATTERS PRIMETIME,FOXNC,Last 3 months,369253,tv,
MI,MORNING JOE,MSNBC,Last 3 months,369063,tv,
VA,GUTFELD!,FOXNC,Last 3 months,369029,tv,
IN,SPECIAL RPT W/BRET BAIER,FOXNC,Last 3 months,368086,tv,
MI,AMERICA REPORTS,FOXNC,Last 3 months,367720,tv,
IN,FOX AND FRIENDS,FOXNC,Last 3 months,366960,tv,
MO,JESSE WATTERS PRIMETIME,FOXNC,Last 3 months,363283,tv,
SC,"INGRAHAM ANGLE, THE",FOXNC,Last 3 months,361719,tv,
VA,AMERICA REPORTS,FOXNC,Last 3 months,358246,tv,
SC,SPECIAL RPT W/BRET BAIER,FOXNC,Last 3 months,357322,tv,
SC,HANNITY,FOXNC,Last 3 months,357092,tv,
AL,HANNITY,FOXNC,Last 3 months,354979,tv,
AZ,JESSE WATTERS PRIMETIME,FOXNC,Last 3 months,353431,tv,
MO,"INGRAHAM ANGLE, THE",FOXNC,Last 3 months,349462,tv,
IN,GUTFELD!,FOXNC,Last 3 months,348743,tv,
IN,JESSE WATTERS PRIMETIME,FOXNC,Last 3 months,347267,tv,
AL,AMERICA REPORTS,FOXNC,Last 3 months,347208,tv,
SC,JESSE WATTERS PRIMETIME,FOXNC,Last 3 months,346137,tv,
AZ,HANNITY,FOXNC,Last 3 months,344716,tv,
AZ,CNN NEWSROOM,CNN,Last 3 months,343356,tv,
IN,"INGRAHAM ANGLE, THE",FOXNC,Last 3 months,341272,tv,
MD,MORNING JOE,MSNBC,Last 3 months,341035,tv,
MD,BEAT W/ARI MELBER,MSNBC,Last 3 months,337861,tv,
AL,FOX NEWS LIVE,FOXNC,Last 3 months,334736,tv,
SC,FOX AND FRIENDS,FOXNC,Last 3 months,332208,tv,
AL,AMERICAS NEWSROOM,FOXNC,Last 3 months,330678,tv,
AL,SPECIAL RPT W/BRET BAIER,FOXNC,Last 3 months,329908,tv,
WI,"FIVE, THE",FOXNC,Last 3 months,329297,tv,
AL,"INGRAHAM ANGLE, THE",FOXNC,Last 3 months,329269,tv,
MD,DEADLINE:WHITE HOUSE,MSNBC,Last 3 months,329216,tv,
AZ,SPECIAL RPT W/BRET BAIER,FOXNC,Last 3 months,328077,tv,
MA,LEAD WITH JAKE TAPPER,CNN,Last 3 months,327383,tv,
IN,FOX NEWS LIVE,FOXNC,Last 3 months,325831,tv,
MO,GUTFELD!,FOXNC,Last 3 months,324889,tv,
NV,CNN NEWSROOM,CNN,Last 3 months,323171,tv,
MD,LAST WORD W/ L. ODONNELL,MSNBC,Last 3 months,322568,tv,
MO,FOX NEWS LIVE,FOXNC,Last 3 months,320593,tv,
SC,OUTNUMBERED,FOXNC,Last 3 months,320391,tv,
AZ,FOX NEWS LIVE,FOXNC,Last 3 months,318367,tv,
AZ,GUTFELD!,FOXNC,Last 3 months,317846,tv,
SC,AMERICA REPORTS,FOXNC,Last 3 months,313732,tv,
WI,CNN NEWSROOM,CNN,Last 3 months,312646,tv,
AZ,"INGRAHAM ANGLE, THE",FOXNC,Last 3 months,311864,tv,
MA,MORNING JOE,MSNBC,Last 3 months,310446,tv,
AL,OUTNUMBERED,FOXNC,Last 3 months,309462,tv,
IN,AMERICAS NEWSROOM,FOXNC,Last 3 months,308916,tv,
AL,FOX AND FRIENDS,FOXNC,Last 3 months,308764,tv,
SC,FOX NEWS LIVE,FOXNC,Last 3 months,306705,tv,
IN,AMERICA REPORTS,FOXNC,Last 3 months,304943,tv,
MO,AMERICA REPORTS,FOXNC,Last 3 months,304483,tv,
MD,ALEX WAGNER TONIGHT,MSNBC,Last 3 months,303731,tv,
MA,DEADLINE:WHITE HOUSE,MSNBC,Last 3 months,303497,tv,
MO,OUTNUMBERED,FOXNC,Last 3 months,300643,tv,
WA,CNN NEWSROOM,CNN,Last 3 months,300548,tv,
WA,"FIVE, THE",FOXNC,Last 3 months,299362,tv,
SC,AMERICAS NEWSROOM,FOXNC,Last 3 months,296101,tv,
MO,"FAULKNER FOCUS, THE",FOXNC,Last 3 months,293916,tv,
MA,ANDERSON COOPER 360,CNN,Last 3 months,292555,tv,
AZ,AMERICA REPORTS,FOXNC,Last 3 months,290629,tv,
MD,ANDERSON COOPER 360,CNN,Last 3 months,290084,tv,
MD,ALL IN W/ CHRIS HAYES,MSNBC,Last 3 months,289939,tv,
MD,REIDOUT,MSNBC,Last 3 months,286569,tv,
WA,HANNITY,FOXNC,Last 3 months,284180,tv,
KY,"FIVE, THE",FOXNC,Last 3 months,283517,tv,
WA,JESSE WATTERS PRIMETIME,FOXNC,Last 3 months,274472,tv,
WI,JESSE WATTERS PRIMETIME,FOXNC,Last 3 months,273177,tv,
MD,11TH HOUR W/B. WILLIAMS,MSNBC,Last 3 months,267691,tv,
MA,BEAT W/ARI MELBER,MSNBC,Last 3 months,266166,tv,
MA,ALL IN W/ CHRIS HAYES,MSNBC,Last 3 months,266007,tv,
AR,"FIVE, THE",FOXNC,Last 3 months,263638,tv,
MN,"FIVE, THE",FOXNC,Last 3 months,261920,tv,
WA,LAST WORD W/ L. ODONNELL,MSNBC,Last 3 months,260805,tv,
AZ,"STORY, THE",FOXNC,Last 3 months,260790,tv,
MA,SITUATION ROOM,CNN,Last 3 months,260688,tv,
WI,HANNITY,FOXNC,Last 3 months,260237,tv,
LA,"FIVE, THE",FOXNC,Last 3 months,259671,tv,
MA,"FIVE, THE",FOXNC,Last 3 months,257110,tv,
WA,ALEX WAGNER TONIGHT,MSNBC,Last 3 months,255832,tv,
CO,CNN NEWSROOM,CNN,Last 3 months,254757,tv,
OK,HANNITY,FOXNC,Last 3 months,253052,tv,
WA,GUTFELD!,FOXNC,Last 3 months,250477,tv,
OR,CNN NEWSROOM,CNN,Last 3 months,249999,tv,
WI,"INGRAHAM ANGLE, THE",FOXNC,Last 3 months,249826,tv,
AR,FOX NEWS LIVE,FOXNC,Last 3 months,246783,tv,
OK,"INGRAHAM ANGLE, THE",FOXNC,Last 3 months,245820,tv,
LA,JESSE WATTERS PRIMETIME,FOXNC,Last 3 months,244905,tv,
OK,JESSE WATTERS PRIMETIME,FOXNC,Last 3 months,243801,tv,
MA,ALEX WAGNER TONIGHT,MSNBC,Last 3 months,243289,tv,
OK,"FIVE, THE",FOXNC,Last 3 months,239331,tv,
LA,AMERICA REPORTS,FOXNC,Last 3 months,238087,tv,
WA,BEAT W/ARI MELBER,MSNBC,Last 3 months,237481,tv,
WA,ALL IN W/ CHRIS HAYES,MSNBC,Last 3 months,237376,tv,
AR,AMERICAS NEWSROOM,FOXNC,Last 3 months,236871,tv,
MN,HANNITY,FOXNC,Last 3 months,236289,tv,
AR,OUTNUMBERED,FOXNC,Last 3 months,235852,tv,
KY,SPECIAL RPT W/BRET BAIER,FOXNC,Last 3 months,235386,tv,
LA,HANNITY,FOXNC,Last 3 months,234376,tv,
WA,11TH HOUR W/B. WILLIAMS,MSNBC,Last 3 months,233128,tv,
WI,AMERICAS NEWSROOM,FOXNC,Last 3 months,230208,tv,
KY,AMERICAS NEWSROOM,FOXNC,Last 3 months,227774,tv,
NV,HANNITY,FOXNC,Last 3 months,226145,tv,
KY,FOX NEWS LIVE,FOXNC,Last 3 months,225297,tv,
KY,HANNITY,FOXNC,Last 3 months,224491,tv,
OK,AMERICA REPORTS,FOXNC,Last 3 months,216757,tv,
CO,"FIVE, THE",FOXNC,Last 3 months,216724,tv,
AR,FOX AND FRIENDS,FOXNC,Last 3 months,216584,tv,
AR,AMERICA REPORTS,FOXNC,Last 3 months,216243,tv,
AR,SPECIAL RPT W/BRET BAIER,FOXNC,Last 3 months,216024,tv,
WI,AMERICA REPORTS,FOXNC,Last 3 months,215394,tv,
MN,SPECIAL RPT W/BRET BAIER,FOXNC,Last 3 months,212816,tv,
KY,FOX AND FRIENDS,FOXNC,Last 3 months,211154,tv,
LA,"INGRAHAM ANGLE, THE",FOXNC,Last 3 months,210028,tv,
CO,GUTFELD!,FOXNC,Last 3 months,209755,tv,
OK,SPECIAL RPT W/BRET BAIER,FOXNC,Last 3 months,209164,tv,
WI,YOUR WORLD W/NEIL CAVUTO,FOXNC,Last 3 months,208700,tv,
WI,OUTNUMBERED,FOXNC,Last 3 months,208560,tv,
LA,AMERICAS NEWSROOM,FOXNC,Last 3 months,207608,tv,
AR,HANNITY,FOXNC,Last 3 months,207332,tv,
MN,FOX NEWS LIVE,FOXNC,Last 3 months,206516,tv,
MN,GUTFELD!,FOXNC,Last 3 months,204447,tv,
WI,GUTFELD!,FOXNC,Last 3 months,202896,tv,
NV,FOX NEWS LIVE,FOXNC,Last 3 months,201690,tv,
CT,"FIVE, THE",FOXNC,Last 3 months,201533,tv,
MN,JESSE WATTERS PRIMETIME,FOXNC,Last 3 months,200344,tv,
KY,AMERICA REPORTS,FOXNC,Last 3 months,199980,tv,
MN,CNN NEWSROOM,CNN,Last 3 months,199866,tv,
LA,GUTFELD!,FOXNC,Last 3 months,199566,tv,
AR,"INGRAHAM ANGLE, THE",FOXNC,Last 3 months,199247,tv,
AR,"FAULKNER FOCUS, THE",FOXNC,Last 3 months,198419,tv,
OK,GUTFELD!,FOXNC,Last 3 months,197594,tv,
NV,OUTNUMBERED,FOXNC,Last 3 months,196456,tv,
OK,CNN NEWSROOM,CNN,Last 3 months,196089,tv,
LA,FOX NEWS LIVE,FOXNC,Last 3 months,195708,tv,
MN,AMERICAS NEWSROOM,FOXNC,Last 3 months,195360,tv,
NV,"FIVE, THE",FOXNC,Last 3 months,195321,tv,
NV,"INGRAHAM ANGLE, THE",FOXNC,Last 3 months,195295,tv,
LA,"STORY, THE",FOXNC,Last 3 months,195215,tv,
LA,OUTNUMBERED,FOXNC,Last 3 months,195030,tv,
NV,JESSE WATTERS PRIMETIME,FOXNC,Last 3 months,194896,tv,
NV,GUTFELD!,FOXNC,Last 3 months,194081,tv,
OK,AMERICAS NEWSROOM,FOXNC,Last 3 months,193360,tv,
CO,JESSE WATTERS PRIMETIME,FOXNC,Last 3 months,192550,tv,
KY,"INGRAHAM ANGLE, THE",FOXNC,Last 3 months,191684,tv,
OK,FOX NEWS LIVE,FOXNC,Last 3 months,191383,tv,
KY,JESSE WATTERS PRIMETIME,FOXNC,Last 3 months,191211,tv,
MN,"INGRAHAM ANGLE, THE",FOXNC,Last 3 months,190906,tv,
CT,FOX AND FRIENDS,FOXNC,Last 3 months,190891,tv,
CT,CNN NEWSROOM,CNN,Last 3 months,188252,tv,
MN,AMERICA REPORTS,FOXNC,Last 3 months,187585,tv,
OR,HANNITY,FOXNC,Last 3 months,187505,tv,
NV,SPECIAL RPT W/BRET BAIER,FOXNC,Last 3 months,187244,tv,
CT,JESSE WATTERS PRIMETIME,FOXNC,Last 3 months,186838,tv,
CO,SPECIAL RPT W/BRET BAIER,FOXNC,Last 3 months,186423,tv,
CT,HANNITY,FOXNC,Last 3 months,184793,tv,
CO,HANNITY,FOXNC,Last 3 months,184314,tv,
KS,JESSE WATTERS PRIMETIME,FOXNC,Last 3 months,182765,tv,
NV,AMERICA REPORTS,FOXNC,Last 3 months,182644,tv,
KY,"FAULKNER FOCUS, THE",FOXNC,Last 3 months,181105,tv,
MS,"FIVE, THE",FOXNC,Last 3 months,180835,tv,
KS,"INGRAHAM ANGLE, THE",FOXNC,Last 3 months,177851,tv,
IA,"FIVE, THE",FOXNC,Last 3 months,177846,tv,
CO,"INGRAHAM ANGLE, THE",FOXNC,Last 3 months,172348,tv,
CT,GUTFELD!,FOXNC,Last 3 months,172023,tv,
KS,HANNITY,FOXNC,Last 3 months,170706,tv,
CT,AMERICA REPORTS,FOXNC,Last 3 months,170454,tv,
NE,"FIVE, THE",FOXNC,Last 3 months,168497,tv,
CT,MORNING JOE,MSNBC,Last 3 months,168263,tv,
CT,SPECIAL RPT W/BRET BAIER,FOXNC,Last 3 months,166622,tv,
CO,BEAT W/ARI MELBER,MSNBC,Last 3 months,166590,tv,
KS,SPECIAL RPT W/BRET BAIER,FOXNC,Last 3 months,165234,tv,
UT,HANNITY,FOXNC,Last 3 months,164847,tv,
OR,ALEX WAGNER TONIGHT,MSNBC,Last 3 months,159584,tv,
IA,HANNITY,FOXNC,Last 3 months,158131,tv,
CO,AMERICA REPORTS,FOXNC,Last 3 months,157838,tv,
OR,ALL IN W/ CHRIS HAYES,MSNBC,Last 3 months,156617,tv,
OR,LAST WORD W/ L. ODONNELL,MSNBC,Last 3 months,155792,tv,
NE,JESSE WATTERS PRIMETIME,FOXNC,Last 3 months,155681,tv,
CO,FOX NEWS LIVE,FOXNC,Last 3 months,155366,tv,
UT,JESSE WATTERS PRIMETIME,FOXNC,Last 3 months,154125,tv,
CT,OUTNUMBERED,FOXNC,Last 3 months,153411,tv,
MS,HANNITY,FOXNC,Last 3 months,152638,tv,
OR,BEAT W/ARI MELBER,MSNBC,Last 3 months,151502,tv,
MS,FOX NEWS LIVE,FOXNC,Last 3 months,150558,tv,
OR,ANDERSON COOPER 360,CNN,Last 3 months,149675,tv,
IA,JESSE WATTERS PRIMETIME,FOXNC,Last 3 months,149575,tv,
ME,CNN NEWSROOM,CNN,Last 3 months,148783,tv,
OR,CHRIS JANSING REPORTS,MSNBC,Last 3 months,148524,tv,
MS,SPECIAL RPT W/BRET BAIER,FOXNC,Last 3 months,148493,tv,
OR,DEADLINE:WHITE HOUSE,MSNBC,Last 3 months,147665,tv,
OR,GUTFELD!,FOXNC,Last 3 months,147557,tv,
NE,"INGRAHAM ANGLE, THE",FOXNC,Last 3 months,147184,tv,
WV,"FIVE, THE",FOXNC,Last 3 months,145432,tv,
UT,"FIVE, THE",FOXNC,Last 3 months,144819,tv,
IA,GUTFELD!,FOXNC,Last 3 months,142409,tv,
KS,"FIVE, THE",FOXNC,Last 3 months,141940,tv,
IA,CNN NEWSROOM,CNN,Last 3 months,141736,tv,
KS,FOX AND FRIENDS,FOXNC,Last 3 months,138973,tv,
NE,AMERICA REPORTS,FOXNC,Last 3 months,138253,tv,
NE,SPECIAL RPT W/BRET BAIER,FOXNC,Last 3 months,137910,tv,
KS,GUTFELD!,FOXNC,Last 3 months,136652,tv,
MS,"INGRAHAM ANGLE, THE",FOXNC,Last 3 months,135883,tv,
KS,AMERICAS NEWSROOM,FOXNC,Last 3 months,135845,tv,
UT,"INGRAHAM ANGLE, THE",FOXNC,Last 3 months,135670,tv,
WV,HANNITY,FOXNC,Last 3 months,134353,tv,
IA,"INGRAHAM ANGLE, THE",FOXNC,Last 3 months,132955,tv,
WV,JESSE WATTERS PRIMETIME,FOXNC,Last 3 months,132799,tv,
NE,HANNITY,FOXNC,Last 3 months,132349,tv,
NE,GUTFELD!,FOXNC,Last 3 months,132217,tv,
MS,JESSE WATTERS PRIMETIME,FOXNC,Last 3 months,132175,tv,
MS,AMERICA REPORTS,FOXNC,Last 3 months,131704,tv,
NE,FOX NEWS LIVE,FOXNC,Last 3 months,131046,tv,
KS,FOX NEWS LIVE,FOXNC,Last 3 months,130963,tv,
KS,AMERICA REPORTS,FOXNC,Last 3 months,130172,tv,
UT,SPECIAL RPT W/BRET BAIER,FOXNC,Last 3 months,129602,tv,
IA,SPECIAL RPT W/BRET BAIER,FOXNC,Last 3 months,125999,tv,
IA,FOX NEWS LIVE,FOXNC,Last 3 months,124738,tv,
UT,FOX NEWS LIVE,FOXNC,Last 3 months,123620,tv,
NM,CNN NEWSROOM,CNN,Last 3 months,123244,tv,
MS,OUTNUMBERED,FOXNC,Last 3 months,122994,tv,
WV,"INGRAHAM ANGLE, THE",FOXNC,Last 3 months,122494,tv,
UT,GUTFELD!,FOXNC,Last 3 months,122404,tv,
IA,AMERICA REPORTS,FOXNC,Last 3 months,122104,tv,
WV,SPECIAL RPT W/BRET BAIER,FOXNC,Last 3 months,120532,tv,
MS,FOX AND FRIENDS,FOXNC,Last 3 months,119375,tv,
WV,FOX NEWS LIVE,FOXNC,Last 3 months,117572,tv,
WV,FOX AND FRIENDS,FOXNC,Last 3 months,117132,tv,
WV,GUTFELD!,FOXNC,Last 3 months,116649,tv,
ID,"FIVE, THE",FOXNC,Last 3 months,115926,tv,
ID,HANNITY,FOXNC,Last 3 months,115340,tv,
ID,JESSE WATTERS PRIMETIME,FOXNC,Last 3 months,114903,tv,
MS,GUTFELD!,FOXNC,Last 3 months,114852,tv,
HI,CNN NEWSROOM,CNN,Last 3 months,113018,tv,
NE,YOUR WORLD W/NEIL CAVUTO,FOXNC,Last 3 months,112681,tv,
ID,GUTFELD!,FOXNC,Last 3 months,111291,tv,
NE,AMERICAS NEWSROOM,FOXNC,Last 3 months,108129,tv,
IA,OUTNUMBERED,FOXNC,Last 3 months,107015,tv,
NM,"FIVE, THE",FOXNC,Last 3 months,104609,tv,
ID,"INGRAHAM ANGLE, THE",FOXNC,Last 3 months,104387,tv,
UT,AMERICAS NEWSROOM,FOXNC,Last 3 months,103911,tv,
SD,HANNITY,FOXNC,Last 3 months,103087,tv,
UT,AMERICA REPORTS,FOXNC,Last 3 months,102718,tv,
SD,"INGRAHAM ANGLE, THE",FOXNC,Last 3 months,102627,tv,
UT,"FAULKNER FOCUS, THE",FOXNC,Last 3 months,102123,tv,
NM,BEAT W/ARI MELBER,MSNBC,Last 3 months,102069,tv,
RI,CNN NEWSROOM,CNN,Last 3 months,101751,tv,
MT,GUTFELD!,FOXNC,Last 3 months,98942,tv,
MT,SPECIAL RPT W/BRET BAIER,FOXNC,Last 3 months,97258,tv,
SD,JESSE WATTERS PRIMETIME,FOXNC,Last 3 months,97151,tv,
ME,ERIN BURNETT OUTFRONT,CNN,Last 3 months,96953,tv,
NM,JESSE WATTERS PRIMETIME,FOXNC,Last 3 months,96489,tv,
NM,LAST WORD W/ L. ODONNELL,MSNBC,Last 3 months,96295,tv,
WV,AMERICAS NEWSROOM,FOXNC,Last 3 months,96247,tv,
WV,AMERICA REPORTS,FOXNC,Last 3 months,96149,tv,
NM,DEADLINE:WHITE HOUSE,MSNBC,Last 3 months,96103,tv,
NM,ALEX WAGNER TONIGHT,MSNBC,Last 3 months,94498,tv,
NM,ALL IN W/ CHRIS HAYES,MSNBC,Last 3 months,92150,tv,
NM,MORNING JOE,MSNBC,Last 3 months,92024,tv,
ID,AMERICA REPORTS,FOXNC,Last 3 months,91920,tv,
SD,SPECIAL RPT W/BRET BAIER,FOXNC,Last 3 months,90747,tv,
NM,AMERICA REPORTS,FOXNC,Last 3 months,87461,tv,
ID,SPECIAL RPT W/BRET BAIER,FOXNC,Last 3 months,87449,tv,
ME,ANDERSON COOPER 360,CNN,Last 3 months,86999,tv,
SD,"FIVE, THE",FOXNC,Last 3 months,86772,tv,
ME,LEAD WITH JAKE TAPPER,CNN,Last 3 months,86380,tv,
HI,LAST WORD W/ L. ODONNELL,MSNBC,Last 3 months,86072,tv,
MT,JESSE WATTERS PRIMETIME,FOXNC,Last 3 months,85714,tv,
SD,GUTFELD!,FOXNC,Last 3 months,84267,tv,
HI,11TH HOUR W/B. WILLIAMS,MSNBC,Last 3 months,82484,tv,
HI,ANDERSON COOPER 360,CNN,Last 3 months,82407,tv,
HI,LEAD WITH JAKE TAPPER,CNN,Last 3 months,80302,tv,
HI,ALEX WAGNER TONIGHT,MSNBC,Last 3 months,79867,tv,
MT,"FIVE, THE",FOXNC,Last 3 months,77966,tv,
ID,OUTNUMBERED,FOXNC,Last 3 months,77835,tv,
NH,GUTFELD!,FOXNC,Last 3 months,74547,tv,
MT,CNN NEWSROOM,CNN,Last 3 months,73236,tv,
RI,MORNING JOE,MSNBC,Last 3 months,72445,tv,
NH,MORNING JOE,MSNBC,Last 3 months,72294,tv,
NH,"FIVE, THE",FOXNC,Last 3 months,71370,tv,
ME,MORNING JOE,MSNBC,Last 3 months,70740,tv,
MT,AMERICA REPORTS,FOXNC,Last 3 months,69271,tv,
NH,FOX AND FRIENDS,FOXNC,Last 3 months,69164,tv,
ID,FOX NEWS LIVE,FOXNC,Last 3 months,69096,tv,
NH,CNN NEWSROOM,CNN,Last 3 months,68445,tv,
SD,OUTNUMBERED,FOXNC,Last 3 months,68328,tv,
NH,HANNITY,FOXNC,Last 3 months,68031,tv,
MT,OUTNUMBERED,FOXNC,Last 3 months,68014,tv,
MT,"INGRAHAM ANGLE, THE",FOXNC,Last 3 months,66600,tv,
SD,AMERICA REPORTS,FOXNC,Last 3 months,65050,tv,
NH,JESSE WATTERS PRIMETIME,FOXNC,Last 3 months,63979,tv,
MT,HANNITY,FOXNC,Last 3 months,63921,tv,
RI,"FIVE, THE",FOXNC,Last 3 months,63798,tv,
ID,"STORY, THE",FOXNC,Last 3 months,63553,tv,
NH,"INGRAHAM ANGLE, THE",FOXNC,Last 3 months,63139,tv,
NH,SPECIAL RPT W/BRET BAIER,FOXNC,Last 3 months,62733,tv,
ME,SITUATION ROOM,CNN,Last 3 months,62667,tv,
NH,BEAT W/ARI MELBER,MSNBC,Last 3 months,61732,tv,
ME,DEADLINE:WHITE HOUSE,MSNBC,Last 3 months,61122,tv,
RI,DEADLINE:WHITE HOUSE,MSNBC,Last 3 months,60693,tv,
HI,SITUATION ROOM,CNN,Last 3 months,58765,tv,
VT,ALEX WAGNER TONIGHT,MSNBC,Last 3 months,58253,tv,
VT,CNN NEWSROOM,CNN,Last 3 months,57740,tv,
DE,CNN NEWSROOM,CNN,Last 3 months,56681,tv,
SD,FOX NEWS LIVE,FOXNC,Last 3 months,56053,tv,
RI,FOX NEWS LIVE,FOXNC,Last 3 months,55431,tv,
VT,LAST WORD W/ L. ODONNELL,MSNBC,Last 3 months,54026,tv,
RI,FOX AND FRIENDS,FOXNC,Last 3 months,53264,tv,
SD,AMERICAN AGENDA,Newsmax TV,Last 3 months,52984,tv,
RI,SPECIAL RPT W/BRET BAIER,FOXNC,Last 3 months,52494,tv,
MT,"STORY, THE",FOXNC,Last 3 months,51986,tv,
RI,LEAD WITH JAKE TAPPER,CNN,Last 3 months,51470,tv,
RI,INSIDE POLITICS,CNN,Last 3 months,51248,tv,
HI,ALL IN W/ CHRIS HAYES,MSNBC,Last 3 months,50961,tv,
RI,CHRIS JANSING REPORTS,MSNBC,Last 3 months,50328,tv,
HI,DEADLINE:WHITE HOUSE,MSNBC,Last 3 months,49659,tv,
ME,CHRIS JANSING REPORTS,MSNBC,Last 3 months,49544,tv,
ME,LAST WORD W/ L. ODONNELL,MSNBC,Last 3 months,49002,tv,
HI,ERIN BURNETT OUTFRONT,CNN,Last 3 months,48439,tv,
ND,"FIVE, THE",FOXNC,Last 3 months,44470,tv,
VT,RACHEL MADDOW SHOW,MSNBC,Last 3 months,43714,tv,
ME,KATY TUR REPORTS,MSNBC,Last 3 months,40437,tv,
VT,AMERICAS NEWSROOM,FOXNC,Last 3 months,40171,tv,
ND,AMERICAS NEWSROOM,FOXNC,Last 3 months,39693,tv,
DE,LEAD WITH JAKE TAPPER,CNN,Last 3 months,39102,tv,
ND,SPECIAL RPT W/BRET BAIER,FOXNC,Last 3 months,37870,tv,
VT,FOX AND FRIENDS,FOXNC,Last 3 months,37477,tv,
DE,DEADLINE:WHITE HOUSE,MSNBC,Last 3 months,36941,tv,
DE,ANDERSON COOPER 360,CNN,Last 3 months,36826,tv,
VT,ALL IN W/ CHRIS HAYES,MSNBC,Last 3 months,36635,tv,
DC,CNN NEWSROOM,CNN,Last 3 months,36553,tv,
DE,ERIN BURNETT OUTFRONT,CNN,Last 3 months,35851,tv,
DE,INSIDE POLITICS,CNN,Last 3 months,34543,tv,
VT,REIDOUT,MSNBC,Last 3 months,33622,tv,
DC,MORNING JOE,MSNBC,Last 3 months,33031,tv,
VT,ANDERSON COOPER 360,CNN,Last 3 months,32634,tv,
DE,JESSE WATTERS PRIMETIME,FOXNC,Last 3 months,31672,tv,
DE,GUTFELD!,FOXNC,Last 3 months,31510,tv,
AK,DEADLINE:WHITE HOUSE,MSNBC,Last 3 months,30396,tv,
DE,MORNING JOE,MSNBC,Last 3 months,29826,tv,
AK,BEAT W/ARI MELBER,MSNBC,Last 3 months,29795,tv,
VT,YOUR WORLD W/NEIL CAVUTO,FOXNC,Last 3 months,29615,tv,
DC,LEAD WITH JAKE TAPPER,CNN,Last 3 months,28006,tv,
ND,FOX AND FRIENDS,FOXNC,Last 3 months,28002,tv,
AK,RACHEL MADDOW SHOW,MSNBC,Last 3 months,27742,tv,
DE,SITUATION ROOM,CNN,Last 3 months,27607,tv,
DC,ANDERSON COOPER 360,CNN,Last 3 months,27468,tv,
ND,FOX & FRIENDS SATURDAY,FOXNC,Last 3 months,27464,tv,
AK,REIDOUT,MSNBC,Last 3 months,27347,tv,
AK,LAST WORD W/ L. ODONNELL,MSNBC,Last 3 months,25588,tv,
DC,ALL IN W/ CHRIS HAYES,MSNBC,Last 3 months,25552,tv,
AK,ALL IN W/ CHRIS HAYES,MSNBC,Last 3 months,25521,tv,
AK,CNN NEWSROOM,CNN,Last 3 months,24078,tv,
ND,FOX NEWS LIVE,FOXNC,Last 3 months,23965,tv,
AK,11TH HOUR W/B. WILLIAMS,MSNBC,Last 3 months,23140,tv,
AK,ALEX WAGNER TONIGHT,MSNBC,Last 3 months,23140,tv,
ND,FOX & FRIENDS SUNDAY,FOXNC,Last 3 months,22742,tv,
DC,SITUATION ROOM,CNN,Last 3 months,22196,tv,
DC,BEAT W/ARI MELBER,MSNBC,Last 3 months,22041,tv,
DC,ERIN BURNETT OUTFRONT,CNN,Last 3 months,21498,tv,
AK,FOX NEWS LIVE,FOXNC,Last 3 months,21421,tv,
WY,AMERICAS NEWSROOM,FOXNC,Last 3 months,21383,tv,
ND,YOUR WORLD W/NEIL CAVUTO,FOXNC,Last 3 months,21301,tv,
ND,FOX REPORT WITH JON SCOTT,FOXNC,Last 3 months,21284,tv,
DC,ALEX WAGNER TONIGHT,MSNBC,Last 3 months,20681,tv,
DC,LAST WORD W/ L. ODONNELL,MSNBC,Last 3 months,20646,tv,
WY,FOX AND FRIENDS,FOXNC,Last 3 months,20299,tv,
ND,HANNITY,FOXNC,Last 3 months,19184,tv,
WY,"FIVE, THE",FOXNC,Last 3 months,18278,tv,
WY,"FAULKNER FOCUS, THE",FOXNC,Last 3 months,17483,tv,
WY,FOX NEWS LIVE,FOXNC,Last 3 months,17302,tv,
WY,OUTNUMBERED,FOXNC,Last 3 months,15978,tv,
WY,JESSE WATTERS PRIMETIME,FOXNC,Last 3 months,15699,tv,
WY,SPECIAL RPT W/BRET BAIER,FOXNC,Last 3 months,15055,tv,
WY,AMERICA REPORTS,FOXNC,Last 3 months,15034,tv,
WY,ERIN BURNETT OUTFRONT,CNN,Last 3 months,14289,tv,
CA,CNN NEWSROOM,CNN,Last 6 months,1940459,tv,
FL,"FIVE, THE",FOXNC,Last 6 months,1416616,tv,
CA,HANNITY,FOXNC,Last 6 months,1282335,tv,
CA,LAST WORD W/ L. ODONNELL,MSNBC,Last 6 months,1255607,tv,
FL,SPECIAL RPT W/BRET BAIER,FOXNC,Last 6 months,1249361,tv,
CA,ALEX WAGNER TONIGHT,MSNBC,Last 6 months,1239350,tv,
FL,HANNITY,FOXNC,Last 6 months,1225167,tv,
FL,JESSE WATTERS PRIMETIME,FOXNC,Last 6 months,1190416,tv,
FL,CNN NEWSROOM,CNN,Last 6 months,1147834,tv,
CA,ANDERSON COOPER 360,CNN,Last 6 months,1145346,tv,
FL,"INGRAHAM ANGLE, THE",FOXNC,Last 6 months,1112545,tv,
FL,FOX AND FRIENDS,FOXNC,Last 6 months,1096479,tv,
CA,11TH HOUR W/B. WILLIAMS,MSNBC,Last 6 months,1092824,tv,
CA,DEADLINE:WHITE HOUSE,MSNBC,Last 6 months,1087974,tv,
CA,ALL IN W/ CHRIS HAYES,MSNBC,Last 6 months,1085220,tv,
TX,CNN NEWSROOM,CNN,Last 6 months,1074524,tv,
CA,"FIVE, THE",FOXNC,Last 6 months,1057082,tv,
NY,CNN NEWSROOM,CNN,Last 6 months,1044548,tv,
FL,AMERICA REPORTS,FOXNC,Last 6 months,1044317,tv,
FL,AMERICAS NEWSROOM,FOXNC,Last 6 months,1042745,tv,
CA,JESSE WATTERS PRIMETIME,FOXNC,Last 6 months,1035268,tv,
FL,FOX NEWS LIVE,FOXNC,Last 6 months,982314,tv,
TX,"FIVE, THE",FOXNC,Last 6 months,925849,tv,
PA,"FIVE, THE",FOXNC,Last 6 months,875000,tv,
TX,HANNITY,FOXNC,Last 6 months,860822,tv,
TX,JESSE WATTERS PRIMETIME,FOXNC,Last 6 months,835258,tv,
TX,SPECIAL RPT W/BRET BAIER,FOXNC,Last 6 months,770118,tv,
NY,MORNING JOE,MSNBC,Last 6 months,758113,tv,
PA,HANNITY,FOXNC,Last 6 months,740372,tv,
PA,FOX AND FRIENDS,FOXNC,Last 6 months,734875,tv,
TX,AMERICAS NEWSROOM,FOXNC,Last 6 months,721959,tv,
TX,"INGRAHAM ANGLE, THE",FOXNC,Last 6 months,717294,tv,
TX,AMERICA REPORTS,FOXNC,Last 6 months,709899,tv,
TX,FOX NEWS LIVE,FOXNC,Last 6 months,695071,tv,
NY,BEAT W/ARI MELBER,MSNBC,Last 6 months,690947,tv,
NY,DEADLINE:WHITE HOUSE,MSNBC,Last 6 months,686610,tv,
PA,JESSE WATTERS PRIMETIME,FOXNC,Last 6 months,685610,tv,
TX,GUTFELD!,FOXNC,Last 6 months,678694,tv,
PA,SPECIAL RPT W/BRET BAIER,FOXNC,Last 6 months,671828,tv,
NY,LAST WORD W/ L. ODONNELL,MSNBC,Last 6 months,665322,tv,
NY,"FIVE, THE",FOXNC,Last 6 months,655180,tv,
OH,HANNITY,FOXNC,Last 6 months,637830,tv,
NY,ANDERSON COOPER 360,CNN,Last 6 months,627673,tv,
OH,"FIVE, THE",FOXNC,Last 6 months,627220,tv,
NY,HANNITY,FOXNC,Last 6 months,621123,tv,
NY,ALEX WAGNER TONIGHT,MSNBC,Last 6 months,620188,tv,
NY,ALL IN W/ CHRIS HAYES,MSNBC,Last 6 months,615178,tv,
PA,AMERICA REPORTS,FOXNC,Last 6 months,614409,tv,
PA,FOX NEWS LIVE,FOXNC,Last 6 months,609711,tv,
PA,GUTFELD!,FOXNC,Last 6 months,604355,tv,
PA,"INGRAHAM ANGLE, THE",FOXNC,Last 6 months,603584,tv,
OH,JESSE WATTERS PRIMETIME,FOXNC,Last 6 months,597351,tv,
NC,"FIVE, THE",FOXNC,Last 6 months,595152,tv,
PA,AMERICAS NEWSROOM,FOXNC,Last 6 months,588143,tv,
IL,CNN NEWSROOM,CNN,Last 6 months,584965,tv,
VA,CNN NEWSROOM,CNN,Last 6 months,571847,tv,
OH,CNN NEWSROOM,CNN,Last 6 months,570505,tv,
IL,"FIVE, THE",FOXNC,Last 6 months,562949,tv,
NJ,"FIVE, THE",FOXNC,Last 6 months,547490,tv,
GA,"FIVE, THE",FOXNC,Last 6 months,546180,tv,
OH,"INGRAHAM ANGLE, THE",FOXNC,Last 6 months,531845,tv,
NJ,CNN NEWSROOM,CNN,Last 6 months,531545,tv,
NC,CNN NEWSROOM,CNN,Last 6 months,526558,tv,
NC,HANNITY,FOXNC,Last 6 months,520745,tv,
OH,SPECIAL RPT W/BRET BAIER,FOXNC,Last 6 months,520729,tv,
GA,HANNITY,FOXNC,Last 6 months,512244,tv,
NC,SPECIAL RPT W/BRET BAIER,FOXNC,Last 6 months,511178,tv,
NC,JESSE WATTERS PRIMETIME,FOXNC,Last 6 months,497165,tv,
GA,JESSE WATTERS PRIMETIME,FOXNC,Last 6 months,491504,tv,
MA,CNN NEWSROOM,CNN,Last 6 months,491196,tv,
NC,FOX AND FRIENDS,FOXNC,Last 6 months,486478,tv,
IL,HANNITY,FOXNC,Last 6 months,485574,tv,
GA,"INGRAHAM ANGLE, THE",FOXNC,Last 6 months,481104,tv,
TN,"FIVE, THE",FOXNC,Last 6 months,476872,tv,
OH,GUTFELD!,FOXNC,Last 6 months,473200,tv,
NC,"INGRAHAM ANGLE, THE",FOXNC,Last 6 months,468926,tv,
OH,AMERICA REPORTS,FOXNC,Last 6 months,467636,tv,
MI,CNN NEWSROOM,CNN,Last 6 months,465860,tv,
GA,SPECIAL RPT W/BRET BAIER,FOXNC,Last 6 months,465242,tv,
MI,"FIVE, THE",FOXNC,Last 6 months,465239,tv,
NJ,HANNITY,FOXNC,Last 6 months,452994,tv,
OH,FOX AND FRIENDS,FOXNC,Last 6 months,452511,tv,
VA,"FIVE, THE",FOXNC,Last 6 months,452041,tv,
NC,AMERICAS NEWSROOM,FOXNC,Last 6 months,450255,tv,
MD,CNN NEWSROOM,CNN,Last 6 months,449867,tv,
OH,AMERICAS NEWSROOM,FOXNC,Last 6 months,446150,tv,
NC,AMERICA REPORTS,FOXNC,Last 6 months,445638,tv,
IL,JESSE WATTERS PRIMETIME,FOXNC,Last 6 months,441046,tv,
GA,AMERICAS NEWSROOM,FOXNC,Last 6 months,434698,tv,
IL,"INGRAHAM ANGLE, THE",FOXNC,Last 6 months,430757,tv,
GA,FOX AND FRIENDS,FOXNC,Last 6 months,428062,tv,
GA,CNN NEWSROOM,CNN,Last 6 months,424870,tv,
NJ,JESSE WATTERS PRIMETIME,FOXNC,Last 6 months,424799,tv,
IL,GUTFELD!,FOXNC,Last 6 months,423104,tv,
NC,GUTFELD!,FOXNC,Last 6 months,419195,tv,
TN,AMERICAS NEWSROOM,FOXNC,Last 6 months,413345,tv,
IL,SPECIAL RPT W/BRET BAIER,FOXNC,Last 6 months,412177,tv,
NJ,SPECIAL RPT W/BRET BAIER,FOXNC,Last 6 months,410326,tv,
GA,AMERICA REPORTS,FOXNC,Last 6 months,406751,tv,
GA,FOX NEWS LIVE,FOXNC,Last 6 months,405641,tv,
VA,SPECIAL RPT W/BRET BAIER,FOXNC,Last 6 months,405432,tv,
TN,SPECIAL RPT W/BRET BAIER,FOXNC,Last 6 months,400602,tv,
TN,HANNITY,FOXNC,Last 6 months,398577,tv,
IL,MORNING JOE,MSNBC,Last 6 months,396473,tv,
MI,HANNITY,FOXNC,Last 6 months,395855,tv,
TN,AMERICA REPORTS,FOXNC,Last 6 months,394043,tv,
VA,JESSE WATTERS PRIMETIME,FOXNC,Last 6 months,393926,tv,
MI,JESSE WATTERS PRIMETIME,FOXNC,Last 6 months,390514,tv,
TN,FOX AND FRIENDS,FOXNC,Last 6 months,388571,tv,
VA,"INGRAHAM ANGLE, THE",FOXNC,Last 6 months,388355,tv,
VA,HANNITY,FOXNC,Last 6 months,383335,tv,
TN,FOX NEWS LIVE,FOXNC,Last 6 months,383173,tv,
IL,LAST WORD W/ L. ODONNELL,MSNBC,Last 6 months,382219,tv,
IN,"FIVE, THE",FOXNC,Last 6 months,379136,tv,
TN,JESSE WATTERS PRIMETIME,FOXNC,Last 6 months,374090,tv,
NJ,AMERICA REPORTS,FOXNC,Last 6 months,372730,tv,
MI,SPECIAL RPT W/BRET BAIER,FOXNC,Last 6 months,370802,tv,
MO,"FIVE, THE",FOXNC,Last 6 months,366950,tv,
TN,OUTNUMBERED,FOXNC,Last 6 months,366413,tv,
IL,ALEX WAGNER TONIGHT,MSNBC,Last 6 months,364800,tv,
NJ,FOX NEWS LIVE,FOXNC,Last 6 months,364131,tv,
VA,MORNING JOE,MSNBC,Last 6 months,360303,tv,
SC,"FIVE, THE",FOXNC,Last 6 months,358422,tv,
NJ,FOX AND FRIENDS,FOXNC,Last 6 months,350407,tv,
NJ,GUTFELD!,FOXNC,Last 6 months,347586,tv,
AL,"FIVE, THE",FOXNC,Last 6 months,347510,tv,
TN,"FAULKNER FOCUS, THE",FOXNC,Last 6 months,346383,tv,
NJ,"INGRAHAM ANGLE, THE",FOXNC,Last 6 months,344785,tv,
MI,"INGRAHAM ANGLE, THE",FOXNC,Last 6 months,340349,tv,
MO,HANNITY,FOXNC,Last 6 months,332885,tv,
MI,MORNING JOE,MSNBC,Last 6 months,330910,tv,
SC,"INGRAHAM ANGLE, THE",FOXNC,Last 6 months,330263,tv,
MI,GUTFELD!,FOXNC,Last 6 months,330019,tv,
IN,HANNITY,FOXNC,Last 6 months,323995,tv,
VA,FOX NEWS LIVE,FOXNC,Last 6 months,322695,tv,
MI,FOX AND FRIENDS,FOXNC,Last 6 months,321071,tv,
SC,HANNITY,FOXNC,Last 6 months,320761,tv,
AL,HANNITY,FOXNC,Last 6 months,320592,tv,
VA,AMERICA REPORTS,FOXNC,Last 6 months,320458,tv,
AL,JESSE WATTERS PRIMETIME,FOXNC,Last 6 months,319453,tv,
MO,SPECIAL RPT W/BRET BAIER,FOXNC,Last 6 months,316278,tv,
SC,JESSE WATTERS PRIMETIME,FOXNC,Last 6 months,315308,tv,
SC,SPECIAL RPT W/BRET BAIER,FOXNC,Last 6 months,315034,tv,
VA,YOUR WORLD W/NEIL CAVUTO,FOXNC,Last 6 months,311957,tv,
IN,JESSE WATTERS PRIMETIME,FOXNC,Last 6 months,310144,tv,
MD,MORNING JOE,MSNBC,Last 6 months,308550,tv,
MO,JESSE WATTERS PRIMETIME,FOXNC,Last 6 months,307530,tv,
AL,AMERICA REPORTS,FOXNC,Last 6 months,307249,tv,
MI,AMERICA REPORTS,FOXNC,Last 6 months,307128,tv,
AZ,"FIVE, THE",FOXNC,Last 6 months,305131,tv,
IN,FOX AND FRIENDS,FOXNC,Last 6 months,300397,tv,
IN,SPECIAL RPT W/BRET BAIER,FOXNC,Last 6 months,300353,tv,
AZ,CNN NEWSROOM,CNN,Last 6 months,300225,tv,
MD,BEAT W/ARI MELBER,MSNBC,Last 6 months,298531,tv,
MD,DEADLINE:WHITE HOUSE,MSNBC,Last 6 months,296668,tv,
SC,FOX AND FRIENDS,FOXNC,Last 6 months,296265,tv,
MD,LAST WORD W/ L. ODONNELL,MSNBC,Last 6 months,295188,tv,
MA,LEAD WITH JAKE TAPPER,CNN,Last 6 months,295053,tv,
AZ,JESSE WATTERS PRIMETIME,FOXNC,Last 6 months,294770,tv,
WA,CNN NEWSROOM,CNN,Last 6 months,293312,tv,
IN,"INGRAHAM ANGLE, THE",FOXNC,Last 6 months,291916,tv,
AL,SPECIAL RPT W/BRET BAIER,FOXNC,Last 6 months,291677,tv,
AZ,HANNITY,FOXNC,Last 6 months,289870,tv,
MO,"INGRAHAM ANGLE, THE",FOXNC,Last 6 months,288826,tv,
MD,ALEX WAGNER TONIGHT,MSNBC,Last 6 months,287805,tv,
MA,ANDERSON COOPER 360,CNN,Last 6 months,286024,tv,
WI,CNN NEWSROOM,CNN,Last 6 months,285981,tv,
SC,AMERICA REPORTS,FOXNC,Last 6 months,285195,tv,
AL,"INGRAHAM ANGLE, THE",FOXNC,Last 6 months,283621,tv,
IN,GUTFELD!,FOXNC,Last 6 months,283343,tv,
WI,"FIVE, THE",FOXNC,Last 6 months,281741,tv,
MA,DEADLINE:WHITE HOUSE,MSNBC,Last 6 months,280127,tv,
MD,ALL IN W/ CHRIS HAYES,MSNBC,Last 6 months,277716,tv,
NV,CNN NEWSROOM,CNN,Last 6 months,274829,tv,
AL,FOX NEWS LIVE,FOXNC,Last 6 months,272158,tv,
MD,ANDERSON COOPER 360,CNN,Last 6 months,272121,tv,
MO,AMERICA REPORTS,FOXNC,Last 6 months,271693,tv,
MA,MORNING JOE,MSNBC,Last 6 months,270116,tv,
AL,AMERICAS NEWSROOM,FOXNC,Last 6 months,268582,tv,
AL,OUTNUMBERED,FOXNC,Last 6 months,267065,tv,
WA,"FIVE, THE",FOXNC,Last 6 months,265086,tv,
AZ,GUTFELD!,FOXNC,Last 6 months,264212,tv,
SC,AMERICAS NEWSROOM,FOXNC,Last 6 months,262887,tv,
SC,OUTNUMBERED,FOXNC,Last 6 months,262684,tv,
MO,GUTFELD!,FOXNC,Last 6 months,262530,tv,
AL,"STORY, THE",FOXNC,Last 6 months,261759,tv,
MO,FOX NEWS LIVE,FOXNC,Last 6 months,260970,tv,
AZ,"INGRAHAM ANGLE, THE",FOXNC,Last 6 months,259744,tv,
AZ,SPECIAL RPT W/BRET BAIER,FOXNC,Last 6 months,258636,tv,
MO,OUTNUMBERED,FOXNC,Last 6 months,257722,tv,
IN,CNN NEWSROOM,CNN,Last 6 months,256896,tv,
IN,AMERICA REPORTS,FOXNC,Last 6 months,256714,tv,
MD,REIDOUT,MSNBC,Last 6 months,255440,tv,
WA,HANNITY,FOXNC,Last 6 months,255338,tv,
AZ,FOX NEWS LIVE,FOXNC,Last 6 months,255338,tv,
SC,FOX NEWS LIVE,FOXNC,Last 6 months,252947,tv,
IN,FOX NEWS LIVE,FOXNC,Last 6 months,252771,tv,
MO,"FAULKNER FOCUS, THE",FOXNC,Last 6 months,248702,tv,
MA,ALL IN W/ CHRIS HAYES,MSNBC,Last 6 months,248362,tv,
AR,"FIVE, THE",FOXNC,Last 6 months,247721,tv,
MA,SITUATION ROOM,CNN,Last 6 months,245696,tv,
MD,11TH HOUR W/B. WILLIAMS,MSNBC,Last 6 months,244963,tv,
WA,JESSE WATTERS PRIMETIME,FOXNC,Last 6 months,244747,tv,
AZ,AMERICA REPORTS,FOXNC,Last 6 months,244692,tv,
WI,HANNITY,FOXNC,Last 6 months,244116,tv,
MA,BEAT W/ARI MELBER,MSNBC,Last 6 months,239862,tv,
OK,HANNITY,FOXNC,Last 6 months,238732,tv,
WA,LAST WORD W/ L. ODONNELL,MSNBC,Last 6 months,238488,tv,
MA,LAST WORD W/ L. ODONNELL,MSNBC,Last 6 months,238345,tv,
MA,ALEX WAGNER TONIGHT,MSNBC,Last 6 months,233821,tv,
WI,JESSE WATTERS PRIMETIME,FOXNC,Last 6 months,232788,tv,
OR,CNN NEWSROOM,CNN,Last 6 months,228963,tv,
WA,GUTFELD!,FOXNC,Last 6 months,228380,tv,
WA,ALEX WAGNER TONIGHT,MSNBC,Last 6 months,228274,tv,
KY,"FIVE, THE",FOXNC,Last 6 months,227252,tv,
MN,"FIVE, THE",FOXNC,Last 6 months,223125,tv,
WI,"INGRAHAM ANGLE, THE",FOXNC,Last 6 months,220443,tv,
WA,ALL IN W/ CHRIS HAYES,MSNBC,Last 6 months,216597,tv,
OK,JESSE WATTERS PRIMETIME,FOXNC,Last 6 months,215978,tv,
CO,CNN NEWSROOM,CNN,Last 6 months,215764,tv,
LA,"FIVE, THE",FOXNC,Last 6 months,215518,tv,
AR,OUTNUMBERED,FOXNC,Last 6 months,215168,tv,
OK,"FIVE, THE",FOXNC,Last 6 months,214563,tv,
MN,HANNITY,FOXNC,Last 6 months,212399,tv,
AR,AMERICAS NEWSROOM,FOXNC,Last 6 months,212205,tv,
WI,AMERICAS NEWSROOM,FOXNC,Last 6 months,211065,tv,
AR,FOX NEWS LIVE,FOXNC,Last 6 months,210992,tv,
AZ,OUTNUMBERED,FOXNC,Last 6 months,210291,tv,
WA,11TH HOUR W/B. WILLIAMS,MSNBC,Last 6 months,209809,tv,
KY,HANNITY,FOXNC,Last 6 months,209425,tv,
KY,AMERICAS NEWSROOM,FOXNC,Last 6 months,207877,tv,
OK,"INGRAHAM ANGLE, THE",FOXNC,Last 6 months,204732,tv,
AR,AMERICA REPORTS,FOXNC,Last 6 months,204635,tv,
AR,HANNITY,FOXNC,Last 6 months,203728,tv,
KY,SPECIAL RPT W/BRET BAIER,FOXNC,Last 6 months,202812,tv,
WA,RACHEL MADDOW SHOW,MSNBC,Last 6 months,200828,tv,
LA,HANNITY,FOXNC,Last 6 months,200533,tv,
AR,SPECIAL RPT W/BRET BAIER,FOXNC,Last 6 months,199567,tv,
NV,HANNITY,FOXNC,Last 6 months,197221,tv,
LA,JESSE WATTERS PRIMETIME,FOXNC,Last 6 months,196344,tv,
WI,GUTFELD!,FOXNC,Last 6 months,195770,tv,
KY,FOX AND FRIENDS,FOXNC,Last 6 months,195720,tv,
KY,FOX NEWS LIVE,FOXNC,Last 6 months,191997,tv,
LA,AMERICA REPORTS,FOXNC,Last 6 months,190592,tv,
WI,AMERICA REPORTS,FOXNC,Last 6 months,190511,tv,
AR,JESSE WATTERS PRIMETIME,FOXNC,Last 6 months,190039,tv,
OK,AMERICA REPORTS,FOXNC,Last 6 months,189586,tv,
AR,"INGRAHAM ANGLE, THE",FOXNC,Last 6 months,188386,tv,
AR,FOX AND FRIENDS,FOXNC,Last 6 months,187390,tv,
NV,FOX NEWS LIVE,FOXNC,Last 6 months,186141,tv,
CO,"FIVE, THE",FOXNC,Last 6 months,185853,tv,
KY,AMERICA REPORTS,FOXNC,Last 6 months,183992,tv,
WI,SPECIAL RPT W/BRET BAIER,FOXNC,Last 6 months,183570,tv,
WI,OUTNUMBERED,FOXNC,Last 6 months,182967,tv,
CO,JESSE WATTERS PRIMETIME,FOXNC,Last 6 months,182905,tv,
OK,SPECIAL RPT W/BRET BAIER,FOXNC,Last 6 months,182855,tv,
NV,"FIVE, THE",FOXNC,Last 6 months,180391,tv,
KY,"INGRAHAM ANGLE, THE",FOXNC,Last 6 months,179767,tv,
MN,SPECIAL RPT W/BRET BAIER,FOXNC,Last 6 months,179515,tv,
MN,GUTFELD!,FOXNC,Last 6 months,178096,tv,
CO,GUTFELD!,FOXNC,Last 6 months,177839,tv,
CT,"FIVE, THE",FOXNC,Last 6 months,177673,tv,
KY,JESSE WATTERS PRIMETIME,FOXNC,Last 6 months,177430,tv,
OK,GUTFELD!,FOXNC,Last 6 months,176690,tv,
CO,HANNITY,FOXNC,Last 6 months,176683,tv,
MN,CNN NEWSROOM,CNN,Last 6 months,175270,tv,
CT,HANNITY,FOXNC,Last 6 months,174666,tv,
NV,OUTNUMBERED,FOXNC,Last 6 months,174282,tv,
LA,AMERICAS NEWSROOM,FOXNC,Last 6 months,174272,tv,
MN,JESSE WATTERS PRIMETIME,FOXNC,Last 6 months,172847,tv,
LA,"INGRAHAM ANGLE, THE",FOXNC,Last 6 months,172158,tv,
NV,JESSE WATTERS PRIMETIME,FOXNC,Last 6 months,171463,tv,
NV,"INGRAHAM ANGLE, THE",FOXNC,Last 6 months,168397,tv,
LA,FOX NEWS LIVE,FOXNC,Last 6 months,167989,tv,
NV,GUTFELD!,FOXNC,Last 6 months,167766,tv,
OK,AMERICAS NEWSROOM,FOXNC,Last 6 months,167500,tv,
MN,"INGRAHAM ANGLE, THE",FOXNC,Last 6 months,167234,tv,
OK,FOX NEWS LIVE,FOXNC,Last 6 months,167128,tv,
KS,HANNITY,FOXNC,Last 6 months,166420,tv,
KY,OUTNUMBERED,FOXNC,Last 6 months,166105,tv,
LA,GUTFELD!,FOXNC,Last 6 months,165587,tv,
CT,CNN NEWSROOM,CNN,Last 6 months,162526,tv,
LA,OUTNUMBERED,FOXNC,Last 6 months,162477,tv,
CT,FOX AND FRIENDS,FOXNC,Last 6 months,162126,tv,
CT,JESSE WATTERS PRIMETIME,FOXNC,Last 6 months,161974,tv,
NV,AMERICA REPORTS,FOXNC,Last 6 months,161641,tv,
MN,FOX NEWS LIVE,FOXNC,Last 6 months,161421,tv,
MN,AMERICA REPORTS,FOXNC,Last 6 months,161335,tv,
OK,OUTNUMBERED,FOXNC,Last 6 months,160559,tv,
UT,HANNITY,FOXNC,Last 6 months,160350,tv,
CO,"INGRAHAM ANGLE, THE",FOXNC,Last 6 months,160300,tv,
MN,AMERICAS NEWSROOM,FOXNC,Last 6 months,159368,tv,
NV,SPECIAL RPT W/BRET BAIER,FOXNC,Last 6 months,158151,tv,
LA,"STORY, THE",FOXNC,Last 6 months,158066,tv,
MS,"FIVE, THE",FOXNC,Last 6 months,155018,tv,
OR,HANNITY,FOXNC,Last 6 months,154036,tv,
CO,SPECIAL RPT W/BRET BAIER,FOXNC,Last 6 months,153789,tv,
IA,"FIVE, THE",FOXNC,Last 6 months,153377,tv,
KS,SPECIAL RPT W/BRET BAIER,FOXNC,Last 6 months,148659,tv,
CT,MORNING JOE,MSNBC,Last 6 months,148630,tv,
CT,GUTFELD!,FOXNC,Last 6 months,146672,tv,
KS,JESSE WATTERS PRIMETIME,FOXNC,Last 6 months,146318,tv,
CO,AMERICA REPORTS,FOXNC,Last 6 months,146033,tv,
OR,ALEX WAGNER TONIGHT,MSNBC,Last 6 months,144643,tv,
KS,"INGRAHAM ANGLE, THE",FOXNC,Last 6 months,144552,tv,
MS,HANNITY,FOXNC,Last 6 months,144467,tv,
IA,HANNITY,FOXNC,Last 6 months,143149,tv,
OR,ALL IN W/ CHRIS HAYES,MSNBC,Last 6 months,143027,tv,
CO,BEAT W/ARI MELBER,MSNBC,Last 6 months,143011,tv,
CT,AMERICA REPORTS,FOXNC,Last 6 months,142255,tv,
UT,JESSE WATTERS PRIMETIME,FOXNC,Last 6 months,141942,tv,
CO,LAST WORD W/ L. ODONNELL,MSNBC,Last 6 months,141349,tv,
OR,LAST WORD W/ L. ODONNELL,MSNBC,Last 6 months,140225,tv,
OR,DEADLINE:WHITE HOUSE,MSNBC,Last 6 months,140003,tv,
CT,SPECIAL RPT W/BRET BAIER,FOXNC,Last 6 months,137477,tv,
OR,"FIVE, THE",FOXNC,Last 6 months,135641,tv,
NE,"FIVE, THE",FOXNC,Last 6 months,135330,tv,
OR,BEAT W/ARI MELBER,MSNBC,Last 6 months,135142,tv,
NE,JESSE WATTERS PRIMETIME,FOXNC,Last 6 months,133164,tv,
ME,CNN NEWSROOM,CNN,Last 6 months,132930,tv,
WV,"FIVE, THE",FOXNC,Last 6 months,132930,tv,
IA,JESSE WATTERS PRIMETIME,FOXNC,Last 6 months,132274,tv,
NE,"INGRAHAM ANGLE, THE",FOXNC,Last 6 months,131794,tv,
OR,ANDERSON COOPER 360,CNN,Last 6 months,130776,tv,
CT,DEADLINE:WHITE HOUSE,MSNBC,Last 6 months,130670,tv,
MS,"INGRAHAM ANGLE, THE",FOXNC,Last 6 months,130304,tv,
OR,11TH HOUR W/B. WILLIAMS,MSNBC,Last 6 months,129476,tv,
KS,"FIVE, THE",FOXNC,Last 6 months,127263,tv,
MS,FOX NEWS LIVE,FOXNC,Last 6 months,126577,tv,
MS,JESSE WATTERS PRIMETIME,FOXNC,Last 6 months,126396,tv,
UT,"FIVE, THE",FOXNC,Last 6 months,125791,tv,
NE,AMERICA REPORTS,FOXNC,Last 6 months,124089,tv,
MS,SPECIAL RPT W/BRET BAIER,FOXNC,Last 6 months,123716,tv,
NE,SPECIAL RPT W/BRET BAIER,FOXNC,Last 6 months,120716,tv,
NE,HANNITY,FOXNC,Last 6 months,120362,tv,
WV,JESSE WATTERS PRIMETIME,FOXNC,Last 6 months,120298,tv,
IA,GUTFELD!,FOXNC,Last 6 months,119711,tv,
WV,"INGRAHAM ANGLE, THE",FOXNC,Last 6 months,118776,tv,
WV,HANNITY,FOXNC,Last 6 months,117150,tv,
KS,GUTFELD!,FOXNC,Last 6 months,117149,tv,
UT,"INGRAHAM ANGLE, THE",FOXNC,Last 6 months,117088,tv,
IA,"INGRAHAM ANGLE, THE",FOXNC,Last 6 months,116072,tv,
IA,SPECIAL RPT W/BRET BAIER,FOXNC,Last 6 months,115257,tv,
IA,CNN NEWSROOM,CNN,Last 6 months,114065,tv,
MS,AMERICA REPORTS,FOXNC,Last 6 months,113926,tv,
MS,GUTFELD!,FOXNC,Last 6 months,113795,tv,
KS,FOX AND FRIENDS,FOXNC,Last 6 months,113367,tv,
IA,FOX NEWS LIVE,FOXNC,Last 6 months,111041,tv,
IA,AMERICA REPORTS,FOXNC,Last 6 months,110799,tv,
WV,SPECIAL RPT W/BRET BAIER,FOXNC,Last 6 months,110476,tv,
MS,OUTNUMBERED,FOXNC,Last 6 months,109391,tv,
KS,AMERICAS NEWSROOM,FOXNC,Last 6 months,109015,tv,
KS,AMERICA REPORTS,FOXNC,Last 6 months,107081,tv,
WV,FOX NEWS LIVE,FOXNC,Last 6 months,106793,tv,
NM,CNN NEWSROOM,CNN,Last 6 months,106755,tv,
UT,GUTFELD!,FOXNC,Last 6 months,106334,tv,
NE,GUTFELD!,FOXNC,Last 6 months,105940,tv,
HI,CNN NEWSROOM,CNN,Last 6 months,105680,tv,
UT,SPECIAL RPT W/BRET BAIER,FOXNC,Last 6 months,105420,tv,
NE,FOX NEWS LIVE,FOXNC,Last 6 months,104352,tv,
WV,FOX AND FRIENDS,FOXNC,Last 6 months,104208,tv,
IA,OUTNUMBERED,FOXNC,Last 6 months,102621,tv,
ID,"FIVE, THE",FOXNC,Last 6 months,100422,tv,
UT,FOX NEWS LIVE,FOXNC,Last 6 months,100391,tv,
MS,FOX NEWS AT NIGHT,FOXNC,Last 6 months,98372,tv,
NE,YOUR WORLD W/NEIL CAVUTO,FOXNC,Last 6 months,97999,tv,
ID,JESSE WATTERS PRIMETIME,FOXNC,Last 6 months,97593,tv,
ID,HANNITY,FOXNC,Last 6 months,97045,tv,
WV,GUTFELD!,FOXNC,Last 6 months,97010,tv,
NE,"STORY, THE",FOXNC,Last 6 months,96946,tv,
KS,FOX NEWS LIVE,FOXNC,Last 6 months,95517,tv,
SD,HANNITY,FOXNC,Last 6 months,93384,tv,
UT,AMERICA REPORTS,FOXNC,Last 6 months,90969,tv,
RI,CNN NEWSROOM,CNN,Last 6 months,90893,tv,
UT,OUTNUMBERED,FOXNC,Last 6 months,90140,tv,
WV,YOUR WORLD W/NEIL CAVUTO,FOXNC,Last 6 months,89552,tv,
WV,AMERICAS NEWSROOM,FOXNC,Last 6 months,89187,tv,
NM,"FIVE, THE",FOXNC,Last 6 months,88185,tv,
UT,"FAULKNER FOCUS, THE",FOXNC,Last 6 months,88110,tv,
ID,"INGRAHAM ANGLE, THE",FOXNC,Last 6 months,87633,tv,
NM,BEAT W/ARI MELBER,MSNBC,Last 6 months,87590,tv,
ME,ERIN BURNETT OUTFRONT,CNN,Last 6 months,86448,tv,
SD,JESSE WATTERS PRIMETIME,FOXNC,Last 6 months,85357,tv,
NM,DEADLINE:WHITE HOUSE,MSNBC,Last 6 months,85153,tv,
ME,ANDERSON COOPER 360,CNN,Last 6 months,85051,tv,
NM,ALEX WAGNER TONIGHT,MSNBC,Last 6 months,84740,tv,
ID,GUTFELD!,FOXNC,Last 6 months,83977,tv,
ID,AMERICA REPORTS,FOXNC,Last 6 months,83955,tv,
NM,ALL IN W/ CHRIS HAYES,MSNBC,Last 6 months,83587,tv,
NM,LAST WORD W/ L. ODONNELL,MSNBC,Last 6 months,82764,tv,
NM,JESSE WATTERS PRIMETIME,FOXNC,Last 6 months,82108,tv,
MT,GUTFELD!,FOXNC,Last 6 months,80113,tv,
ME,LEAD WITH JAKE TAPPER,CNN,Last 6 months,79074,tv,
SD,"INGRAHAM ANGLE, THE",FOXNC,Last 6 months,79069,tv,
HI,LAST WORD W/ L. ODONNELL,MSNBC,Last 6 months,79050,tv,
SD,"FIVE, THE",FOXNC,Last 6 months,77786,tv,
SD,SPECIAL RPT W/BRET BAIER,FOXNC,Last 6 months,77577,tv,
MT,SPECIAL RPT W/BRET BAIER,FOXNC,Last 6 months,76682,tv,
NM,11TH HOUR W/B. WILLIAMS,MSNBC,Last 6 months,76098,tv,
MT,JESSE WATTERS PRIMETIME,FOXNC,Last 6 months,76081,tv,
NM,REIDOUT,MSNBC,Last 6 months,75803,tv,
MT,"FIVE, THE",FOXNC,Last 6 months,73876,tv,
ID,OUTNUMBERED,FOXNC,Last 6 months,73359,tv,
HI,11TH HOUR W/B. WILLIAMS,MSNBC,Last 6 months,72156,tv,
ID,SPECIAL RPT W/BRET BAIER,FOXNC,Last 6 months,70482,tv,
SD,GUTFELD!,FOXNC,Last 6 months,70369,tv,
HI,ALEX WAGNER TONIGHT,MSNBC,Last 6 months,69732,tv,
NH,MORNING JOE,MSNBC,Last 6 months,69098,tv,
HI,ANDERSON COOPER 360,CNN,Last 6 months,68677,tv,
DE,CNN NEWSROOM,CNN,Last 6 months,67773,tv,
HI,LEAD WITH JAKE TAPPER,CNN,Last 6 months,66859,tv,
SD,OUTNUMBERED,FOXNC,Last 6 months,66271,tv,
NH,CNN NEWSROOM,CNN,Last 6 months,65352,tv,
NH,GUTFELD!,FOXNC,Last 6 months,65326,tv,
NH,HANNITY,FOXNC,Last 6 months,65113,tv,
SD,AMERICA REPORTS,FOXNC,Last 6 months,63899,tv,
RI,MORNING JOE,MSNBC,Last 6 months,63837,tv,
NH,FOX AND FRIENDS,FOXNC,Last 6 months,63567,tv,
MT,CNN NEWSROOM,CNN,Last 6 months,63300,tv,
ID,FOX NEWS LIVE,FOXNC,Last 6 months,62257,tv,
VT,CNN NEWSROOM,CNN,Last 6 months,61941,tv,
MT,AMERICA REPORTS,FOXNC,Last 6 months,61917,tv,
NH,JESSE WATTERS PRIMETIME,FOXNC,Last 6 months,60670,tv,
NH,"FIVE, THE",FOXNC,Last 6 months,60081,tv,
ME,SITUATION ROOM,CNN,Last 6 months,59801,tv,
ME,MORNING JOE,MSNBC,Last 6 months,59764,tv,
MT,"INGRAHAM ANGLE, THE",FOXNC,Last 6 months,59222,tv,
RI,"FIVE, THE",FOXNC,Last 6 months,58960,tv,
ID,"LIFE, LIBERTY AND LEVIN",FOXNC,Last 6 months,58701,tv,
MT,OUTNUMBERED,FOXNC,Last 6 months,56955,tv,
SD,FOX NEWS LIVE,FOXNC,Last 6 months,56225,tv,
NH,"INGRAHAM ANGLE, THE",FOXNC,Last 6 months,55571,tv,
MT,HANNITY,FOXNC,Last 6 months,54481,tv,
ME,DEADLINE:WHITE HOUSE,MSNBC,Last 6 months,53381,tv,
NH,SPECIAL RPT W/BRET BAIER,FOXNC,Last 6 months,52679,tv,
RI,FOX NEWS LIVE,FOXNC,Last 6 months,52301,tv,
HI,ALL IN W/ CHRIS HAYES,MSNBC,Last 6 months,51526,tv,
NH,LAST WORD W/ L. ODONNELL,MSNBC,Last 6 months,50956,tv,
RI,DEADLINE:WHITE HOUSE,MSNBC,Last 6 months,50461,tv,
ME,LAST WORD W/ L. ODONNELL,MSNBC,Last 6 months,50459,tv,
VT,ALEX WAGNER TONIGHT,MSNBC,Last 6 months,49887,tv,
RI,LEAD WITH JAKE TAPPER,CNN,Last 6 months,48660,tv,
RI,SPECIAL RPT W/BRET BAIER,FOXNC,Last 6 months,48038,tv,
RI,FOX AND FRIENDS,FOXNC,Last 6 months,47544,tv,
HI,DEADLINE:WHITE HOUSE,MSNBC,Last 6 months,47074,tv,
HI,SITUATION ROOM,CNN,Last 6 months,46309,tv,
VT,LAST WORD W/ L. ODONNELL,MSNBC,Last 6 months,46289,tv,
MT,"STORY, THE",FOXNC,Last 6 months,46125,tv,
RI,INSIDE POLITICS,CNN,Last 6 months,46054,tv,
RI,JESSE WATTERS PRIMETIME,FOXNC,Last 6 months,45712,tv,
SD,"STORY, THE",FOXNC,Last 6 months,45319,tv,
HI,ERIN BURNETT OUTFRONT,CNN,Last 6 months,44234,tv,
ME,HANNITY,FOXNC,Last 6 months,39421,tv,
VT,RACHEL MADDOW SHOW,MSNBC,Last 6 months,39361,tv,
ME,11TH HOUR W/B. WILLIAMS,MSNBC,Last 6 months,38826,tv,
DE,LEAD WITH JAKE TAPPER,CNN,Last 6 months,37017,tv,
DE,DEADLINE:WHITE HOUSE,MSNBC,Last 6 months,35028,tv,
DE,ANDERSON COOPER 360,CNN,Last 6 months,34731,tv,
DE,INSIDE POLITICS,CNN,Last 6 months,34522,tv,
ND,"FIVE, THE",FOXNC,Last 6 months,34001,tv,
VT,ALL IN W/ CHRIS HAYES,MSNBC,Last 6 months,33827,tv,
DC,CNN NEWSROOM,CNN,Last 6 months,31726,tv,
VT,AYMAN,MSNBC,Last 6 months,31631,tv,
DE,ERIN BURNETT OUTFRONT,CNN,Last 6 months,31513,tv,
DE,MORNING JOE,MSNBC,Last 6 months,29500,tv,
VT,REIDOUT,MSNBC,Last 6 months,29175,tv,
DC,MORNING JOE,MSNBC,Last 6 months,28234,tv,
VT,11TH HOUR W/B. WILLIAMS,MSNBC,Last 6 months,26851,tv,
DE,HANNITY,FOXNC,Last 6 months,26456,tv,
ND,SPECIAL RPT W/BRET BAIER,FOXNC,Last 6 months,25872,tv,
AK,DEADLINE:WHITE HOUSE,MSNBC,Last 6 months,25763,tv,
VT,AMERICAS NEWSROOM,FOXNC,Last 6 months,25596,tv,
DE,SITUATION ROOM,CNN,Last 6 months,25321,tv,
VT,FAREED ZAKARIA: GPS,CNN,Last 6 months,25231,tv,
DE,JESSE WATTERS PRIMETIME,FOXNC,Last 6 months,24826,tv,
DC,ANDERSON COOPER 360,CNN,Last 6 months,24411,tv,
ND,AMERICAS NEWSROOM,FOXNC,Last 6 months,23842,tv,
AK,BEAT W/ARI MELBER,MSNBC,Last 6 months,23726,tv,
DC,ALL IN W/ CHRIS HAYES,MSNBC,Last 6 months,23259,tv,
AK,LAST WORD W/ L. ODONNELL,MSNBC,Last 6 months,22883,tv,
ND,FOX AND FRIENDS,FOXNC,Last 6 months,22847,tv,
AK,REIDOUT,MSNBC,Last 6 months,22502,tv,
DC,LEAD WITH JAKE TAPPER,CNN,Last 6 months,21620,tv,
ND,FOX & FRIENDS SATURDAY,FOXNC,Last 6 months,21212,tv,
DC,ALEX WAGNER TONIGHT,MSNBC,Last 6 months,21042,tv,
DC,BEAT W/ARI MELBER,MSNBC,Last 6 months,19854,tv,
DC,DEADLINE:WHITE HOUSE,MSNBC,Last 6 months,19224,tv,
DC,REIDOUT,MSNBC,Last 6 months,19138,tv,
DC,SITUATION ROOM,CNN,Last 6 months,18326,tv,
AK,ALEX WAGNER TONIGHT,MSNBC,Last 6 months,18281,tv,
AK,ALL IN W/ CHRIS HAYES,MSNBC,Last 6 months,18211,tv,
WY,AMERICAS NEWSROOM,FOXNC,Last 6 months,18147,tv,
ND,FOX & FRIENDS SUNDAY,FOXNC,Last 6 months,17783,tv,
ND,YOUR WORLD W/NEIL CAVUTO,FOXNC,Last 6 months,17587,tv,
ND,FOX REPORT WITH JON SCOTT,FOXNC,Last 6 months,17579,tv,
AK,RACHEL MADDOW SHOW,MSNBC,Last 6 months,17576,tv,
AK,FOX NEWS LIVE,FOXNC,Last 6 months,17121,tv,
AK,11TH HOUR W/B. WILLIAMS,MSNBC,Last 6 months,17021,tv,
WY,FOX AND FRIENDS,FOXNC,Last 6 months,16876,tv,
WY,LEAD WITH JAKE TAPPER,CNN,Last 6 months,16861,tv,
WY,SITUATION ROOM,CNN,Last 6 months,16819,tv,
AK,CNN NEWSROOM,CNN,Last 6 months,15122,tv,
WY,"FIVE, THE",FOXNC,Last 6 months,14252,tv,
WY,"FAULKNER FOCUS, THE",FOXNC,Last 6 months,14251,tv,
ND,FOX NEWS LIVE,FOXNC,Last 6 months,14193,tv,
WY,FOX NEWS LIVE,FOXNC,Last 6 months,14185,tv,
WY,AMERICA REPORTS,FOXNC,Last 6 months,13571,tv,
WY,JESSE WATTERS PRIMETIME,FOXNC,Last 6 months,13495,tv,
WY,OUTNUMBERED,FOXNC,Last 6 months,13431,tv,
ND,HANNITY,FOXNC,Last 6 months,12580,tv,
CA,CNN NEWSROOM,CNN,Last 12 months,1787863,tv,
FL,"FIVE, THE",FOXNC,Last 12 months,1246610,tv,
CA,LAST WORD W/ L. ODONNELL,MSNBC,Last 12 months,1134581,tv,
FL,SPECIAL RPT W/BRET BAIER,FOXNC,Last 12 months,1105481,tv,
CA,ALEX WAGNER TONIGHT,MSNBC,Last 12 months,1101837,tv,
FL,HANNITY,FOXNC,Last 12 months,1098070,tv,
CA,HANNITY,FOXNC,Last 12 months,1097312,tv,
FL,CNN NEWSROOM,CNN,Last 12 months,1068415,tv,
FL,JESSE WATTERS PRIMETIME,FOXNC,Last 12 months,1063554,tv,
CA,ANDERSON COOPER 360,CNN,Last 12 months,1033445,tv,
FL,FOX AND FRIENDS,FOXNC,Last 12 months,1002083,tv,
CA,11TH HOUR W/B. WILLIAMS,MSNBC,Last 12 months,983379,tv,
CA,DEADLINE:WHITE HOUSE,MSNBC,Last 12 months,976612,tv,
FL,"INGRAHAM ANGLE, THE",FOXNC,Last 12 months,973001,tv,
TX,CNN NEWSROOM,CNN,Last 12 months,971542,tv,
CA,ALL IN W/ CHRIS HAYES,MSNBC,Last 12 months,965622,tv,
FL,AMERICAS NEWSROOM,FOXNC,Last 12 months,947665,tv,
FL,AMERICA REPORTS,FOXNC,Last 12 months,933025,tv,
NY,CNN NEWSROOM,CNN,Last 12 months,928645,tv,
CA,RACHEL MADDOW SHOW,MSNBC,Last 12 months,926392,tv,
CA,BEAT W/ARI MELBER,MSNBC,Last 12 months,908649,tv,
FL,GUTFELD!,FOXNC,Last 12 months,885105,tv,
TX,"FIVE, THE",FOXNC,Last 12 months,804600,tv,
TX,HANNITY,FOXNC,Last 12 months,790700,tv,
PA,"FIVE, THE",FOXNC,Last 12 months,767517,tv,
TX,JESSE WATTERS PRIMETIME,FOXNC,Last 12 months,749213,tv,
PA,HANNITY,FOXNC,Last 12 months,695545,tv,
TX,SPECIAL RPT W/BRET BAIER,FOXNC,Last 12 months,693384,tv,
TX,"INGRAHAM ANGLE, THE",FOXNC,Last 12 months,684567,tv,
PA,FOX AND FRIENDS,FOXNC,Last 12 months,671655,tv,
TX,AMERICAS NEWSROOM,FOXNC,Last 12 months,667707,tv,
TX,AMERICA REPORTS,FOXNC,Last 12 months,648550,tv,
NY,MORNING JOE,MSNBC,Last 12 months,619983,tv,
PA,SPECIAL RPT W/BRET BAIER,FOXNC,Last 12 months,619917,tv,
TX,GUTFELD!,FOXNC,Last 12 months,618310,tv,
NY,BEAT W/ARI MELBER,MSNBC,Last 12 months,614233,tv,
PA,JESSE WATTERS PRIMETIME,FOXNC,Last 12 months,606896,tv,
NY,DEADLINE:WHITE HOUSE,MSNBC,Last 12 months,605829,tv,
TX,FOX NEWS LIVE,FOXNC,Last 12 months,601904,tv,
OH,HANNITY,FOXNC,Last 12 months,593955,tv,
NY,LAST WORD W/ L. ODONNELL,MSNBC,Last 12 months,589361,tv,
NY,"FIVE, THE",FOXNC,Last 12 months,584961,tv,
NY,ANDERSON COOPER 360,CNN,Last 12 months,582199,tv,
PA,CNN NEWSROOM,CNN,Last 12 months,567962,tv,
NY,ALL IN W/ CHRIS HAYES,MSNBC,Last 12 months,557550,tv,
PA,"INGRAHAM ANGLE, THE",FOXNC,Last 12 months,556775,tv,
NY,ALEX WAGNER TONIGHT,MSNBC,Last 12 months,553423,tv,
OH,"FIVE, THE",FOXNC,Last 12 months,552138,tv,
PA,AMERICA REPORTS,FOXNC,Last 12 months,551374,tv,
IL,CNN NEWSROOM,CNN,Last 12 months,547448,tv,
PA,AMERICAS NEWSROOM,FOXNC,Last 12 months,547057,tv,
NY,HANNITY,FOXNC,Last 12 months,546654,tv,
OH,CNN NEWSROOM,CNN,Last 12 months,535392,tv,
OH,JESSE WATTERS PRIMETIME,FOXNC,Last 12 months,531237,tv,
PA,GUTFELD!,FOXNC,Last 12 months,530258,tv,
VA,CNN NEWSROOM,CNN,Last 12 months,529548,tv,
NC,CNN NEWSROOM,CNN,Last 12 months,520128,tv,
NC,"FIVE, THE",FOXNC,Last 12 months,511826,tv,
NJ,"FIVE, THE",FOXNC,Last 12 months,503158,tv,
OH,"INGRAHAM ANGLE, THE",FOXNC,Last 12 months,497107,tv,
NJ,CNN NEWSROOM,CNN,Last 12 months,488426,tv,
GA,"FIVE, THE",FOXNC,Last 12 months,478146,tv,
OH,SPECIAL RPT W/BRET BAIER,FOXNC,Last 12 months,473736,tv,
IL,"FIVE, THE",FOXNC,Last 12 months,466375,tv,
MA,CNN NEWSROOM,CNN,Last 12 months,466196,tv,
NC,HANNITY,FOXNC,Last 12 months,464824,tv,
GA,HANNITY,FOXNC,Last 12 months,458286,tv,
NC,SPECIAL RPT W/BRET BAIER,FOXNC,Last 12 months,455433,tv,
MI,CNN NEWSROOM,CNN,Last 12 months,443586,tv,
NC,JESSE WATTERS PRIMETIME,FOXNC,Last 12 months,440766,tv,
NC,FOX AND FRIENDS,FOXNC,Last 12 months,438040,tv,
OH,GUTFELD!,FOXNC,Last 12 months,437151,tv,
OH,AMERICA REPORTS,FOXNC,Last 12 months,434029,tv,
GA,JESSE WATTERS PRIMETIME,FOXNC,Last 12 months,427143,tv,
NJ,HANNITY,FOXNC,Last 12 months,422306,tv,
TN,"FIVE, THE",FOXNC,Last 12 months,422046,tv,
GA,SPECIAL RPT W/BRET BAIER,FOXNC,Last 12 months,419414,tv,
OH,AMERICAS NEWSROOM,FOXNC,Last 12 months,415790,tv,
MD,CNN NEWSROOM,CNN,Last 12 months,412706,tv,
IL,HANNITY,FOXNC,Last 12 months,410942,tv,
OH,FOX AND FRIENDS,FOXNC,Last 12 months,409813,tv,
VA,"FIVE, THE",FOXNC,Last 12 months,408636,tv,
GA,"INGRAHAM ANGLE, THE",FOXNC,Last 12 months,408505,tv,
GA,FOX AND FRIENDS,FOXNC,Last 12 months,406292,tv,
MI,"FIVE, THE",FOXNC,Last 12 months,404064,tv,
GA,CNN NEWSROOM,CNN,Last 12 months,401690,tv,
NC,"INGRAHAM ANGLE, THE",FOXNC,Last 12 months,400733,tv,
NC,AMERICAS NEWSROOM,FOXNC,Last 12 months,399276,tv,
NC,AMERICA REPORTS,FOXNC,Last 12 months,398134,tv,
NJ,SPECIAL RPT W/BRET BAIER,FOXNC,Last 12 months,388781,tv,
NJ,JESSE WATTERS PRIMETIME,FOXNC,Last 12 months,385056,tv,
TN,AMERICAS NEWSROOM,FOXNC,Last 12 months,383955,tv,
GA,AMERICAS NEWSROOM,FOXNC,Last 12 months,382804,tv,
VA,SPECIAL RPT W/BRET BAIER,FOXNC,Last 12 months,378953,tv,
TN,HANNITY,FOXNC,Last 12 months,377923,tv,
TN,SPECIAL RPT W/BRET BAIER,FOXNC,Last 12 months,376883,tv,
VA,JESSE WATTERS PRIMETIME,FOXNC,Last 12 months,375164,tv,
VA,HANNITY,FOXNC,Last 12 months,373946,tv,
IL,JESSE WATTERS PRIMETIME,FOXNC,Last 12 months,372086,tv,
IL,"INGRAHAM ANGLE, THE",FOXNC,Last 12 months,371065,tv,
GA,AMERICA REPORTS,FOXNC,Last 12 months,371025,tv,
IL,GUTFELD!,FOXNC,Last 12 months,370741,tv,
IL,SPECIAL RPT W/BRET BAIER,FOXNC,Last 12 months,367574,tv,
TN,AMERICA REPORTS,FOXNC,Last 12 months,365141,tv,
NC,GUTFELD!,FOXNC,Last 12 months,364350,tv,
MI,HANNITY,FOXNC,Last 12 months,364079,tv,
GA,FOX NEWS LIVE,FOXNC,Last 12 months,356810,tv,
MI,JESSE WATTERS PRIMETIME,FOXNC,Last 12 months,352730,tv,
TN,JESSE WATTERS PRIMETIME,FOXNC,Last 12 months,350688,tv,
TN,FOX AND FRIENDS,FOXNC,Last 12 months,346826,tv,
VA,"INGRAHAM ANGLE, THE",FOXNC,Last 12 months,346711,tv,
IL,LAST WORD W/ L. ODONNELL,MSNBC,Last 12 months,342160,tv,
NJ,AMERICA REPORTS,FOXNC,Last 12 months,340572,tv,
TN,OUTNUMBERED,FOXNC,Last 12 months,339250,tv,
MI,SPECIAL RPT W/BRET BAIER,FOXNC,Last 12 months,337620,tv,
TN,FOX NEWS LIVE,FOXNC,Last 12 months,336373,tv,
IN,"FIVE, THE",FOXNC,Last 12 months,333892,tv,
IL,MORNING JOE,MSNBC,Last 12 months,332635,tv,
MO,"FIVE, THE",FOXNC,Last 12 months,331526,tv,
NJ,"INGRAHAM ANGLE, THE",FOXNC,Last 12 months,329555,tv,
SC,"FIVE, THE",FOXNC,Last 12 months,325782,tv,
NJ,GUTFELD!,FOXNC,Last 12 months,322104,tv,
MO,HANNITY,FOXNC,Last 12 months,319272,tv,
TN,"FAULKNER FOCUS, THE",FOXNC,Last 12 months,318759,tv,
IL,ALEX WAGNER TONIGHT,MSNBC,Last 12 months,318613,tv,
NJ,FOX AND FRIENDS,FOXNC,Last 12 months,318474,tv,
NJ,FOX NEWS LIVE,FOXNC,Last 12 months,314952,tv,
VA,MORNING JOE,MSNBC,Last 12 months,310308,tv,
MI,MORNING JOE,MSNBC,Last 12 months,309979,tv,
SC,HANNITY,FOXNC,Last 12 months,308818,tv,
AL,HANNITY,FOXNC,Last 12 months,308411,tv,
MO,SPECIAL RPT W/BRET BAIER,FOXNC,Last 12 months,303285,tv,
MI,FOX AND FRIENDS,FOXNC,Last 12 months,303057,tv,
MI,"INGRAHAM ANGLE, THE",FOXNC,Last 12 months,301489,tv,
SC,"INGRAHAM ANGLE, THE",FOXNC,Last 12 months,301125,tv,
VA,AMERICA REPORTS,FOXNC,Last 12 months,300319,tv,
SC,SPECIAL RPT W/BRET BAIER,FOXNC,Last 12 months,299890,tv,
VA,FOX NEWS LIVE,FOXNC,Last 12 months,299494,tv,
AL,"FIVE, THE",FOXNC,Last 12 months,299398,tv,
SC,JESSE WATTERS PRIMETIME,FOXNC,Last 12 months,296907,tv,
MI,GUTFELD!,FOXNC,Last 12 months,295535,tv,
VA,FOX AND FRIENDS,FOXNC,Last 12 months,293281,tv,
MO,JESSE WATTERS PRIMETIME,FOXNC,Last 12 months,292370,tv,
IN,HANNITY,FOXNC,Last 12 months,287601,tv,
AL,JESSE WATTERS PRIMETIME,FOXNC,Last 12 months,286837,tv,
MI,AMERICA REPORTS,FOXNC,Last 12 months,284245,tv,
AZ,CNN NEWSROOM,CNN,Last 12 months,281920,tv,
MO,"INGRAHAM ANGLE, THE",FOXNC,Last 12 months,277869,tv,
IN,JESSE WATTERS PRIMETIME,FOXNC,Last 12 months,276541,tv,
MA,ANDERSON COOPER 360,CNN,Last 12 months,276008,tv,
SC,FOX AND FRIENDS,FOXNC,Last 12 months,273024,tv,
AL,AMERICA REPORTS,FOXNC,Last 12 months,272501,tv,
IN,FOX AND FRIENDS,FOXNC,Last 12 months,268650,tv,
MD,LAST WORD W/ L. ODONNELL,MSNBC,Last 12 months,268459,tv,
WA,CNN NEWSROOM,CNN,Last 12 months,268091,tv,
MD,MORNING JOE,MSNBC,Last 12 months,267962,tv,
MA,LEAD WITH JAKE TAPPER,CNN,Last 12 months,267233,tv,
MA,DEADLINE:WHITE HOUSE,MSNBC,Last 12 months,266762,tv,
IN,SPECIAL RPT W/BRET BAIER,FOXNC,Last 12 months,264899,tv,
MD,ALEX WAGNER TONIGHT,MSNBC,Last 12 months,262252,tv,
MO,AMERICA REPORTS,FOXNC,Last 12 months,261652,tv,
AL,SPECIAL RPT W/BRET BAIER,FOXNC,Last 12 months,261289,tv,
WI,CNN NEWSROOM,CNN,Last 12 months,258572,tv,
MD,BEAT W/ARI MELBER,MSNBC,Last 12 months,256420,tv,
AL,"INGRAHAM ANGLE, THE",FOXNC,Last 12 months,255582,tv,
AZ,"FIVE, THE",FOXNC,Last 12 months,254543,tv,
AL,AMERICAS NEWSROOM,FOXNC,Last 12 months,254112,tv,
MD,ALL IN W/ CHRIS HAYES,MSNBC,Last 12 months,253613,tv,
AZ,HANNITY,FOXNC,Last 12 months,252866,tv,
IN,"INGRAHAM ANGLE, THE",FOXNC,Last 12 months,252276,tv,
SC,AMERICA REPORTS,FOXNC,Last 12 months,251348,tv,
AL,FOX NEWS LIVE,FOXNC,Last 12 months,249566,tv,
AZ,JESSE WATTERS PRIMETIME,FOXNC,Last 12 months,249346,tv,
MO,GUTFELD!,FOXNC,Last 12 months,249301,tv,
MD,DEADLINE:WHITE HOUSE,MSNBC,Last 12 months,248992,tv,
NV,CNN NEWSROOM,CNN,Last 12 months,247041,tv,
IN,GUTFELD!,FOXNC,Last 12 months,246649,tv,
MO,OUTNUMBERED,FOXNC,Last 12 months,243325,tv,
MO,AMERICAS NEWSROOM,FOXNC,Last 12 months,243033,tv,
MD,ANDERSON COOPER 360,CNN,Last 12 months,242596,tv,
SC,GUTFELD!,FOXNC,Last 12 months,242530,tv,
MO,FOX NEWS LIVE,FOXNC,Last 12 months,237727,tv,
MA,MORNING JOE,MSNBC,Last 12 months,237722,tv,
AL,OUTNUMBERED,FOXNC,Last 12 months,236786,tv,
SC,AMERICAS NEWSROOM,FOXNC,Last 12 months,236424,tv,
AL,"STORY, THE",FOXNC,Last 12 months,235751,tv,
SC,FOX NEWS LIVE,FOXNC,Last 12 months,234256,tv,
MA,ALL IN W/ CHRIS HAYES,MSNBC,Last 12 months,233909,tv,
IN,AMERICA REPORTS,FOXNC,Last 12 months,232033,tv,
AZ,GUTFELD!,FOXNC,Last 12 months,231966,tv,
IN,AMERICAS NEWSROOM,FOXNC,Last 12 months,231124,tv,
MA,BEAT W/ARI MELBER,MSNBC,Last 12 months,230538,tv,
WI,"FIVE, THE",FOXNC,Last 12 months,227602,tv,
MA,SITUATION ROOM,CNN,Last 12 months,226430,tv,
MA,ALEX WAGNER TONIGHT,MSNBC,Last 12 months,226312,tv,
IN,CNN NEWSROOM,CNN,Last 12 months,225607,tv,
WA,HANNITY,FOXNC,Last 12 months,224083,tv,
AZ,SPECIAL RPT W/BRET BAIER,FOXNC,Last 12 months,223650,tv,
AR,"FIVE, THE",FOXNC,Last 12 months,223146,tv,
AZ,"INGRAHAM ANGLE, THE",FOXNC,Last 12 months,222868,tv,
MD,11TH HOUR W/B. WILLIAMS,MSNBC,Last 12 months,220665,tv,
WA,LAST WORD W/ L. ODONNELL,MSNBC,Last 12 months,219843,tv,
WI,HANNITY,FOXNC,Last 12 months,219755,tv,
WA,"FIVE, THE",FOXNC,Last 12 months,219685,tv,
MA,LAST WORD W/ L. ODONNELL,MSNBC,Last 12 months,219194,tv,
MD,REIDOUT,MSNBC,Last 12 months,219162,tv,
OR,CNN NEWSROOM,CNN,Last 12 months,218282,tv,
AZ,FOX NEWS LIVE,FOXNC,Last 12 months,215145,tv,
OK,HANNITY,FOXNC,Last 12 months,214847,tv,
WA,GUTFELD!,FOXNC,Last 12 months,210488,tv,
WA,JESSE WATTERS PRIMETIME,FOXNC,Last 12 months,209317,tv,
AZ,AMERICA REPORTS,FOXNC,Last 12 months,205894,tv,
WA,ALEX WAGNER TONIGHT,MSNBC,Last 12 months,205488,tv,
WI,"INGRAHAM ANGLE, THE",FOXNC,Last 12 months,197358,tv,
CO,CNN NEWSROOM,CNN,Last 12 months,196575,tv,
KY,"FIVE, THE",FOXNC,Last 12 months,195365,tv,
WA,ALL IN W/ CHRIS HAYES,MSNBC,Last 12 months,194825,tv,
LA,"FIVE, THE",FOXNC,Last 12 months,193532,tv,
MN,"FIVE, THE",FOXNC,Last 12 months,193124,tv,
WA,11TH HOUR W/B. WILLIAMS,MSNBC,Last 12 months,192806,tv,
AR,AMERICAS NEWSROOM,FOXNC,Last 12 months,192707,tv,
WI,JESSE WATTERS PRIMETIME,FOXNC,Last 12 months,190998,tv,
KY,HANNITY,FOXNC,Last 12 months,190572,tv,
OK,"INGRAHAM ANGLE, THE",FOXNC,Last 12 months,190525,tv,
AR,SPECIAL RPT W/BRET BAIER,FOXNC,Last 12 months,188512,tv,
MN,HANNITY,FOXNC,Last 12 months,188292,tv,
AR,OUTNUMBERED,FOXNC,Last 12 months,187566,tv,
AR,JESSE WATTERS PRIMETIME,FOXNC,Last 12 months,185059,tv,
WA,RACHEL MADDOW SHOW,MSNBC,Last 12 months,183863,tv,
AR,FOX NEWS LIVE,FOXNC,Last 12 months,183739,tv,
WI,GUTFELD!,FOXNC,Last 12 months,182804,tv,
LA,HANNITY,FOXNC,Last 12 months,182707,tv,
LA,AMERICA REPORTS,FOXNC,Last 12 months,182583,tv,
AZ,OUTNUMBERED,FOXNC,Last 12 months,182395,tv,
WI,AMERICAS NEWSROOM,FOXNC,Last 12 months,181604,tv,
KY,AMERICAS NEWSROOM,FOXNC,Last 12 months,180567,tv,
AR,HANNITY,FOXNC,Last 12 months,179551,tv,
AR,AMERICA REPORTS,FOXNC,Last 12 months,178111,tv,
MN,CNN NEWSROOM,CNN,Last 12 months,177658,tv,
AR,FOX AND FRIENDS,FOXNC,Last 12 months,177602,tv,
NV,HANNITY,FOXNC,Last 12 months,177597,tv,
OK,JESSE WATTERS PRIMETIME,FOXNC,Last 12 months,176015,tv,
AR,"INGRAHAM ANGLE, THE",FOXNC,Last 12 months,175548,tv,
KY,SPECIAL RPT W/BRET BAIER,FOXNC,Last 12 months,175093,tv,
OK,"FIVE, THE",FOXNC,Last 12 months,174871,tv,
KY,FOX AND FRIENDS,FOXNC,Last 12 months,173281,tv,
LA,JESSE WATTERS PRIMETIME,FOXNC,Last 12 months,171679,tv,
LA,AMERICAS NEWSROOM,FOXNC,Last 12 months,167757,tv,
WI,AMERICA REPORTS,FOXNC,Last 12 months,167220,tv,
KY,"INGRAHAM ANGLE, THE",FOXNC,Last 12 months,166810,tv,
KY,AMERICA REPORTS,FOXNC,Last 12 months,166316,tv,
CO,"FIVE, THE",FOXNC,Last 12 months,165852,tv,
OK,AMERICA REPORTS,FOXNC,Last 12 months,165413,tv,
CT,CNN NEWSROOM,CNN,Last 12 months,165304,tv,
KY,JESSE WATTERS PRIMETIME,FOXNC,Last 12 months,163944,tv,
CO,HANNITY,FOXNC,Last 12 months,163016,tv,
OK,GUTFELD!,FOXNC,Last 12 months,162654,tv,
MN,GUTFELD!,FOXNC,Last 12 months,162632,tv,
CO,JESSE WATTERS PRIMETIME,FOXNC,Last 12 months,162151,tv,
WI,FOX AND FRIENDS,FOXNC,Last 12 months,161925,tv,
KY,FOX NEWS LIVE,FOXNC,Last 12 months,161788,tv,
CO,GUTFELD!,FOXNC,Last 12 months,161194,tv,
MN,SPECIAL RPT W/BRET BAIER,FOXNC,Last 12 months,161017,tv,
CT,HANNITY,FOXNC,Last 12 months,160607,tv,
MN,"INGRAHAM ANGLE, THE",FOXNC,Last 12 months,160149,tv,
NV,"FIVE, THE",FOXNC,Last 12 months,159340,tv,
NV,FOX NEWS LIVE,FOXNC,Last 12 months,159100,tv,
LA,FOX NEWS LIVE,FOXNC,Last 12 months,157744,tv,
MN,JESSE WATTERS PRIMETIME,FOXNC,Last 12 months,157266,tv,
NV,OUTNUMBERED,FOXNC,Last 12 months,156975,tv,
NV,"INGRAHAM ANGLE, THE",FOXNC,Last 12 months,156665,tv,
OK,SPECIAL RPT W/BRET BAIER,FOXNC,Last 12 months,156629,tv,
LA,"INGRAHAM ANGLE, THE",FOXNC,Last 12 months,155858,tv,
CT,"FIVE, THE",FOXNC,Last 12 months,154905,tv,
WI,SPECIAL RPT W/BRET BAIER,FOXNC,Last 12 months,154312,tv,
NV,GUTFELD!,FOXNC,Last 12 months,154160,tv,
KY,OUTNUMBERED,FOXNC,Last 12 months,150528,tv,
OK,AMERICAS NEWSROOM,FOXNC,Last 12 months,150082,tv,
LA,OUTNUMBERED,FOXNC,Last 12 months,149113,tv,
NV,JESSE WATTERS PRIMETIME,FOXNC,Last 12 months,148841,tv,
CO,"INGRAHAM ANGLE, THE",FOXNC,Last 12 months,148092,tv,
NV,AMERICA REPORTS,FOXNC,Last 12 months,147113,tv,
MN,AMERICA REPORTS,FOXNC,Last 12 months,147017,tv,
LA,GUTFELD!,FOXNC,Last 12 months,146926,tv,
OK,FOX NEWS LIVE,FOXNC,Last 12 months,146901,tv,
LA,"STORY, THE",FOXNC,Last 12 months,146666,tv,
KS,HANNITY,FOXNC,Last 12 months,146149,tv,
OR,HANNITY,FOXNC,Last 12 months,145510,tv,
NV,SPECIAL RPT W/BRET BAIER,FOXNC,Last 12 months,144226,tv,
IA,HANNITY,FOXNC,Last 12 months,143408,tv,
OK,OUTNUMBERED,FOXNC,Last 12 months,142998,tv,
CT,FOX AND FRIENDS,FOXNC,Last 12 months,141274,tv,
MN,AMERICAS NEWSROOM,FOXNC,Last 12 months,140747,tv,
CT,JESSE WATTERS PRIMETIME,FOXNC,Last 12 months,140618,tv,
IA,"FIVE, THE",FOXNC,Last 12 months,139755,tv,
MN,FOX NEWS LIVE,FOXNC,Last 12 months,138880,tv,
CO,SPECIAL RPT W/BRET BAIER,FOXNC,Last 12 months,136067,tv,
UT,HANNITY,FOXNC,Last 12 months,134703,tv,
OR,LAST WORD W/ L. ODONNELL,MSNBC,Last 12 months,132972,tv,
OR,ALEX WAGNER TONIGHT,MSNBC,Last 12 months,131996,tv,
NE,"INGRAHAM ANGLE, THE",FOXNC,Last 12 months,131028,tv,
KS,JESSE WATTERS PRIMETIME,FOXNC,Last 12 months,130763,tv,
CT,MORNING JOE,MSNBC,Last 12 months,130685,tv,
CO,AMERICA REPORTS,FOXNC,Last 12 months,130221,tv,
CT,GUTFELD!,FOXNC,Last 12 months,129977,tv,
CO,BEAT W/ARI MELBER,MSNBC,Last 12 months,129585,tv,
MS,HANNITY,FOXNC,Last 12 months,128386,tv,
OR,DEADLINE:WHITE HOUSE,MSNBC,Last 12 months,127777,tv,
CT,"INGRAHAM ANGLE, THE",FOXNC,Last 12 months,127296,tv,
MS,"FIVE, THE",FOXNC,Last 12 months,127259,tv,
IA,JESSE WATTERS PRIMETIME,FOXNC,Last 12 months,126922,tv,
KS,SPECIAL RPT W/BRET BAIER,FOXNC,Last 12 months,126739,tv,
KS,"INGRAHAM ANGLE, THE",FOXNC,Last 12 months,126527,tv,
CO,LAST WORD W/ L. ODONNELL,MSNBC,Last 12 months,126261,tv,
CT,SPECIAL RPT W/BRET BAIER,FOXNC,Last 12 months,126104,tv,
OR,ANDERSON COOPER 360,CNN,Last 12 months,125535,tv,
IA,GUTFELD!,FOXNC,Last 12 months,124476,tv,
OR,BEAT W/ARI MELBER,MSNBC,Last 12 months,124390,tv,
OR,ALL IN W/ CHRIS HAYES,MSNBC,Last 12 months,123194,tv,
CT,AMERICA REPORTS,FOXNC,Last 12 months,122768,tv,
MS,"INGRAHAM ANGLE, THE",FOXNC,Last 12 months,121707,tv,
NE,HANNITY,FOXNC,Last 12 months,121521,tv,
OR,11TH HOUR W/B. WILLIAMS,MSNBC,Last 12 months,121365,tv,
NE,JESSE WATTERS PRIMETIME,FOXNC,Last 12 months,120211,tv,
OR,"FIVE, THE",FOXNC,Last 12 months,119034,tv,
NE,"FIVE, THE",FOXNC,Last 12 months,117314,tv,
UT,JESSE WATTERS PRIMETIME,FOXNC,Last 12 months,114831,tv,
IA,FOX NEWS LIVE,FOXNC,Last 12 months,114804,tv,
IA,SPECIAL RPT W/BRET BAIER,FOXNC,Last 12 months,114699,tv,
IA,"INGRAHAM ANGLE, THE",FOXNC,Last 12 months,114031,tv,
MS,GUTFELD!,FOXNC,Last 12 months,112950,tv,
KS,FOX AND FRIENDS,FOXNC,Last 12 months,112135,tv,
WV,"FIVE, THE",FOXNC,Last 12 months,111404,tv,
IA,AMERICA REPORTS,FOXNC,Last 12 months,111374,tv,
MS,AMERICA REPORTS,FOXNC,Last 12 months,111252,tv,
IA,CNN NEWSROOM,CNN,Last 12 months,110538,tv,
UT,"INGRAHAM ANGLE, THE",FOXNC,Last 12 months,109545,tv,
HI,CNN NEWSROOM,CNN,Last 12 months,109359,tv,
WV,HANNITY,FOXNC,Last 12 months,108135,tv,
NE,AMERICA REPORTS,FOXNC,Last 12 months,106374,tv,
NE,SPECIAL RPT W/BRET BAIER,FOXNC,Last 12 months,106017,tv,
MS,JESSE WATTERS PRIMETIME,FOXNC,Last 12 months,104697,tv,
MS,SPECIAL RPT W/BRET BAIER,FOXNC,Last 12 months,104581,tv,
UT,"FIVE, THE",FOXNC,Last 12 months,104067,tv,
MS,FOX NEWS LIVE,FOXNC,Last 12 months,103274,tv,
MS,OUTNUMBERED,FOXNC,Last 12 months,103223,tv,
IA,OUTNUMBERED,FOXNC,Last 12 months,102116,tv,
KS,"FIVE, THE",FOXNC,Last 12 months,101559,tv,
WV,SPECIAL RPT W/BRET BAIER,FOXNC,Last 12 months,99690,tv,
ME,CNN NEWSROOM,CNN,Last 12 months,99597,tv,
NE,GUTFELD!,FOXNC,Last 12 months,99168,tv,
UT,GUTFELD!,FOXNC,Last 12 months,98443,tv,
NE,FOX NEWS LIVE,FOXNC,Last 12 months,98426,tv,
KS,AMERICAS NEWSROOM,FOXNC,Last 12 months,98161,tv,
NM,CNN NEWSROOM,CNN,Last 12 months,97289,tv,
KS,AMERICA REPORTS,FOXNC,Last 12 months,96760,tv,
KS,GUTFELD!,FOXNC,Last 12 months,96535,tv,
WV,JESSE WATTERS PRIMETIME,FOXNC,Last 12 months,96198,tv,
WV,"INGRAHAM ANGLE, THE",FOXNC,Last 12 months,95214,tv,
WV,FOX AND FRIENDS,FOXNC,Last 12 months,93701,tv,
ID,HANNITY,FOXNC,Last 12 months,93619,tv,
WV,FOX NEWS LIVE,FOXNC,Last 12 months,92289,tv,
NE,AMERICAS NEWSROOM,FOXNC,Last 12 months,90966,tv,
UT,SPECIAL RPT W/BRET BAIER,FOXNC,Last 12 months,88501,tv,
MS,AMERICAS NEWSROOM,FOXNC,Last 12 months,87934,tv,
WV,CNN NEWSROOM,CNN,Last 12 months,87822,tv,
WV,GUTFELD!,FOXNC,Last 12 months,85648,tv,
WV,AMERICAS NEWSROOM,FOXNC,Last 12 months,85459,tv,
ID,"FIVE, THE",FOXNC,Last 12 months,85301,tv,
ID,JESSE WATTERS PRIMETIME,FOXNC,Last 12 months,84703,tv,
NE,YOUR WORLD W/NEIL CAVUTO,FOXNC,Last 12 months,84606,tv,
UT,FOX NEWS LIVE,FOXNC,Last 12 months,83872,tv,
RI,CNN NEWSROOM,CNN,Last 12 months,83686,tv,
NM,BEAT W/ARI MELBER,MSNBC,Last 12 months,83103,tv,
ID,"INGRAHAM ANGLE, THE",FOXNC,Last 12 months,81223,tv,
KS,CNN NEWSROOM,CNN,Last 12 months,80385,tv,
NM,ALEX WAGNER TONIGHT,MSNBC,Last 12 months,79437,tv,
ID,GUTFELD!,FOXNC,Last 12 months,78313,tv,
NM,LAST WORD W/ L. ODONNELL,MSNBC,Last 12 months,78199,tv,
NM,ALL IN W/ CHRIS HAYES,MSNBC,Last 12 months,78069,tv,
NM,DEADLINE:WHITE HOUSE,MSNBC,Last 12 months,77966,tv,
NM,"FIVE, THE",FOXNC,Last 12 months,77454,tv,
UT,AMERICA REPORTS,FOXNC,Last 12 months,76090,tv,
NM,JESSE WATTERS PRIMETIME,FOXNC,Last 12 months,75592,tv,
MT,GUTFELD!,FOXNC,Last 12 months,75361,tv,
SD,HANNITY,FOXNC,Last 12 months,74387,tv,
NM,HANNITY,FOXNC,Last 12 months,74224,tv,
ID,AMERICA REPORTS,FOXNC,Last 12 months,74040,tv,
MT,"FIVE, THE",FOXNC,Last 12 months,73800,tv,
NM,11TH HOUR W/B. WILLIAMS,MSNBC,Last 12 months,72904,tv,
UT,CNN NEWSROOM,CNN,Last 12 months,72807,tv,
SD,JESSE WATTERS PRIMETIME,FOXNC,Last 12 months,72092,tv,
MT,JESSE WATTERS PRIMETIME,FOXNC,Last 12 months,71759,tv,
UT,OUTNUMBERED,FOXNC,Last 12 months,71478,tv,
ME,ERIN BURNETT OUTFRONT,CNN,Last 12 months,68819,tv,
MT,SPECIAL RPT W/BRET BAIER,FOXNC,Last 12 months,68244,tv,
DE,CNN NEWSROOM,CNN,Last 12 months,66154,tv,
SD,SPECIAL RPT W/BRET BAIER,FOXNC,Last 12 months,65712,tv,
SD,"INGRAHAM ANGLE, THE",FOXNC,Last 12 months,64468,tv,
ID,OUTNUMBERED,FOXNC,Last 12 months,64297,tv,
HI,ANDERSON COOPER 360,CNN,Last 12 months,64069,tv,
ME,ANDERSON COOPER 360,CNN,Last 12 months,63609,tv,
NH,CNN NEWSROOM,CNN,Last 12 months,63239,tv,
ID,SPECIAL RPT W/BRET BAIER,FOXNC,Last 12 months,62240,tv,
MT,AMERICA REPORTS,FOXNC,Last 12 months,61982,tv,
VT,CNN NEWSROOM,CNN,Last 12 months,61407,tv,
ME,LEAD WITH JAKE TAPPER,CNN,Last 12 months,60656,tv,
NH,GUTFELD!,FOXNC,Last 12 months,60570,tv,
SD,"FIVE, THE",FOXNC,Last 12 months,60287,tv,
HI,LEAD WITH JAKE TAPPER,CNN,Last 12 months,59602,tv,
HI,LAST WORD W/ L. ODONNELL,MSNBC,Last 12 months,59559,tv,
SD,GUTFELD!,FOXNC,Last 12 months,58736,tv,
HI,11TH HOUR W/B. WILLIAMS,MSNBC,Last 12 months,56824,tv,
NH,FOX AND FRIENDS,FOXNC,Last 12 months,55542,tv,
MT,OUTNUMBERED,FOXNC,Last 12 months,55198,tv,
NH,HANNITY,FOXNC,Last 12 months,55158,tv,
NH,MORNING JOE,MSNBC,Last 12 months,53896,tv,
SD,OUTNUMBERED,FOXNC,Last 12 months,53896,tv,
NH,"INGRAHAM ANGLE, THE",FOXNC,Last 12 months,53872,tv,
NH,"FIVE, THE",FOXNC,Last 12 months,53733,tv,
HI,ALEX WAGNER TONIGHT,MSNBC,Last 12 months,52877,tv,
RI,MORNING JOE,MSNBC,Last 12 months,52603,tv,
MT,HANNITY,FOXNC,Last 12 months,51679,tv,
MT,"INGRAHAM ANGLE, THE",FOXNC,Last 12 months,51499,tv,
MT,CNN NEWSROOM,CNN,Last 12 months,50835,tv,
ME,LAST WORD W/ L. ODONNELL,MSNBC,Last 12 months,50324,tv,
SD,AMERICA REPORTS,FOXNC,Last 12 months,50113,tv,
ME,MORNING JOE,MSNBC,Last 12 months,50023,tv,
RI,"FIVE, THE",FOXNC,Last 12 months,49673,tv,
ID,YOUR WORLD W/NEIL CAVUTO,FOXNC,Last 12 months,49377,tv,
NH,JESSE WATTERS PRIMETIME,FOXNC,Last 12 months,49102,tv,
ID,"LIFE, LIBERTY AND LEVIN",FOXNC,Last 12 months,48911,tv,
HI,ERIN BURNETT OUTFRONT,CNN,Last 12 months,48454,tv,
ME,DEADLINE:WHITE HOUSE,MSNBC,Last 12 months,46820,tv,
NH,SPECIAL RPT W/BRET BAIER,FOXNC,Last 12 months,46472,tv,
HI,SITUATION ROOM,CNN,Last 12 months,46007,tv,
SD,FOX NEWS LIVE,FOXNC,Last 12 months,44277,tv,
NH,LAST WORD W/ L. ODONNELL,MSNBC,Last 12 months,43960,tv,
MT,AMERICAS NEWSROOM,FOXNC,Last 12 months,43943,tv,
RI,SPECIAL RPT W/BRET BAIER,FOXNC,Last 12 months,43641,tv,
VT,LAST WORD W/ L. ODONNELL,MSNBC,Last 12 months,43017,tv,
HI,CNN TONIGHT,CNN,Last 12 months,43003,tv,
RI,FOX AND FRIENDS,FOXNC,Last 12 months,42955,tv,
RI,FOX NEWS LIVE,FOXNC,Last 12 months,42297,tv,
RI,DEADLINE:WHITE HOUSE,MSNBC,Last 12 months,42199,tv,
SD,11TH HOUR W/B. WILLIAMS,MSNBC,Last 12 months,42077,tv,
VT,ALEX WAGNER TONIGHT,MSNBC,Last 12 months,41681,tv,
RI,LEAD WITH JAKE TAPPER,CNN,Last 12 months,41530,tv,
RI,JESSE WATTERS PRIMETIME,FOXNC,Last 12 months,41225,tv,
VT,RACHEL MADDOW SHOW,MSNBC,Last 12 months,39162,tv,
RI,AMERICA REPORTS,FOXNC,Last 12 months,39083,tv,
ME,SITUATION ROOM,CNN,Last 12 months,38823,tv,
ND,"FIVE, THE",FOXNC,Last 12 months,37988,tv,
HI,"FIVE, THE",FOXNC,Last 12 months,37481,tv,
ME,ALEX WAGNER TONIGHT,MSNBC,Last 12 months,36312,tv,
ME,11TH HOUR W/B. WILLIAMS,MSNBC,Last 12 months,35629,tv,
DE,LEAD WITH JAKE TAPPER,CNN,Last 12 months,32755,tv,
DC,CNN NEWSROOM,CNN,Last 12 months,32736,tv,
DE,INSIDE POLITICS,CNN,Last 12 months,31303,tv,
DE,DEADLINE:WHITE HOUSE,MSNBC,Last 12 months,30159,tv,
ND,SPECIAL RPT W/BRET BAIER,FOXNC,Last 12 months,29646,tv,
DE,ANDERSON COOPER 360,CNN,Last 12 months,29232,tv,
VT,ALL IN W/ CHRIS HAYES,MSNBC,Last 12 months,28561,tv,
AK,LAST WORD W/ L. ODONNELL,MSNBC,Last 12 months,28122,tv,
DE,MORNING JOE,MSNBC,Last 12 months,26852,tv,
DE,ERIN BURNETT OUTFRONT,CNN,Last 12 months,26546,tv,
AK,BEAT W/ARI MELBER,MSNBC,Last 12 months,26528,tv,
AK,ALL IN W/ CHRIS HAYES,MSNBC,Last 12 months,26349,tv,
AK,DEADLINE:WHITE HOUSE,MSNBC,Last 12 months,26182,tv,
AK,11TH HOUR W/B. WILLIAMS,MSNBC,Last 12 months,25966,tv,
VT,MORNING JOE,MSNBC,Last 12 months,25903,tv,
VT,AYMAN,MSNBC,Last 12 months,25414,tv,
AK,REIDOUT,MSNBC,Last 12 months,25122,tv,
WY,SITUATION ROOM,CNN,Last 12 months,25041,tv,
VT,REIDOUT,MSNBC,Last 12 months,24948,tv,
DE,HANNITY,FOXNC,Last 12 months,24864,tv,
VT,DEADLINE:WHITE HOUSE,MSNBC,Last 12 months,24779,tv,
DE,SITUATION ROOM,CNN,Last 12 months,24606,tv,
VT,ANDERSON COOPER 360,CNN,Last 12 months,24544,tv,
WY,LEAD WITH JAKE TAPPER,CNN,Last 12 months,24434,tv,
AK,ALEX WAGNER TONIGHT,MSNBC,Last 12 months,24386,tv,
DE,GUTFELD!,FOXNC,Last 12 months,23136,tv,
ND,HANNITY,FOXNC,Last 12 months,22493,tv,
ND,YOUR WORLD W/NEIL CAVUTO,FOXNC,Last 12 months,22324,tv,
ND,FOX AND FRIENDS,FOXNC,Last 12 months,20517,tv,
WY,CNN NEWSROOM,CNN,Last 12 months,20419,tv,
ND,FOX REPORT WITH JON SCOTT,FOXNC,Last 12 months,20302,tv,
DC,ANDERSON COOPER 360,CNN,Last 12 months,20171,tv,
ND,JESSE WATTERS PRIMETIME,FOXNC,Last 12 months,19318,tv,
DC,MORNING JOE,MSNBC,Last 12 months,19306,tv,
AK,RACHEL MADDOW SHOW,MSNBC,Last 12 months,19298,tv,
DC,ALL IN W/ CHRIS HAYES,MSNBC,Last 12 months,18791,tv,
DC,LEAD WITH JAKE TAPPER,CNN,Last 12 months,18497,tv,
ND,TUCKER CARLSON TONIGHT,FOXNC,Last 12 months,18340,tv,
ND,FOX & FRIENDS SATURDAY,FOXNC,Last 12 months,17553,tv,
ND,AMERICAS NEWSROOM,FOXNC,Last 12 months,17497,tv,
DC,SITUATION ROOM,CNN,Last 12 months,16558,tv,
WY,ERIN BURNETT OUTFRONT,CNN,Last 12 months,16016,tv,
DC,ALEX WAGNER TONIGHT,MSNBC,Last 12 months,15827,tv,
DC,ERIN BURNETT OUTFRONT,CNN,Last 12 months,15430,tv,
DC,REIDOUT,MSNBC,Last 12 months,14992,tv,
WY,AMERICAS NEWSROOM,FOXNC,Last 12 months,14308,tv,
AK,KATY TUR REPORTS,MSNBC,Last 12 months,14156,tv,
DC,LAST WORD W/ L. ODONNELL,MSNBC,Last 12 months,14020,tv,
AK,CNN NEWSROOM,CNN,Last 12 months,13042,tv,
WY,FOX AND FRIENDS,FOXNC,Last 12 months,12908,tv,
WY,FOX NEWS LIVE,FOXNC,Last 12 months,11734,tv,
WY,INSIDE POLITICS,CNN,Last 12 months,11496,tv,
WY,"FAULKNER FOCUS, THE",FOXNC,Last 12 months,11441,tv,
WY,OUTNUMBERED,FOXNC,Last 12 months,10418,tv,
CA,CNN NEWSROOM,CNN,Since 2016,2819078,tv,
CA,MSNBC LIVE WKND EDITION,MSNBC,Since 2016,2480050,tv,
FL,MSNBC LIVE WKND EDITION,MSNBC,Since 2016,1948486,tv,
NY,MSNBC LIVE WKND EDITION,MSNBC,Since 2016,1849494,tv,
FL,CNN NEWSROOM,CNN,Since 2016,1735317,tv,
NY,CNN NEWSROOM,CNN,Since 2016,1688633,tv,
CA,HANNITY,FOXNC,Since 2016,1679171,tv,
TX,CNN NEWSROOM,CNN,Since 2016,1581348,tv,
CA,ANDERSON COOPER 360,CNN,Since 2016,1507122,tv,
FL,HANNITY,FOXNC,Since 2016,1435690,tv,
CA,RACHEL MADDOW SHOW,MSNBC,Since 2016,1371250,tv,
TX,MSNBC LIVE WKND EDITION,MSNBC,Since 2016,1353715,tv,
TX,HANNITY,FOXNC,Since 2016,1328003,tv,
CA,CNN TONIGHT,CNN,Since 2016,1263269,tv,
CA,LAST WORD W/ L. ODONNELL,MSNBC,Since 2016,1250506,tv,
CA,SITUATION ROOM,CNN,Since 2016,1182488,tv,
FL,"FIVE, THE",FOXNC,Since 2016,1177532,tv,
CA,TUCKER CARLSON TONIGHT,FOXNC,Since 2016,1163760,tv,
FL,OUTNUMBERED,FOXNC,Since 2016,1160769,tv,
FL,SPECIAL RPT W/BRET BAIER,FOXNC,Since 2016,1153820,tv,
FL,AMERICAS NEWSROOM,FOXNC,Since 2016,1080799,tv,
CA,11TH HOUR W/B. WILLIAMS,MSNBC,Since 2016,1079114,tv,
FL,FOX AND FRIENDS,FOXNC,Since 2016,1057184,tv,
PA,MSNBC LIVE WKND EDITION,MSNBC,Since 2016,1045267,tv,
FL,TUCKER CARLSON TONIGHT,FOXNC,Since 2016,1037410,tv,
TX,OUTNUMBERED,FOXNC,Since 2016,1014473,tv,
TX,TUCKER CARLSON TONIGHT,FOXNC,Since 2016,974414,tv,
PA,CNN NEWSROOM,CNN,Since 2016,974070,tv,
TX,AMERICAS NEWSROOM,FOXNC,Since 2016,957289,tv,
TX,SPECIAL RPT W/BRET BAIER,FOXNC,Since 2016,956547,tv,
TX,"FIVE, THE",FOXNC,Since 2016,946565,tv,
NY,ANDERSON COOPER 360,CNN,Since 2016,938249,tv,
FL,NEW DAY,CNN,Since 2016,888043,tv,
NY,HANNITY,FOXNC,Since 2016,885028,tv,
IL,MSNBC LIVE WKND EDITION,MSNBC,Since 2016,867129,tv,
NJ,CNN NEWSROOM,CNN,Since 2016,847469,tv,
OH,MSNBC LIVE WKND EDITION,MSNBC,Since 2016,844286,tv,
IL,CNN NEWSROOM,CNN,Since 2016,837414,tv,
NY,NEW DAY,CNN,Since 2016,828133,tv,
NY,RACHEL MADDOW SHOW,MSNBC,Since 2016,817719,tv,
NC,MSNBC LIVE WKND EDITION,MSNBC,Since 2016,817507,tv,
NJ,MSNBC LIVE WKND EDITION,MSNBC,Since 2016,804141,tv,
TX,ANDERSON COOPER 360,CNN,Since 2016,798399,tv,
GA,CNN NEWSROOM,CNN,Since 2016,785882,tv,
OH,CNN NEWSROOM,CNN,Since 2016,780676,tv,
NY,SITUATION ROOM,CNN,Since 2016,771274,tv,
PA,HANNITY,FOXNC,Since 2016,767709,tv,
TX,FOX AND FRIENDS,FOXNC,Since 2016,759255,tv,
NY,LAST WORD W/ L. ODONNELL,MSNBC,Since 2016,750441,tv,
VA,CNN NEWSROOM,CNN,Since 2016,736430,tv,
NC,CNN NEWSROOM,CNN,Since 2016,734539,tv,
VA,MSNBC LIVE WKND EDITION,MSNBC,Since 2016,728497,tv,
NY,ALL IN W/ CHRIS HAYES,MSNBC,Since 2016,715525,tv,
MI,MSNBC LIVE WKND EDITION,MSNBC,Since 2016,707005,tv,
OH,HANNITY,FOXNC,Since 2016,687146,tv,
NY,CNN TONIGHT,CNN,Since 2016,684028,tv,
NC,HANNITY,FOXNC,Since 2016,656916,tv,
GA,MSNBC LIVE WKND EDITION,MSNBC,Since 2016,653324,tv,
MI,CNN NEWSROOM,CNN,Since 2016,642375,tv,
MD,MSNBC LIVE WKND EDITION,MSNBC,Since 2016,637496,tv,
PA,"FIVE, THE",FOXNC,Since 2016,628346,tv,
GA,HANNITY,FOXNC,Since 2016,618920,tv,
MA,CNN NEWSROOM,CNN,Since 2016,613925,tv,
PA,FOX AND FRIENDS,FOXNC,Since 2016,601149,tv,
PA,SPECIAL RPT W/BRET BAIER,FOXNC,Since 2016,586749,tv,
MD,CNN NEWSROOM,CNN,Since 2016,582633,tv,
IL,HANNITY,FOXNC,Since 2016,579892,tv,
NJ,HANNITY,FOXNC,Since 2016,565184,tv,
PA,OUTNUMBERED,FOXNC,Since 2016,557864,tv,
PA,AMERICAS NEWSROOM,FOXNC,Since 2016,556757,tv,
PA,TUCKER CARLSON TONIGHT,FOXNC,Since 2016,543446,tv,
OH,"FIVE, THE",FOXNC,Since 2016,537330,tv,
MA,MSNBC LIVE WKND EDITION,MSNBC,Since 2016,530987,tv,
TN,HANNITY,FOXNC,Since 2016,520409,tv,
OH,OUTNUMBERED,FOXNC,Since 2016,520071,tv,
PA,NEW DAY,CNN,Since 2016,513303,tv,
OH,SPECIAL RPT W/BRET BAIER,FOXNC,Since 2016,503240,tv,
NC,FOX AND FRIENDS,FOXNC,Since 2016,501983,tv,
NC,"FIVE, THE",FOXNC,Since 2016,501778,tv,
MI,HANNITY,FOXNC,Since 2016,493252,tv,
NC,SPECIAL RPT W/BRET BAIER,FOXNC,Since 2016,492719,tv,
NC,OUTNUMBERED,FOXNC,Since 2016,491340,tv,
OH,TUCKER CARLSON TONIGHT,FOXNC,Since 2016,488231,tv,
VA,HANNITY,FOXNC,Since 2016,487361,tv,
NC,AMERICAS NEWSROOM,FOXNC,Since 2016,485656,tv,
NJ,ANDERSON COOPER 360,CNN,Since 2016,485603,tv,
OH,FOX AND FRIENDS,FOXNC,Since 2016,482396,tv,
OH,AMERICAS NEWSROOM,FOXNC,Since 2016,482075,tv,
GA,OUTNUMBERED,FOXNC,Since 2016,481040,tv,
AZ,CNN NEWSROOM,CNN,Since 2016,479381,tv,
GA,SPECIAL RPT W/BRET BAIER,FOXNC,Since 2016,475168,tv,
WA,MSNBC LIVE WKND EDITION,MSNBC,Since 2016,471560,tv,
WA,CNN NEWSROOM,CNN,Since 2016,469749,tv,
NC,TUCKER CARLSON TONIGHT,FOXNC,Since 2016,467479,tv,
TN,MSNBC LIVE WKND EDITION,MSNBC,Since 2016,466739,tv,
GA,"FIVE, THE",FOXNC,Since 2016,461402,tv,
TN,CNN NEWSROOM,CNN,Since 2016,458259,tv,
TN,OUTNUMBERED,FOXNC,Since 2016,457684,tv,
NJ,"FIVE, THE",FOXNC,Since 2016,454791,tv,
GA,FOX AND FRIENDS,FOXNC,Since 2016,453554,tv,
GA,AMERICAS NEWSROOM,FOXNC,Since 2016,449010,tv,
AL,HANNITY,FOXNC,Since 2016,443483,tv,
NJ,SPECIAL RPT W/BRET BAIER,FOXNC,Since 2016,439788,tv,
IL,"FIVE, THE",FOXNC,Since 2016,435091,tv,
GA,NEW DAY,CNN,Since 2016,434777,tv,
GA,TUCKER CARLSON TONIGHT,FOXNC,Since 2016,434211,tv,
IL,ANDERSON COOPER 360,CNN,Since 2016,430291,tv,
TN,AMERICAS NEWSROOM,FOXNC,Since 2016,427355,tv,
MO,MSNBC LIVE WKND EDITION,MSNBC,Since 2016,422883,tv,
IL,OUTNUMBERED,FOXNC,Since 2016,421604,tv,
TN,"FIVE, THE",FOXNC,Since 2016,416203,tv,
NJ,SITUATION ROOM,CNN,Since 2016,414705,tv,
IL,SPECIAL RPT W/BRET BAIER,FOXNC,Since 2016,413952,tv,
NJ,TUCKER CARLSON TONIGHT,FOXNC,Since 2016,412532,tv,
TN,FOX AND FRIENDS,FOXNC,Since 2016,411139,tv,
VA,"FIVE, THE",FOXNC,Since 2016,410103,tv,
IL,TUCKER CARLSON TONIGHT,FOXNC,Since 2016,409240,tv,
VA,SPECIAL RPT W/BRET BAIER,FOXNC,Since 2016,408567,tv,
MI,"FIVE, THE",FOXNC,Since 2016,405804,tv,
AZ,MSNBC LIVE WKND EDITION,MSNBC,Since 2016,404836,tv,
IN,MSNBC LIVE WKND EDITION,MSNBC,Since 2016,404725,tv,
TN,SPECIAL RPT W/BRET BAIER,FOXNC,Since 2016,403686,tv,
CO,MSNBC LIVE WKND EDITION,MSNBC,Since 2016,401440,tv,
IL,RACHEL MADDOW SHOW,MSNBC,Since 2016,392441,tv,
OH,YOUR WORLD W/NEIL CAVUTO,FOXNC,Since 2016,391085,tv,
VA,NEW DAY,CNN,Since 2016,388668,tv,
NJ,OUTNUMBERED,FOXNC,Since 2016,385977,tv,
VA,OUTNUMBERED,FOXNC,Since 2016,383544,tv,
IL,AMERICAS NEWSROOM,FOXNC,Since 2016,382583,tv,
MI,TUCKER CARLSON TONIGHT,FOXNC,Since 2016,380593,tv,
MI,SPECIAL RPT W/BRET BAIER,FOXNC,Since 2016,379381,tv,
NJ,NEW DAY,CNN,Since 2016,377482,tv,
AZ,HANNITY,FOXNC,Since 2016,376400,tv,
NC,NEW DAY,CNN,Since 2016,375971,tv,
VA,ANDERSON COOPER 360,CNN,Since 2016,374633,tv,
AL,CNN NEWSROOM,CNN,Since 2016,374181,tv,
VA,AMERICAS NEWSROOM,FOXNC,Since 2016,368763,tv,
VA,FOX AND FRIENDS,FOXNC,Since 2016,368150,tv,
AL,OUTNUMBERED,FOXNC,Since 2016,365812,tv,
TN,TUCKER CARLSON TONIGHT,FOXNC,Since 2016,364880,tv,
SC,MSNBC LIVE WKND EDITION,MSNBC,Since 2016,363934,tv,
SC,CNN NEWSROOM,CNN,Since 2016,360685,tv,
MI,FOX AND FRIENDS,FOXNC,Since 2016,354848,tv,
CT,MSNBC LIVE WKND EDITION,MSNBC,Since 2016,353878,tv,
MI,OUTNUMBERED,FOXNC,Since 2016,352628,tv,
MI,AMERICAS NEWSROOM,FOXNC,Since 2016,351265,tv,
MA,ANDERSON COOPER 360,CNN,Since 2016,347296,tv,
AL,AMERICAS NEWSROOM,FOXNC,Since 2016,346321,tv,
WI,MSNBC LIVE WKND EDITION,MSNBC,Since 2016,343941,tv,
SC,HANNITY,FOXNC,Since 2016,343050,tv,
AL,MSNBC LIVE WKND EDITION,MSNBC,Since 2016,342844,tv,
MO,HANNITY,FOXNC,Since 2016,339864,tv,
MA,NEW DAY,CNN,Since 2016,334652,tv,
CO,CNN NEWSROOM,CNN,Since 2016,334067,tv,
WA,HANNITY,FOXNC,Since 2016,333433,tv,
IN,CNN NEWSROOM,CNN,Since 2016,329079,tv,
MO,CNN NEWSROOM,CNN,Since 2016,327699,tv,
IN,HANNITY,FOXNC,Since 2016,325777,tv,
MN,CNN NEWSROOM,CNN,Since 2016,324694,tv,
MD,ANDERSON COOPER 360,CNN,Since 2016,321503,tv,
AL,"FIVE, THE",FOXNC,Since 2016,319612,tv,
TN,YOUR WORLD W/NEIL CAVUTO,FOXNC,Since 2016,318267,tv,
CT,CNN NEWSROOM,CNN,Since 2016,314651,tv,
MI,ANDERSON COOPER 360,CNN,Since 2016,309617,tv,
KY,HANNITY,FOXNC,Since 2016,308431,tv,
WI,CNN NEWSROOM,CNN,Since 2016,307320,tv,
AL,TUCKER CARLSON TONIGHT,FOXNC,Since 2016,307208,tv,
AL,SPECIAL RPT W/BRET BAIER,FOXNC,Since 2016,307176,tv,
LA,MSNBC LIVE WKND EDITION,MSNBC,Since 2016,306411,tv,
MA,SITUATION ROOM,CNN,Since 2016,306387,tv,
WI,HANNITY,FOXNC,Since 2016,305332,tv,
AL,FOX AND FRIENDS,FOXNC,Since 2016,305185,tv,
MN,MSNBC LIVE WKND EDITION,MSNBC,Since 2016,299939,tv,
LA,CNN NEWSROOM,CNN,Since 2016,299644,tv,
LA,HANNITY,FOXNC,Since 2016,297307,tv,
WA,RACHEL MADDOW SHOW,MSNBC,Since 2016,292748,tv,
KY,MSNBC LIVE WKND EDITION,MSNBC,Since 2016,289152,tv,
CO,HANNITY,FOXNC,Since 2016,288991,tv,
MD,SITUATION ROOM,CNN,Since 2016,288427,tv,
SC,SPECIAL RPT W/BRET BAIER,FOXNC,Since 2016,286793,tv,
SC,OUTNUMBERED,FOXNC,Since 2016,285832,tv,
SC,"FIVE, THE",FOXNC,Since 2016,281451,tv,
NV,CNN NEWSROOM,CNN,Since 2016,275522,tv,
IN,"FIVE, THE",FOXNC,Since 2016,274996,tv,
AZ,OUTNUMBERED,FOXNC,Since 2016,274074,tv,
MD,RACHEL MADDOW SHOW,MSNBC,Since 2016,272709,tv,
SC,FOX AND FRIENDS,FOXNC,Since 2016,269527,tv,
OK,HANNITY,FOXNC,Since 2016,269336,tv,
SC,AMERICAS NEWSROOM,FOXNC,Since 2016,269006,tv,
MD,NEW DAY,CNN,Since 2016,265858,tv,
WA,LAST WORD W/ L. ODONNELL,MSNBC,Since 2016,265148,tv,
MO,OUTNUMBERED,FOXNC,Since 2016,264197,tv,
MD,HANNITY,FOXNC,Since 2016,264145,tv,
MA,HANNITY,FOXNC,Since 2016,263515,tv,
AL,YOUR WORLD W/NEIL CAVUTO,FOXNC,Since 2016,263094,tv,
OR,CNN NEWSROOM,CNN,Since 2016,263031,tv,
AZ,TUCKER CARLSON TONIGHT,FOXNC,Since 2016,261054,tv,
OR,MSNBC LIVE WKND EDITION,MSNBC,Since 2016,260618,tv,
NV,MSNBC LIVE WKND EDITION,MSNBC,Since 2016,259940,tv,
KY,CNN NEWSROOM,CNN,Since 2016,259585,tv,
IN,FOX AND FRIENDS,FOXNC,Since 2016,258346,tv,
IN,SPECIAL RPT W/BRET BAIER,FOXNC,Since 2016,257406,tv,
NV,HANNITY,FOXNC,Since 2016,255938,tv,
MO,SPECIAL RPT W/BRET BAIER,FOXNC,Since 2016,254941,tv,
MO,"FIVE, THE",FOXNC,Since 2016,254374,tv,
MD,LAST WORD W/ L. ODONNELL,MSNBC,Since 2016,251944,tv,
WA,ANDERSON COOPER 360,CNN,Since 2016,249309,tv,
IN,OUTNUMBERED,FOXNC,Since 2016,249073,tv,
MO,AMERICAS NEWSROOM,FOXNC,Since 2016,248885,tv,
KY,OUTNUMBERED,FOXNC,Since 2016,248531,tv,
IN,AMERICAS NEWSROOM,FOXNC,Since 2016,247553,tv,
AZ,"FIVE, THE",FOXNC,Since 2016,247024,tv,
MA,RACHEL MADDOW SHOW,MSNBC,Since 2016,245874,tv,
MA,ERIN BURNETT OUTFRONT,CNN,Since 2016,245844,tv,
SC,TUCKER CARLSON TONIGHT,FOXNC,Since 2016,244803,tv,
AZ,SPECIAL RPT W/BRET BAIER,FOXNC,Since 2016,244014,tv,
MN,HANNITY,FOXNC,Since 2016,240769,tv,
WA,TUCKER CARLSON TONIGHT,FOXNC,Since 2016,239592,tv,
SC,NEW DAY,CNN,Since 2016,237763,tv,
MO,TUCKER CARLSON TONIGHT,FOXNC,Since 2016,235939,tv,
IN,TUCKER CARLSON TONIGHT,FOXNC,Since 2016,235742,tv,
MD,ALL IN W/ CHRIS HAYES,MSNBC,Since 2016,234738,tv,
LA,OUTNUMBERED,FOXNC,Since 2016,234700,tv,
KY,AMERICAS NEWSROOM,FOXNC,Since 2016,233731,tv,
MA,LEAD WITH JAKE TAPPER,CNN,Since 2016,231586,tv,
MA,CNN TONIGHT,CNN,Since 2016,230779,tv,
AZ,ANDERSON COOPER 360,CNN,Since 2016,230738,tv,
AZ,AMERICAS NEWSROOM,FOXNC,Since 2016,230684,tv,
OK,CNN NEWSROOM,CNN,Since 2016,227258,tv,
MO,FOX AND FRIENDS,FOXNC,Since 2016,226989,tv,
KY,"FIVE, THE",FOXNC,Since 2016,226658,tv,
KY,FOX AND FRIENDS,FOXNC,Since 2016,226263,tv,
MD,MORNING JOE,MSNBC,Since 2016,226085,tv,
WA,11TH HOUR W/B. WILLIAMS,MSNBC,Since 2016,225716,tv,
KY,SPECIAL RPT W/BRET BAIER,FOXNC,Since 2016,225267,tv,
WI,"FIVE, THE",FOXNC,Since 2016,224516,tv,
CT,HANNITY,FOXNC,Since 2016,221240,tv,
WI,AMERICAS NEWSROOM,FOXNC,Since 2016,219434,tv,
WA,ALL IN W/ CHRIS HAYES,MSNBC,Since 2016,218763,tv,
OK,OUTNUMBERED,FOXNC,Since 2016,217643,tv,
WI,TUCKER CARLSON TONIGHT,FOXNC,Since 2016,217186,tv,
MS,MSNBC LIVE WKND EDITION,MSNBC,Since 2016,217160,tv,
LA,"FIVE, THE",FOXNC,Since 2016,215284,tv,
WI,OUTNUMBERED,FOXNC,Since 2016,214811,tv,
OK,MSNBC LIVE WKND EDITION,MSNBC,Since 2016,214281,tv,
OR,HANNITY,FOXNC,Since 2016,213755,tv,
CO,TUCKER CARLSON TONIGHT,FOXNC,Since 2016,211698,tv,
WA,OUTNUMBERED,FOXNC,Since 2016,209794,tv,
LA,SPECIAL RPT W/BRET BAIER,FOXNC,Since 2016,208302,tv,
WI,SPECIAL RPT W/BRET BAIER,FOXNC,Since 2016,208261,tv,
LA,AMERICAS NEWSROOM,FOXNC,Since 2016,208157,tv,
KY,TUCKER CARLSON TONIGHT,FOXNC,Since 2016,207840,tv,
AZ,SITUATION ROOM,CNN,Since 2016,206854,tv,
LA,TUCKER CARLSON TONIGHT,FOXNC,Since 2016,206029,tv,
WI,FOX AND FRIENDS,FOXNC,Since 2016,203887,tv,
NV,OUTNUMBERED,FOXNC,Since 2016,198683,tv,
KS,HANNITY,FOXNC,Since 2016,198490,tv,
MO,"INGRAHAM ANGLE, THE",FOXNC,Since 2016,196924,tv,
CO,OUTNUMBERED,FOXNC,Since 2016,195468,tv,
OK,AMERICAS NEWSROOM,FOXNC,Since 2016,193072,tv,
LA,FOX AND FRIENDS,FOXNC,Since 2016,191680,tv,
AR,HANNITY,FOXNC,Since 2016,191558,tv,
OK,"FIVE, THE",FOXNC,Since 2016,188780,tv,
IN,YOUR WORLD W/NEIL CAVUTO,FOXNC,Since 2016,187747,tv,
CO,SPECIAL RPT W/BRET BAIER,FOXNC,Since 2016,186125,tv,
OK,SPECIAL RPT W/BRET BAIER,FOXNC,Since 2016,185406,tv,
MS,HANNITY,FOXNC,Since 2016,184647,tv,
CO,"FIVE, THE",FOXNC,Since 2016,183752,tv,
WI,"INGRAHAM ANGLE, THE",FOXNC,Since 2016,183022,tv,
CO,AMERICAS NEWSROOM,FOXNC,Since 2016,181609,tv,
OK,TUCKER CARLSON TONIGHT,FOXNC,Since 2016,180681,tv,
KY,YOUR WORLD W/NEIL CAVUTO,FOXNC,Since 2016,175608,tv,
MN,TUCKER CARLSON TONIGHT,FOXNC,Since 2016,174037,tv,
NV,TUCKER CARLSON TONIGHT,FOXNC,Since 2016,173584,tv,
CT,ANDERSON COOPER 360,CNN,Since 2016,171251,tv,
AR,CNN NEWSROOM,CNN,Since 2016,171096,tv,
LA,"INGRAHAM ANGLE, THE",FOXNC,Since 2016,170891,tv,
MN,ANDERSON COOPER 360,CNN,Since 2016,170772,tv,
CT,NEW DAY,CNN,Since 2016,170161,tv,
WV,HANNITY,FOXNC,Since 2016,167192,tv,
CO,ANDERSON COOPER 360,CNN,Since 2016,166953,tv,
AR,OUTNUMBERED,FOXNC,Since 2016,166049,tv,
CO,RACHEL MADDOW SHOW,MSNBC,Since 2016,165810,tv,
NV,"FIVE, THE",FOXNC,Since 2016,165414,tv,
IA,HANNITY,FOXNC,Since 2016,164739,tv,
NM,CNN NEWSROOM,CNN,Since 2016,164472,tv,
CT,"FIVE, THE",FOXNC,Since 2016,163747,tv,
NV,SPECIAL RPT W/BRET BAIER,FOXNC,Since 2016,163664,tv,
AR,"FIVE, THE",FOXNC,Since 2016,163012,tv,
UT,HANNITY,FOXNC,Since 2016,162243,tv,
MN,"FIVE, THE",FOXNC,Since 2016,161290,tv,
CT,FOX AND FRIENDS,FOXNC,Since 2016,159269,tv,
MN,AMERICAS NEWSROOM,FOXNC,Since 2016,158740,tv,
MN,SPECIAL RPT W/BRET BAIER,FOXNC,Since 2016,155608,tv,
OK,"INGRAHAM ANGLE, THE",FOXNC,Since 2016,155252,tv,
IA,CNN NEWSROOM,CNN,Since 2016,154818,tv,
NM,MSNBC LIVE WKND EDITION,MSNBC,Since 2016,154323,tv,
MS,OUTNUMBERED,FOXNC,Since 2016,154211,tv,
CT,SPECIAL RPT W/BRET BAIER,FOXNC,Since 2016,153720,tv,
KS,MSNBC LIVE WKND EDITION,MSNBC,Since 2016,153347,tv,
CT,TUCKER CARLSON TONIGHT,FOXNC,Since 2016,152049,tv,
MN,SITUATION ROOM,CNN,Since 2016,151867,tv,
OK,FOX AND FRIENDS,FOXNC,Since 2016,150702,tv,
MN,NEW DAY,CNN,Since 2016,149890,tv,
NV,AMERICAS NEWSROOM,FOXNC,Since 2016,149685,tv,
CT,SITUATION ROOM,CNN,Since 2016,149566,tv,
AR,SPECIAL RPT W/BRET BAIER,FOXNC,Since 2016,149072,tv,
NV,"INGRAHAM ANGLE, THE",FOXNC,Since 2016,148536,tv,
AR,AMERICAS NEWSROOM,FOXNC,Since 2016,148170,tv,
OR,TUCKER CARLSON TONIGHT,FOXNC,Since 2016,148153,tv,
OR,OUTNUMBERED,FOXNC,Since 2016,148006,tv,
MS,CNN NEWSROOM,CNN,Since 2016,147059,tv,
KS,OUTNUMBERED,FOXNC,Since 2016,145419,tv,
AR,MSNBC LIVE WKND EDITION,MSNBC,Since 2016,145349,tv,
KS,CNN NEWSROOM,CNN,Since 2016,143690,tv,
OR,RACHEL MADDOW SHOW,MSNBC,Since 2016,143359,tv,
ME,MSNBC LIVE WKND EDITION,MSNBC,Since 2016,141496,tv,
KS,TUCKER CARLSON TONIGHT,FOXNC,Since 2016,140497,tv,
AR,TUCKER CARLSON TONIGHT,FOXNC,Since 2016,139415,tv,
MS,AMERICAS NEWSROOM,FOXNC,Since 2016,138846,tv,
IA,MSNBC LIVE WKND EDITION,MSNBC,Since 2016,138557,tv,
MS,SPECIAL RPT W/BRET BAIER,FOXNC,Since 2016,137614,tv,
MS,TUCKER CARLSON TONIGHT,FOXNC,Since 2016,136726,tv,
AR,FOX AND FRIENDS,FOXNC,Since 2016,136713,tv,
NE,HANNITY,FOXNC,Since 2016,136478,tv,
KS,SPECIAL RPT W/BRET BAIER,FOXNC,Since 2016,136288,tv,
MS,FOX AND FRIENDS,FOXNC,Since 2016,134834,tv,
WV,OUTNUMBERED,FOXNC,Since 2016,132910,tv,
OR,"FIVE, THE",FOXNC,Since 2016,131999,tv,
KS,AMERICAS NEWSROOM,FOXNC,Since 2016,131950,tv,
MS,"FIVE, THE",FOXNC,Since 2016,131439,tv,
DC,MSNBC LIVE WKND EDITION,MSNBC,Since 2016,131252,tv,
NV,YOUR WORLD W/NEIL CAVUTO,FOXNC,Since 2016,130586,tv,
WV,FOX AND FRIENDS,FOXNC,Since 2016,130213,tv,
WV,SPECIAL RPT W/BRET BAIER,FOXNC,Since 2016,130142,tv,
OR,ANDERSON COOPER 360,CNN,Since 2016,129246,tv,
WV,"FIVE, THE",FOXNC,Since 2016,129131,tv,
WV,AMERICAS NEWSROOM,FOXNC,Since 2016,127779,tv,
OR,LAST WORD W/ L. ODONNELL,MSNBC,Since 2016,126964,tv,
NM,HANNITY,FOXNC,Since 2016,126235,tv,
OR,SPECIAL RPT W/BRET BAIER,FOXNC,Since 2016,125743,tv,
AR,"INGRAHAM ANGLE, THE",FOXNC,Since 2016,118817,tv,
WV,TUCKER CARLSON TONIGHT,FOXNC,Since 2016,118783,tv,
NE,MSNBC LIVE WKND EDITION,MSNBC,Since 2016,116735,tv,
ID,HANNITY,FOXNC,Since 2016,116282,tv,
WV,CNN NEWSROOM,CNN,Since 2016,116025,tv,
UT,TUCKER CARLSON TONIGHT,FOXNC,Since 2016,115161,tv,
UT,CNN NEWSROOM,CNN,Since 2016,114473,tv,
KS,"FIVE, THE",FOXNC,Since 2016,113712,tv,
IA,TUCKER CARLSON TONIGHT,FOXNC,Since 2016,113686,tv,
IA,"FIVE, THE",FOXNC,Since 2016,113359,tv,
MS,"INGRAHAM ANGLE, THE",FOXNC,Since 2016,112827,tv,
KS,"INGRAHAM ANGLE, THE",FOXNC,Since 2016,110718,tv,
IA,SPECIAL RPT W/BRET BAIER,FOXNC,Since 2016,110168,tv,
RI,MSNBC LIVE WKND EDITION,MSNBC,Since 2016,108098,tv,
NH,MSNBC LIVE WKND EDITION,MSNBC,Since 2016,107836,tv,
KS,FOX AND FRIENDS,FOXNC,Since 2016,106608,tv,
HI,CNN NEWSROOM,CNN,Since 2016,106301,tv,
NM,OUTNUMBERED,FOXNC,Since 2016,103770,tv,
NH,CNN NEWSROOM,CNN,Since 2016,102750,tv,
WV,YOUR WORLD W/NEIL CAVUTO,FOXNC,Since 2016,102695,tv,
IA,"INGRAHAM ANGLE, THE",FOXNC,Since 2016,100606,tv,
WV,"INGRAHAM ANGLE, THE",FOXNC,Since 2016,99728,tv,
IA,AMERICAS NEWSROOM,FOXNC,Since 2016,99672,tv,
UT,"INGRAHAM ANGLE, THE",FOXNC,Since 2016,96414,tv,
UT,OUTNUMBERED,FOXNC,Since 2016,96175,tv,
UT,"FIVE, THE",FOXNC,Since 2016,96084,tv,
UT,SPECIAL RPT W/BRET BAIER,FOXNC,Since 2016,95802,tv,
IA,OUTNUMBERED,FOXNC,Since 2016,95654,tv,
NE,TUCKER CARLSON TONIGHT,FOXNC,Since 2016,95301,tv,
NE,SPECIAL RPT W/BRET BAIER,FOXNC,Since 2016,94288,tv,
NM,AMERICAS NEWSROOM,FOXNC,Since 2016,94011,tv,
IA,FOX AND FRIENDS,FOXNC,Since 2016,93223,tv,
RI,CNN NEWSROOM,CNN,Since 2016,93043,tv,
NE,"FIVE, THE",FOXNC,Since 2016,90514,tv,
NM,TUCKER CARLSON TONIGHT,FOXNC,Since 2016,89767,tv,
ME,CNN NEWSROOM,CNN,Since 2016,88845,tv,
NM,"FIVE, THE",FOXNC,Since 2016,88307,tv,
NE,"INGRAHAM ANGLE, THE",FOXNC,Since 2016,88300,tv,
NE,CNN NEWSROOM,CNN,Since 2016,87867,tv,
ID,TUCKER CARLSON TONIGHT,FOXNC,Since 2016,86202,tv,
NM,SPECIAL RPT W/BRET BAIER,FOXNC,Since 2016,85248,tv,
NH,HANNITY,FOXNC,Since 2016,83602,tv,
UT,AMERICAS NEWSROOM,FOXNC,Since 2016,82850,tv,
HI,HANNITY,FOXNC,Since 2016,82206,tv,
NE,OUTNUMBERED,FOXNC,Since 2016,81140,tv,
DE,CNN NEWSROOM,CNN,Since 2016,80006,tv,
UT,MSNBC LIVE WKND EDITION,MSNBC,Since 2016,79379,tv,
ID,OUTNUMBERED,FOXNC,Since 2016,79084,tv,
MT,OUTNUMBERED,FOXNC,Since 2016,78783,tv,
VT,MSNBC LIVE WKND EDITION,MSNBC,Since 2016,78382,tv,
ID,"FIVE, THE",FOXNC,Since 2016,77943,tv,
NE,AMERICAS NEWSROOM,FOXNC,Since 2016,77771,tv,
DC,CNN NEWSROOM,CNN,Since 2016,77203,tv,
HI,MSNBC LIVE WKND EDITION,MSNBC,Since 2016,76629,tv,
NM,ANDERSON COOPER 360,CNN,Since 2016,76130,tv,
NM,SITUATION ROOM,CNN,Since 2016,75708,tv,
UT,FOX NEWS AT NIGHT,FOXNC,Since 2016,74803,tv,
MT,MSNBC LIVE WKND EDITION,MSNBC,Since 2016,73898,tv,
NH,FOX AND FRIENDS,FOXNC,Since 2016,73087,tv,
ID,SPECIAL RPT W/BRET BAIER,FOXNC,Since 2016,72891,tv,
MT,HANNITY,FOXNC,Since 2016,70893,tv,
DE,MSNBC LIVE WKND EDITION,MSNBC,Since 2016,70885,tv,
NH,SPECIAL RPT W/BRET BAIER,FOXNC,Since 2016,69986,tv,
NH,"FIVE, THE",FOXNC,Since 2016,68537,tv,
NE,FOX AND FRIENDS,FOXNC,Since 2016,68409,tv,
NH,AMERICAS NEWSROOM,FOXNC,Since 2016,67285,tv,
MT,AMERICAS NEWSROOM,FOXNC,Since 2016,66170,tv,
ID,AMERICAS NEWSROOM,FOXNC,Since 2016,64947,tv,
NH,OUTNUMBERED,FOXNC,Since 2016,62195,tv,
MT,SPECIAL RPT W/BRET BAIER,FOXNC,Since 2016,61934,tv,
ME,HANNITY,FOXNC,Since 2016,61503,tv,
NH,TUCKER CARLSON TONIGHT,FOXNC,Since 2016,61286,tv,
NH,NEW DAY,CNN,Since 2016,61007,tv,
MT,"FIVE, THE",FOXNC,Since 2016,60193,tv,
VT,CNN NEWSROOM,CNN,Since 2016,59871,tv,
ID,"INGRAHAM ANGLE, THE",FOXNC,Since 2016,58612,tv,
DC,RACHEL MADDOW SHOW,MSNBC,Since 2016,56452,tv,
ID,YOUR WORLD W/NEIL CAVUTO,FOXNC,Since 2016,55797,tv,
SD,HANNITY,FOXNC,Since 2016,55582,tv,
ME,FOX AND FRIENDS,FOXNC,Since 2016,55110,tv,
MT,TUCKER CARLSON TONIGHT,FOXNC,Since 2016,54276,tv,
ME,OUTNUMBERED,FOXNC,Since 2016,53479,tv,
HI,"INGRAHAM ANGLE, THE",FOXNC,Since 2016,53005,tv,
RI,HANNITY,FOXNC,Since 2016,52765,tv,
ME,"FIVE, THE",FOXNC,Since 2016,51854,tv,
ME,MORNING JOE,MSNBC,Since 2016,51551,tv,
ID,"STORY, THE",FOXNC,Since 2016,51430,tv,
DE,HANNITY,FOXNC,Since 2016,51397,tv,
HI,ANDERSON COOPER 360,CNN,Since 2016,51016,tv,
HI,TUCKER CARLSON TONIGHT,FOXNC,Since 2016,50630,tv,
ME,AMERICAS NEWSROOM,FOXNC,Since 2016,50140,tv,
HI,"FIVE, THE",FOXNC,Since 2016,50078,tv,
ND,HANNITY,FOXNC,Since 2016,49527,tv,
DC,ALL IN W/ CHRIS HAYES,MSNBC,Since 2016,49339,tv,
HI,LAST WORD W/ L. ODONNELL,MSNBC,Since 2016,48902,tv,
MT,YOUR WORLD W/NEIL CAVUTO,FOXNC,Since 2016,48596,tv,
HI,11TH HOUR W/B. WILLIAMS,MSNBC,Since 2016,47782,tv,
DC,ANDERSON COOPER 360,CNN,Since 2016,47620,tv,
ME,TUCKER CARLSON TONIGHT,FOXNC,Since 2016,47493,tv,
DC,LAST WORD W/ L. ODONNELL,MSNBC,Since 2016,47449,tv,
ME,RACHEL MADDOW SHOW,MSNBC,Since 2016,47024,tv,
HI,CNN TONIGHT,CNN,Since 2016,46511,tv,
ID,CNN NEWSROOM,CNN,Since 2016,45510,tv,
MT,"INGRAHAM ANGLE, THE",FOXNC,Since 2016,44611,tv,
MT,CNN NEWSROOM,CNN,Since 2016,44180,tv,
RI,NEW DAY,CNN,Since 2016,44169,tv,
DC,MORNING JOE,MSNBC,Since 2016,44079,tv,
SD,SPECIAL RPT W/BRET BAIER,FOXNC,Since 2016,43916,tv,
RI,ANDERSON COOPER 360,CNN,Since 2016,43365,tv,
DC,NEW DAY,CNN,Since 2016,42885,tv,
RI,MORNING JOE,MSNBC,Since 2016,42705,tv,
RI,OUTNUMBERED,FOXNC,Since 2016,42054,tv,
RI,"FIVE, THE",FOXNC,Since 2016,41706,tv,
ND,MSNBC LIVE WKND EDITION,MSNBC,Since 2016,41522,tv,
SD,"FIVE, THE",FOXNC,Since 2016,40894,tv,
DE,SITUATION ROOM,CNN,Since 2016,39774,tv,
RI,SPECIAL RPT W/BRET BAIER,FOXNC,Since 2016,39753,tv,
DE,ANDERSON COOPER 360,CNN,Since 2016,39294,tv,
SD,CNN NEWSROOM,CNN,Since 2016,38944,tv,
RI,FOX AND FRIENDS,FOXNC,Since 2016,38856,tv,
SD,OUTNUMBERED,FOXNC,Since 2016,38818,tv,
DE,TUCKER CARLSON TONIGHT,FOXNC,Since 2016,37989,tv,
DC,11TH HOUR W/B. WILLIAMS,MSNBC,Since 2016,37527,tv,
SD,TUCKER CARLSON TONIGHT,FOXNC,Since 2016,36510,tv,
DE,NEW DAY,CNN,Since 2016,35985,tv,
DC,SITUATION ROOM,CNN,Since 2016,35870,tv,
DE,"FIVE, THE",FOXNC,Since 2016,35154,tv,
DE,FOX AND FRIENDS,FOXNC,Since 2016,34796,tv,
VT,RACHEL MADDOW SHOW,MSNBC,Since 2016,33479,tv,
SD,AMERICAS NEWSROOM,FOXNC,Since 2016,33291,tv,
VT,NEW DAY,CNN,Since 2016,33096,tv,
DE,OUTNUMBERED,FOXNC,Since 2016,32561,tv,
SD,"INGRAHAM ANGLE, THE",FOXNC,Since 2016,32184,tv,
ND,TUCKER CARLSON TONIGHT,FOXNC,Since 2016,31994,tv,
VT,MORNING JOE,MSNBC,Since 2016,31134,tv,
VT,HANNITY,FOXNC,Since 2016,31128,tv,
VT,DEADLINE:WHITE HOUSE,MSNBC,Since 2016,30268,tv,
ND,"FIVE, THE",FOXNC,Since 2016,29448,tv,
ND,AMERICAS NEWSROOM,FOXNC,Since 2016,29267,tv,
VT,ALL IN W/ CHRIS HAYES,MSNBC,Since 2016,29203,tv,
VT,FOX AND FRIENDS,FOXNC,Since 2016,28988,tv,
VT,LAST WORD W/ L. ODONNELL,MSNBC,Since 2016,28963,tv,
ND,SPECIAL RPT W/BRET BAIER,FOXNC,Since 2016,28244,tv,
ND,FOX AND FRIENDS,FOXNC,Since 2016,27572,tv,
WY,CNN NEWSROOM,CNN,Since 2016,27255,tv,
SD,FOX AND FRIENDS,FOXNC,Since 2016,27184,tv,
WY,HANNITY,FOXNC,Since 2016,27076,tv,
ND,CNN NEWSROOM,CNN,Since 2016,27013,tv,
AK,HANNITY,FOXNC,Since 2016,26730,tv,
SD,YOUR WORLD W/NEIL CAVUTO,FOXNC,Since 2016,26384,tv,
WY,AMERICAS NEWSROOM,FOXNC,Since 2016,25617,tv,
WY,OUTNUMBERED,FOXNC,Since 2016,25055,tv,
ND,OUTNUMBERED,FOXNC,Since 2016,25002,tv,
WY,MSNBC LIVE WKND EDITION,MSNBC,Since 2016,24002,tv,
WY,SPECIAL RPT W/BRET BAIER,FOXNC,Since 2016,23439,tv,
WY,"FIVE, THE",FOXNC,Since 2016,21952,tv,
WY,TUCKER CARLSON TONIGHT,FOXNC,Since 2016,20331,tv,
ND,YOUR WORLD W/NEIL CAVUTO,FOXNC,Since 2016,20325,tv,
WY,FOX AND FRIENDS,FOXNC,Since 2016,18815,tv,
WY,YOUR WORLD W/NEIL CAVUTO,FOXNC,Since 2016,16907,tv,
AK,MSNBC LIVE WKND EDITION,MSNBC,Since 2016,15758,tv,
AK,TUCKER CARLSON TONIGHT,FOXNC,Since 2016,15625,tv,
AK,CNN NEWSROOM,CNN,Since 2016,15359,tv,
AK,"INGRAHAM ANGLE, THE",FOXNC,Since 2016,12751,tv,
AK,FOX NEWS AT NIGHT,FOXNC,Since 2016,12085,tv,
AK,ALL IN W/ CHRIS HAYES,MSNBC,Since 2016,11429,tv,
AK,AMERICAS NEWS HQ,FOXNC,Since 2016,11359,tv,
AK,LAST WORD W/ L. ODONNELL,MSNBC,Since 2016,11166,tv,
AK,11TH HOUR W/B. WILLIAMS,MSNBC,Since 2016,10595,tv,
TX,,,Last 3 months,309565,web,foxnews.com
CA,,,Last 3 months,287439,web,foxnews.com
FL,,,Last 3 months,251647,web,foxnews.com
CA,,,Last 3 months,201520,web,newsweek.com
CA,,,Last 3 months,194362,web,npr.org
CA,,,Last 3 months,170158,web,theguardian.com
NY,,,Last 3 months,165773,web,foxnews.com
AZ,,,Last 3 months,159453,web,foxnews.com
OH,,,Last 3 months,147427,web,foxnews.com
PA,,,Last 3 months,142296,web,foxnews.com
NC,,,Last 3 months,129622,web,foxnews.com
CO,,,Last 3 months,126819,web,theguardian.com
NY,,,Last 3 months,122090,web,theguardian.com
CA,,,Last 3 months,118517,web,sfchronicle.com
NY,,,Last 3 months,112423,web,npr.org
UT,,,Last 3 months,112257,web,ksl.com
CA,,,Last 3 months,111928,web,pbs.org
CO,,,Last 3 months,102298,web,foxnews.com
NC,,,Last 3 months,97666,web,theguardian.com
MI,,,Last 3 months,96874,web,foxnews.com
VA,,,Last 3 months,96824,web,foxnews.com
GA,,,Last 3 months,90774,web,foxnews.com
FL,,,Last 3 months,89702,web,newsweek.com
TX,,,Last 3 months,86173,web,theguardian.com
IL,,,Last 3 months,82869,web,theguardian.com
CA,,,Last 3 months,81748,web,theatlantic.com
AZ,,,Last 3 months,80801,web,breitbart.com
NY,,,Last 3 months,80130,web,newsweek.com
IL,,,Last 3 months,78222,web,foxnews.com
FL,,,Last 3 months,77153,web,townhall.com
WA,,,Last 3 months,75150,web,foxnews.com
CA,,,Last 3 months,73852,web,newyorker.com
TX,,,Last 3 months,73384,web,newsweek.com
CA,,,Last 3 months,71027,web,thedailybeast.com
MO,,,Last 3 months,70715,web,foxnews.com
MD,,,Last 3 months,70021,web,foxnews.com
CA,,,Last 3 months,69463,web,rawstory.com
CO,,,Last 3 months,67983,web,npr.org
SC,,,Last 3 months,67666,web,foxnews.com
PA,,,Last 3 months,66996,web,newsweek.com
CO,,,Last 3 months,66095,web,newsweek.com
MN,,,Last 3 months,65582,web,foxnews.com
FL,,,Last 3 months,64110,web,redstate.com
NJ,,,Last 3 months,63456,web,foxnews.com
FL,,,Last 3 months,63279,web,thegatewaypundit.com
TX,,,Last 3 months,62223,web,npr.org
NJ,,,Last 3 months,61351,web,newsweek.com
NC,,,Last 3 months,59220,web,npr.org
PA,,,Last 3 months,57606,web,theguardian.com
WI,,,Last 3 months,56700,web,newsweek.com
PA,,,Last 3 months,56475,web,npr.org
FL,,,Last 3 months,56083,web,pbs.org
MI,,,Last 3 months,54108,web,newsweek.com
NY,,,Last 3 months,53846,web,pbs.org
IL,,,Last 3 months,53358,web,npr.org
NY,,,Last 3 months,53013,web,thedailybeast.com
FL,,,Last 3 months,52880,web,breitbart.com
FL,,,Last 3 months,52342,web,npr.org
FL,,,Last 3 months,52123,web,newsmax.com
OH,,,Last 3 months,51107,web,theguardian.com
WA,,,Last 3 months,50948,web,newsweek.com
TX,,,Last 3 months,50434,web,breitbart.com
NJ,,,Last 3 months,50410,web,theguardian.com
NV,,,Last 3 months,50134,web,foxnews.com
FL,,,Last 3 months,50036,web,theguardian.com
LA,,,Last 3 months,49438,web,foxnews.com
NY,,,Last 3 months,48621,web,thegatewaypundit.com
NJ,,,Last 3 months,48544,web,thegatewaypundit.com
OH,,,Last 3 months,48306,web,newsweek.com
NY,,,Last 3 months,48298,web,msnbc.com
MA,,,Last 3 months,48289,web,newsweek.com
NC,,,Last 3 months,47917,web,newsweek.com
KY,,,Last 3 months,47005,web,foxnews.com
OK,,,Last 3 months,46856,web,foxnews.com
NY,,,Last 3 months,46848,web,gothamist.com
MI,,,Last 3 months,44564,web,rawstory.com
MO,,,Last 3 months,43978,web,newsweek.com
PA,,,Last 3 months,43239,web,pbs.org
NJ,,,Last 3 months,42444,web,breitbart.com
AZ,,,Last 3 months,42300,web,theblaze.com
MA,,,Last 3 months,42103,web,theguardian.com
GA,,,Last 3 months,42095,web,npr.org
MI,,,Last 3 months,41972,web,msnbc.com
NJ,,,Last 3 months,41600,web,twitchy.com
NJ,,,Last 3 months,41600,web,americanthinker.com
MA,,,Last 3 months,41229,web,npr.org
TX,,,Last 3 months,41050,web,rawstory.com
VA,,,Last 3 months,40654,web,newsweek.com
NJ,,,Last 3 months,40380,web,npr.org
WA,,,Last 3 months,40248,web,npr.org
MO,,,Last 3 months,40081,web,theguardian.com
AZ,,,Last 3 months,39863,web,theguardian.com
NC,,,Last 3 months,39534,web,pbs.org
AL,,,Last 3 months,39216,web,foxnews.com
CO,,,Last 3 months,38854,web,pbs.org
MI,,,Last 3 months,38673,web,npr.org
VA,,,Last 3 months,38571,web,theguardian.com
AZ,,,Last 3 months,38375,web,newsweek.com
MI,,,Last 3 months,38147,web,theguardian.com
VA,,,Last 3 months,37788,web,npr.org
VA,,,Last 3 months,37200,web,dailykos.com
NJ,,,Last 3 months,36886,web,thedailybeast.com
PA,,,Last 3 months,36330,web,theatlantic.com
NY,,,Last 3 months,35788,web,slate.com
WA,,,Last 3 months,35775,web,breitbart.com
VA,,,Last 3 months,35104,web,theatlantic.com
NJ,,,Last 3 months,35030,web,townhall.com
MO,,,Last 3 months,34768,web,dailycaller.com
WA,,,Last 3 months,34189,web,pbs.org
OR,,,Last 3 months,34092,web,foxnews.com
IL,,,Last 3 months,33946,web,newsweek.com
MO,,,Last 3 months,33390,web,rawstory.com
TX,,,Last 3 months,33164,web,theatlantic.com
TX,,,Last 3 months,33152,web,pbs.org
WY,,,Last 3 months,33056,web,rawstory.com
WY,,,Last 3 months,33056,web,wonkette.com
AL,,,Last 3 months,32683,web,theguardian.com
OH,,,Last 3 months,32336,web,npr.org
MO,,,Last 3 months,32302,web,americanthinker.com
MO,,,Last 3 months,32281,web,thegatewaypundit.com
TX,,,Last 3 months,32085,web,newsmax.com
CO,,,Last 3 months,32082,web,thedailybeast.com
PA,,,Last 3 months,31919,web,thedailybeast.com
MO,,,Last 3 months,31859,web,twitchy.com
MO,,,Last 3 months,31859,web,hotair.com
UT,,,Last 3 months,31564,web,foxnews.com
WY,,,Last 3 months,31520,web,foxnews.com
WY,,,Last 3 months,31419,web,thedailybeast.com
WY,,,Last 3 months,31419,web,dailykos.com
IN,,,Last 3 months,31374,web,foxnews.com
OH,,,Last 3 months,31341,web,newsmax.com
WV,,,Last 3 months,31054,web,foxnews.com
TX,,,Last 3 months,31053,web,msnbc.com
AZ,,,Last 3 months,30957,web,npr.org
CO,,,Last 3 months,30814,web,theatlantic.com
VA,,,Last 3 months,30658,web,rawstory.com
PA,,,Last 3 months,30371,web,rawstory.com
PA,,,Last 3 months,30296,web,msnbc.com
TN,,,Last 3 months,29843,web,foxnews.com
IA,,,Last 3 months,29840,web,npr.org
MA,,,Last 3 months,29667,web,foxnews.com
MN,,,Last 3 months,29380,web,msnbc.com
OR,,,Last 3 months,28823,web,newsweek.com
OR,,,Last 3 months,28739,web,theguardian.com
WA,,,Last 3 months,28723,web,rawstory.com
CO,,,Last 3 months,28711,web,rawstory.com
GA,,,Last 3 months,28624,web,theguardian.com
MD,,,Last 3 months,28423,web,pbs.org
MA,,,Last 3 months,28405,web,thedailybeast.com
OH,,,Last 3 months,28089,web,thedailybeast.com
NV,,,Last 3 months,27806,web,npr.org
WI,,,Last 3 months,27269,web,townhall.com
GA,,,Last 3 months,27077,web,newsweek.com
MI,,,Last 3 months,27001,web,breitbart.com
NV,,,Last 3 months,26821,web,theguardian.com
MO,,,Last 3 months,26669,web,100percentfedup.com
MT,,,Last 3 months,26451,web,theguardian.com
OR,,,Last 3 months,26287,web,wweek.com
WY,,,Last 3 months,26257,web,politicususa.com
WI,,,Last 3 months,26118,web,newsmax.com
NC,,,Last 3 months,26031,web,theatlantic.com
WY,,,Last 3 months,25974,web,msnbc.com
NC,,,Last 3 months,25951,web,theconversation.com
WA,,,Last 3 months,25624,web,theguardian.com
MD,,,Last 3 months,25529,web,theguardian.com
MN,,,Last 3 months,25241,web,theguardian.com
WA,,,Last 3 months,25211,web,theatlantic.com
WI,,,Last 3 months,25133,web,wpr.org
SC,,,Last 3 months,24964,web,alternet.org
WA,,,Last 3 months,24521,web,senate.gov
MI,,,Last 3 months,24252,web,pbs.org
NC,,,Last 3 months,24250,web,alternet.org
AL,,,Last 3 months,24221,web,rawstory.com
MD,,,Last 3 months,24169,web,npr.org
VA,,,Last 3 months,23916,web,thedailybeast.com
VA,,,Last 3 months,23783,web,slate.com
IL,,,Last 3 months,23727,web,thedailybeast.com
IL,,,Last 3 months,23683,web,breitbart.com
WA,,,Last 3 months,23602,web,thedailybeast.com
OR,,,Last 3 months,23581,web,opb.org
NC,,,Last 3 months,23439,web,thedailybeast.com
NC,,,Last 3 months,23118,web,vox.com
OR,,,Last 3 months,23040,web,theatlantic.com
DE,,,Last 3 months,23037,web,foxnews.com
AZ,,,Last 3 months,23023,web,pbs.org
MD,,,Last 3 months,22828,web,newsweek.com
CO,,,Last 3 months,22819,web,senate.gov
CO,,,Last 3 months,22659,web,msnbc.com
KS,,,Last 3 months,22581,web,foxnews.com
ID,,,Last 3 months,22562,web,foxnews.com
WI,,,Last 3 months,22478,web,rawstory.com
LA,,,Last 3 months,22427,web,newsweek.com
CT,,,Last 3 months,22374,web,vice.com
OH,,,Last 3 months,22275,web,pbs.org
MT,,,Last 3 months,22227,web,foxnews.com
IA,,,Last 3 months,22001,web,foxnews.com
IL,,,Last 3 months,21833,web,drudgereport.com
CT,,,Last 3 months,21791,web,msnbc.com
VA,,,Last 3 months,21743,web,pbs.org
TN,,,Last 3 months,21715,web,newsweek.com
NM,,,Last 3 months,21515,web,theatlantic.com
OK,,,Last 3 months,21305,web,theblaze.com
CT,,,Last 3 months,20987,web,newsmax.com
MI,,,Last 3 months,20928,web,drudgereport.com
PA,,,Last 3 months,20895,web,townhall.com
MD,,,Last 3 months,20552,web,theroot.com
OH,,,Last 3 months,20524,web,dailywire.com
IL,,,Last 3 months,20524,web,alternet.org
MI,,,Last 3 months,20245,web,dailycaller.com
GA,,,Last 3 months,20094,web,pbs.org
IL,,,Last 3 months,19922,web,newrepublic.com
IL,,,Last 3 months,19912,web,vice.com
MN,,,Last 3 months,19730,web,newsweek.com
IN,,,Last 3 months,19566,web,npr.org
WI,,,Last 3 months,19373,web,npr.org
WY,,,Last 3 months,19363,web,theatlantic.com
AZ,,,Last 3 months,19313,web,thedailybeast.com
NH,,,Last 3 months,18831,web,foxnews.com
OR,,,Last 3 months,18686,web,rawstory.com
GA,,,Last 3 months,18649,web,theatlantic.com
AZ,,,Last 3 months,18561,web,phoenixnewtimes.com
KS,,,Last 3 months,18513,web,newsweek.com
MA,,,Last 3 months,18337,web,breitbart.com
MA,,,Last 3 months,18269,web,newyorker.com
WI,,,Last 3 months,18156,web,foxnews.com
AZ,,,Last 3 months,18113,web,wnd.com
GA,,,Last 3 months,17774,web,vox.com
IA,,,Last 3 months,17718,web,theguardian.com
WY,,,Last 3 months,17391,web,lgbtqnation.com
SC,,,Last 3 months,17297,web,theatlantic.com
OH,,,Last 3 months,17225,web,vox.com
MD,,,Last 3 months,17133,web,dailykos.com
KS,,,Last 3 months,16969,web,pbs.org
WI,,,Last 3 months,16747,web,theguardian.com
IN,,,Last 3 months,16630,web,dailysignal.com
NE,,,Last 3 months,16432,web,theguardian.com
CT,,,Last 3 months,16286,web,theatlantic.com
AR,,,Last 3 months,16233,web,foxnews.com
SC,,,Last 3 months,16200,web,npr.org
KY,,,Last 3 months,16039,web,theguardian.com
MD,,,Last 3 months,15790,web,newsone.com
ID,,,Last 3 months,15410,web,drudgereport.com
KY,,,Last 3 months,15332,web,newsweek.com
ME,,,Last 3 months,15323,web,theguardian.com
MA,,,Last 3 months,15319,web,slate.com
DE,,,Last 3 months,15215,web,pbs.org
MD,,,Last 3 months,15179,web,theatlantic.com
TN,,,Last 3 months,15145,web,billoreilly.com
MD,,,Last 3 months,15075,web,theconversation.com
NE,,,Last 3 months,15008,web,foxnews.com
OR,,,Last 3 months,14879,web,pbs.org
KY,,,Last 3 months,14836,web,aljazeera.com
MA,,,Last 3 months,14759,web,aclu.org
IA,,,Last 3 months,14641,web,newsweek.com
MS,,,Last 3 months,14506,web,foxnews.com
IA,,,Last 3 months,14426,web,pbs.org
UT,,,Last 3 months,14313,web,theblaze.com
CT,,,Last 3 months,14311,web,foxnews.com
GA,,,Last 3 months,14309,web,thedailybeast.com
GA,,,Last 3 months,14248,web,democracynow.org
AL,,,Last 3 months,14033,web,newsweek.com
IA,,,Last 3 months,13979,web,ktiv.com
NV,,,Last 3 months,13950,web,vice.com
NE,,,Last 3 months,13915,web,npr.org
WY,,,Last 3 months,13881,web,newrepublic.com
NH,,,Last 3 months,13715,web,theatlantic.com
DE,,,Last 3 months,13616,web,newsmax.com
NH,,,Last 3 months,13571,web,bizpacreview.com
NH,,,Last 3 months,13571,web,ijr.com
ME,,,Last 3 months,13450,web,newsweek.com
TN,,,Last 3 months,13381,web,rawstory.com
NH,,,Last 3 months,13065,web,pbs.org
NV,,,Last 3 months,12960,web,slate.com
WI,,,Last 3 months,12950,web,msnbc.com
NM,,,Last 3 months,12837,web,foxnews.com
WI,,,Last 3 months,12780,web,motherjones.com
ID,,,Last 3 months,12646,web,newsweek.com
MS,,,Last 3 months,12626,web,newsweek.com
TN,,,Last 3 months,12534,web,newsmax.com
TN,,,Last 3 months,12524,web,pbs.org
OH,,,Last 3 months,12388,web,alternet.org
OR,,,Last 3 months,12287,web,slate.com
SD,,,Last 3 months,12243,web,foxnews.com
GA,,,Last 3 months,12171,web,aljazeera.com
KS,,,Last 3 months,12000,web,theguardian.com
TN,,,Last 3 months,11964,web,nashvillescene.com
AR,,,Last 3 months,11936,web,newsweek.com
MN,,,Last 3 months,11807,web,drudgereport.com
KY,,,Last 3 months,11700,web,pbs.org
MA,,,Last 3 months,11588,web,rawstory.com
OK,,,Last 3 months,11476,web,breitbart.com
OK,,,Last 3 months,11462,web,newsmax.com
IA,,,Last 3 months,11427,web,slate.com
AL,,,Last 3 months,11372,web,nationalreview.com
NV,,,Last 3 months,11356,web,aclu.org
SC,,,Last 3 months,11353,web,newsweek.com
KY,,,Last 3 months,11274,web,npr.org
OR,,,Last 3 months,11230,web,nationalreview.com
AR,,,Last 3 months,11123,web,npr.org
ID,,,Last 3 months,11080,web,legalinsurrection.com
ID,,,Last 3 months,11080,web,louderwithcrowder.com
ID,,,Last 3 months,11080,web,americanthinker.com
IN,,,Last 3 months,10978,web,theconversation.com
CT,,,Last 3 months,10965,web,npr.org
CT,,,Last 3 months,10936,web,theguardian.com
SC,,,Last 3 months,10874,web,theguardian.com
LA,,,Last 3 months,10819,web,townhall.com
SC,,,Last 3 months,10794,web,dailykos.com
ME,,,Last 3 months,10789,web,foxnews.com
SC,,,Last 3 months,10595,web,pbs.org
AL,,,Last 3 months,10525,web,msnbc.com
NE,,,Last 3 months,10517,web,newsweek.com
IA,,,Last 3 months,10441,web,breitbart.com
LA,,,Last 3 months,10426,web,newsmax.com
LA,,,Last 3 months,10407,web,pbs.org
AL,,,Last 3 months,10404,web,npr.org
LA,,,Last 3 months,10379,web,twitchy.com
LA,,,Last 3 months,10379,web,redstate.com
LA,,,Last 3 months,10379,web,pjmedia.com
UT,,,Last 3 months,10114,web,pbs.org
IN,,,Last 3 months,9935,web,dailywire.com
IN,,,Last 3 months,9904,web,senate.gov
MN,,,Last 3 months,9889,web,npr.org
LA,,,Last 3 months,9753,web,bet.com
AL,,,Last 3 months,9629,web,thedailybeast.com
IN,,,Last 3 months,9563,web,theguardian.com
DC,,,Last 3 months,9528,web,npr.org
CT,,,Last 3 months,9527,web,newsweek.com
TN,,,Last 3 months,9451,web,beforeitsnews.com
TN,,,Last 3 months,9429,web,vice.com
ID,,,Last 3 months,9284,web,theblaze.com
DE,,,Last 3 months,9157,web,newsweek.com
LA,,,Last 3 months,9125,web,dailycaller.com
KS,,,Last 3 months,8947,web,dailywire.com
TN,,,Last 3 months,8760,web,breitbart.com
RI,,,Last 3 months,8705,web,npr.org
IA,,,Last 3 months,8674,web,newsmax.com
NE,,,Last 3 months,8661,web,pbs.org
DE,,,Last 3 months,8498,web,theguardian.com
IA,,,Last 3 months,8333,web,propublica.org
DE,,,Last 3 months,8269,web,msnbc.com
KY,,,Last 3 months,8268,web,thedailybeast.com
NH,,,Last 3 months,8210,web,aljazeera.com
AL,,,Last 3 months,8193,web,salon.com
MN,,,Last 3 months,8111,web,senate.gov
MN,,,Last 3 months,8108,web,thedailybeast.com
KS,,,Last 3 months,8054,web,theblaze.com
UT,,,Last 3 months,8051,web,rawstory.com
ID,,,Last 3 months,8030,web,breitbart.com
IN,,,Last 3 months,7914,web,newsweek.com
NH,,,Last 3 months,7894,web,theguardian.com
SC,,,Last 3 months,7819,web,dailywire.com
MT,,,Last 3 months,7784,web,npr.org
IN,,,Last 3 months,7764,web,newsmax.com
MN,,,Last 3 months,7753,web,upworthy.com
AR,,,Last 3 months,7730,web,aljazeera.com
IN,,,Last 3 months,7724,web,pjmedia.com
SC,,,Last 3 months,7681,web,sfchronicle.com
MN,,,Last 3 months,7672,web,newsmax.com
DC,,,Last 3 months,7648,web,aljazeera.com
KS,,,Last 3 months,7632,web,ijr.com
UT,,,Last 3 months,7610,web,dailykos.com
UT,,,Last 3 months,7610,web,alternet.org
UT,,,Last 3 months,7610,web,newrepublic.com
CT,,,Last 3 months,7492,web,chicagoreader.com
NH,,,Last 3 months,7466,web,newsweek.com
KS,,,Last 3 months,7457,web,prospect.org
NV,,,Last 3 months,7393,web,newyorker.com
CT,,,Last 3 months,7333,web,alternet.org
NH,,,Last 3 months,7272,web,teenvogue.com
NE,,,Last 3 months,7272,web,newrepublic.com
WV,,,Last 3 months,7265,web,atlantablackstar.com
HI,,,Last 3 months,7265,web,foxnews.com
AL,,,Last 3 months,7248,web,cbn.com
MT,,,Last 3 months,7238,web,msnbc.com
ND,,,Last 3 months,7227,web,foxnews.com
DE,,,Last 3 months,7224,web,alternet.org
NM,,,Last 3 months,7212,web,theguardian.com
SD,,,Last 3 months,7212,web,newrepublic.com
SD,,,Last 3 months,7212,web,wbur.org
KS,,,Last 3 months,7195,web,dailysignal.com
AR,,,Last 3 months,7193,web,nationalreview.com
NV,,,Last 3 months,7185,web,hannity.com
UT,,,Last 3 months,7153,web,msnbc.com
UT,,,Last 3 months,7139,web,aclu.org
DC,,,Last 3 months,7011,web,theguardian.com
OK,,,Last 3 months,7003,web,senate.gov
ND,,,Last 3 months,7002,web,theatlantic.com
HI,,,Last 3 months,6980,web,aclu.org
ME,,,Last 3 months,6962,web,theroot.com
OK,,,Last 3 months,6950,web,ap.org
DE,,,Last 3 months,6943,web,theblaze.com
MT,,,Last 3 months,6934,web,newsweek.com
NH,,,Last 3 months,6758,web,beforeitsnews.com
KS,,,Last 3 months,6732,web,npr.org
WV,,,Last 3 months,6720,web,theconversation.com
RI,,,Last 3 months,6701,web,louderwithcrowder.com
ID,,,Last 3 months,6690,web,washingtontimes.com
MT,,,Last 3 months,6685,web,vox.com
DE,,,Last 3 months,6678,web,townhall.com
DE,,,Last 3 months,6678,web,americanprogress.org
HI,,,Last 3 months,6614,web,newsweek.com
KY,,,Last 3 months,6504,web,dailysignal.com
ME,,,Last 3 months,6187,web,dailydot.com
MT,,,Last 3 months,5973,web,theconversation.com
AR,,,Last 3 months,5823,web,theguardian.com
KY,,,Last 3 months,5759,web,vox.com
WV,,,Last 3 months,5708,web,newsweek.com
OK,,,Last 3 months,5704,web,npr.org
NE,,,Last 3 months,5664,web,msnbc.com
AR,,,Last 3 months,5571,web,theconversation.com
KY,,,Last 3 months,5540,web,heritage.org
NV,,,Last 3 months,5418,web,salon.com
NV,,,Last 3 months,5147,web,newsweek.com
AR,,,Last 3 months,5142,web,rawstory.com
OK,,,Last 3 months,5114,web,newsweek.com
OK,,,Last 3 months,5067,web,pbs.org
NM,,,Last 3 months,5061,web,bustle.com
ID,,,Last 3 months,4820,web,dailycaller.com
MT,,,Last 3 months,4479,web,atlantablackstar.com
NM,,,Last 3 months,4320,web,propublica.org
DC,,,Last 3 months,4259,web,newsweek.com
AK,,,Last 3 months,4191,web,npr.org
MS,,,Last 3 months,4151,web,dailykos.com
ME,,,Last 3 months,4112,web,pressherald.com
OK,,,Last 3 months,4046,web,dailywire.com
AR,,,Last 3 months,3645,web,commondreams.org
WV,,,Last 3 months,3619,web,rawstory.com
WV,,,Last 3 months,3560,web,theguardian.com
WV,,,Last 3 months,3510,web,npr.org
MS,,,Last 3 months,3385,web,npr.org
MS,,,Last 3 months,3357,web,senate.gov
MS,,,Last 3 months,3258,web,msnbc.com
MS,,,Last 3 months,3255,web,theatlantic.com
RI,,,Last 3 months,3194,web,theguardian.com
WV,,,Last 3 months,3159,web,alternet.org
NM,,,Last 3 months,3091,web,pbs.org
MS,,,Last 3 months,2925,web,theguardian.com
DC,,,Last 3 months,2855,web,drudgereport.com
ME,,,Last 3 months,2801,web,pitchfork.com
MS,,,Last 3 months,2714,web,thedailybeast.com
MS,,,Last 3 months,2394,web,rawstory.com
ME,,,Last 3 months,2392,web,pbs.org
ME,,,Last 3 months,2346,web,msnbc.com
ME,,,Last 3 months,2346,web,thedailybeast.com
AR,,,Last 3 months,2311,web,newsmax.com
RI,,,Last 3 months,2294,web,alternet.org
NM,,,Last 3 months,2267,web,newsmax.com
NE,,,Last 3 months,2210,web,rawstory.com
NM,,,Last 3 months,2202,web,newsweek.com
DC,,,Last 3 months,2175,web,theatlantic.com
WV,,,Last 3 months,2127,web,vice.com
WV,,,Last 3 months,2127,web,advocate.com
NM,,,Last 3 months,2050,web,npr.org
DC,,,Last 3 months,1924,web,foxnews.com
AK,,,Last 3 months,1902,web,newsweek.com
AK,,,Last 3 months,1902,web,vogue.com
RI,,,Last 3 months,1856,web,msnbc.com
RI,,,Last 3 months,1819,web,theconversation.com
SD,,,Last 3 months,1807,web,theatlantic.com
DC,,,Last 3 months,1800,web,breitbart.com
RI,,,Last 3 months,1791,web,aclu.org
RI,,,Last 3 months,1787,web,vogue.com
NM,,,Last 3 months,1784,web,americanmilitarynews.com
DC,,,Last 3 months,1775,web,pjmedia.com
NE,,,Last 3 months,1775,web,twitchy.com
NE,,,Last 3 months,1775,web,redstate.com
HI,,,Last 3 months,1768,web,upworthy.com
SD,,,Last 3 months,1762,web,npr.org
RI,,,Last 3 months,1755,web,rawstory.com
RI,,,Last 3 months,1740,web,newsweek.com
SD,,,Last 3 months,1643,web,senate.gov
AK,,,Last 3 months,1616,web,opensecrets.org
DC,,,Last 3 months,1579,web,senate.gov
HI,,,Last 3 months,1399,web,theguardian.com
VT,,,Last 3 months,1334,web,newyorker.com
VT,,,Last 3 months,1333,web,vnews.com
HI,,,Last 3 months,988,web,newyorker.com
SD,,,Last 3 months,886,web,vice.com
HI,,,Last 3 months,865,web,vogue.com
MT,,,Last 3 months,865,web,newsmax.com
SD,,,Last 3 months,566,web,theguardian.com
SD,,,Last 3 months,476,web,ktiv.com
ND,,,Last 3 months,470,web,newsmax.com
ND,,,Last 3 months,468,web,theintercept.com
SD,,,Last 3 months,467,web,dailysignal.com
HI,,,Last 3 months,467,web,motherjones.com
HI,,,Last 3 months,464,web,vice.com
MT,,,Last 3 months,463,web,rawstory.com
AK,,,Last 3 months,462,web,slate.com
AK,,,Last 3 months,462,web,theguardian.com
AK,,,Last 3 months,462,web,theatlantic.com
HI,,,Last 3 months,456,web,pbs.org
AK,,,Last 3 months,455,web,foxnews.com
ND,,,Last 3 months,455,web,vogue.com
VT,,,Last 3 months,442,web,newrepublic.com
ND,,,Last 3 months,438,web,npr.org
AK,,,Last 3 months,438,web,newyorker.com
VT,,,Last 3 months,438,web,newsweek.com
VT,,,Last 3 months,422,web,npr.org
AK,,,Last 3 months,422,web,pbs.org
VT,,,Last 3 months,422,web,aclu.org
ND,,,Last 3 months,0,web,rawstory.com
ND,,,Last 3 months,0,web,dailydot.com
ND,,,Last 3 months,0,web,atlasobscura.com
ND,,,Last 3 months,0,web,newsweek.com
VT,,,Last 3 months,0,web,nationalreview.com
VT,,,Last 3 months,0,web,breitbart.com
VT,,,Last 3 months,0,web,foxnews.com
VT,,,Last 3 months,0,web,motherjones.com
CA,,,Last 6 months,282803,web,foxnews.com
TX,,,Last 6 months,280402,web,foxnews.com
FL,,,Last 6 months,243992,web,foxnews.com
CA,,,Last 6 months,223190,web,newsweek.com
CA,,,Last 6 months,210107,web,theguardian.com
NY,,,Last 6 months,192784,web,foxnews.com
CA,,,Last 6 months,176905,web,npr.org
PA,,,Last 6 months,159299,web,foxnews.com
OH,,,Last 6 months,157116,web,foxnews.com
AZ,,,Last 6 months,130915,web,foxnews.com
UT,,,Last 6 months,126376,web,ksl.com
NY,,,Last 6 months,122147,web,npr.org
NY,,,Last 6 months,121006,web,theguardian.com
NY,,,Last 6 months,115685,web,newsweek.com
NC,,,Last 6 months,112690,web,foxnews.com
CA,,,Last 6 months,111945,web,sfchronicle.com
MI,,,Last 6 months,101414,web,foxnews.com
CO,,,Last 6 months,100709,web,theguardian.com
CA,,,Last 6 months,98285,web,pbs.org
VA,,,Last 6 months,95244,web,foxnews.com
FL,,,Last 6 months,89420,web,newsweek.com
CO,,,Last 6 months,88106,web,foxnews.com
NC,,,Last 6 months,87099,web,theguardian.com
CA,,,Last 6 months,84500,web,theatlantic.com
CA,,,Last 6 months,84488,web,thedailybeast.com
MD,,,Last 6 months,84365,web,foxnews.com
GA,,,Last 6 months,81747,web,foxnews.com
CA,,,Last 6 months,80132,web,rawstory.com
IL,,,Last 6 months,79814,web,foxnews.com
TX,,,Last 6 months,79095,web,newsweek.com
TX,,,Last 6 months,75378,web,theguardian.com
CA,,,Last 6 months,75045,web,newyorker.com
WA,,,Last 6 months,73231,web,foxnews.com
CO,,,Last 6 months,71157,web,npr.org
TX,,,Last 6 months,66315,web,npr.org
NY,,,Last 6 months,66038,web,msnbc.com
IL,,,Last 6 months,65932,web,theguardian.com
AZ,,,Last 6 months,65144,web,breitbart.com
FL,,,Last 6 months,63833,web,townhall.com
MN,,,Last 6 months,63675,web,foxnews.com
NJ,,,Last 6 months,63136,web,foxnews.com
FL,,,Last 6 months,60264,web,redstate.com
NY,,,Last 6 months,59627,web,thegatewaypundit.com
NY,,,Last 6 months,58550,web,pbs.org
FL,,,Last 6 months,58047,web,thegatewaypundit.com
PA,,,Last 6 months,57813,web,newsweek.com
FL,,,Last 6 months,57715,web,npr.org
MO,,,Last 6 months,57132,web,foxnews.com
FL,,,Last 6 months,56860,web,theguardian.com
MI,,,Last 6 months,56740,web,newsweek.com
WA,,,Last 6 months,53444,web,newsweek.com
LA,,,Last 6 months,53111,web,foxnews.com
FL,,,Last 6 months,52268,web,newsmax.com
FL,,,Last 6 months,52016,web,breitbart.com
NC,,,Last 6 months,51914,web,newsweek.com
NY,,,Last 6 months,51224,web,gothamist.com
MA,,,Last 6 months,50908,web,npr.org
CO,,,Last 6 months,50898,web,newsweek.com
KY,,,Last 6 months,50218,web,foxnews.com
NJ,,,Last 6 months,50105,web,newsweek.com
SC,,,Last 6 months,49780,web,foxnews.com
IL,,,Last 6 months,48448,web,npr.org
MI,,,Last 6 months,48374,web,npr.org
FL,,,Last 6 months,47429,web,twitchy.com
WA,,,Last 6 months,47330,web,npr.org
IL,,,Last 6 months,46221,web,newsweek.com
GA,,,Last 6 months,45503,web,npr.org
MI,,,Last 6 months,45346,web,rawstory.com
NJ,,,Last 6 months,45268,web,theguardian.com
NJ,,,Last 6 months,45158,web,npr.org
WA,,,Last 6 months,43880,web,breitbart.com
WA,,,Last 6 months,43740,web,theguardian.com
WI,,,Last 6 months,43466,web,newsweek.com
WA,,,Last 6 months,42984,web,pbs.org
OH,,,Last 6 months,42618,web,theguardian.com
PA,,,Last 6 months,42052,web,npr.org
NC,,,Last 6 months,41983,web,npr.org
CO,,,Last 6 months,41814,web,rawstory.com
NC,,,Last 6 months,41633,web,pbs.org
WA,,,Last 6 months,41165,web,rawstory.com
IN,,,Last 6 months,40759,web,foxnews.com
PA,,,Last 6 months,40615,web,theguardian.com
PA,,,Last 6 months,40370,web,pbs.org
MI,,,Last 6 months,40161,web,msnbc.com
OH,,,Last 6 months,40033,web,newsweek.com
CO,,,Last 6 months,39905,web,theatlantic.com
TX,,,Last 6 months,39808,web,breitbart.com
TN,,,Last 6 months,39130,web,foxnews.com
VA,,,Last 6 months,38847,web,newsweek.com
NJ,,,Last 6 months,38816,web,thegatewaypundit.com
VA,,,Last 6 months,38126,web,dailykos.com
TX,,,Last 6 months,37928,web,pbs.org
MA,,,Last 6 months,37672,web,foxnews.com
NY,,,Last 6 months,37364,web,thedailybeast.com
TX,,,Last 6 months,37136,web,rawstory.com
MA,,,Last 6 months,36998,web,theguardian.com
TX,,,Last 6 months,36940,web,theatlantic.com
MO,,,Last 6 months,36334,web,newsweek.com
IA,,,Last 6 months,36313,web,npr.org
AL,,,Last 6 months,36249,web,foxnews.com
MA,,,Last 6 months,36107,web,newsweek.com
UT,,,Last 6 months,36003,web,foxnews.com
NJ,,,Last 6 months,35979,web,breitbart.com
AZ,,,Last 6 months,35541,web,theblaze.com
NY,,,Last 6 months,35365,web,townhall.com
NV,,,Last 6 months,35017,web,foxnews.com
VA,,,Last 6 months,34794,web,npr.org
OH,,,Last 6 months,34776,web,newsmax.com
NJ,,,Last 6 months,34736,web,twitchy.com
TX,,,Last 6 months,34636,web,newsmax.com
WI,,,Last 6 months,34344,web,foxnews.com
GA,,,Last 6 months,34261,web,newsweek.com
VA,,,Last 6 months,34012,web,theguardian.com
OK,,,Last 6 months,34003,web,foxnews.com
AZ,,,Last 6 months,33998,web,newsweek.com
MI,,,Last 6 months,33993,web,theguardian.com
TX,,,Last 6 months,33683,web,msnbc.com
WA,,,Last 6 months,32687,web,alternet.org
NJ,,,Last 6 months,32064,web,americanthinker.com
CO,,,Last 6 months,32054,web,thedailybeast.com
MO,,,Last 6 months,31863,web,theguardian.com
AZ,,,Last 6 months,31862,web,npr.org
AZ,,,Last 6 months,31418,web,theguardian.com
VA,,,Last 6 months,31382,web,thedailybeast.com
WY,,,Last 6 months,30698,web,wonkette.com
NJ,,,Last 6 months,30641,web,hotair.com
WY,,,Last 6 months,30532,web,dailykos.com
VA,,,Last 6 months,30442,web,rawstory.com
AR,,,Last 6 months,30321,web,foxnews.com
WA,,,Last 6 months,29483,web,thedailybeast.com
NJ,,,Last 6 months,29433,web,thedailybeast.com
TN,,,Last 6 months,29426,web,newsweek.com
PA,,,Last 6 months,28792,web,rawstory.com
WY,,,Last 6 months,28630,web,msnbc.com
IL,,,Last 6 months,28046,web,pbs.org
WY,,,Last 6 months,28045,web,rawstory.com
OR,,,Last 6 months,27848,web,foxnews.com
CO,,,Last 6 months,27738,web,pbs.org
NC,,,Last 6 months,27236,web,rawstory.com
OH,,,Last 6 months,26864,web,npr.org
MN,,,Last 6 months,26861,web,msnbc.com
MN,,,Last 6 months,26639,web,newsweek.com
MD,,,Last 6 months,26576,web,theguardian.com
MD,,,Last 6 months,26557,web,newsweek.com
PA,,,Last 6 months,26480,web,theatlantic.com
NC,,,Last 6 months,26367,web,alternet.org
WA,,,Last 6 months,26363,web,theatlantic.com
MD,,,Last 6 months,26155,web,npr.org
MO,,,Last 6 months,26118,web,npr.org
MD,,,Last 6 months,26024,web,pbs.org
MA,,,Last 6 months,25885,web,thedailybeast.com
VA,,,Last 6 months,25641,web,theatlantic.com
GA,,,Last 6 months,25430,web,theguardian.com
LA,,,Last 6 months,25238,web,newsweek.com
MN,,,Last 6 months,25225,web,theguardian.com
MI,,,Last 6 months,24860,web,pbs.org
OR,,,Last 6 months,24858,web,newsweek.com
VA,,,Last 6 months,24772,web,msnbc.com
MT,,,Last 6 months,24612,web,foxnews.com
NC,,,Last 6 months,24308,web,theatlantic.com
WY,,,Last 6 months,24234,web,foxnews.com
OR,,,Last 6 months,23716,web,theatlantic.com
NC,,,Last 6 months,23625,web,msnbc.com
PA,,,Last 6 months,23119,web,theblaze.com
GA,,,Last 6 months,23003,web,pbs.org
WY,,,Last 6 months,22907,web,politicususa.com
MO,,,Last 6 months,22888,web,thegatewaypundit.com
CO,,,Last 6 months,22805,web,propublica.org
WY,,,Last 6 months,22778,web,thedailybeast.com
KY,,,Last 6 months,22719,web,theguardian.com
MA,,,Last 6 months,22661,web,pbs.org
KY,,,Last 6 months,22574,web,newsweek.com
ID,,,Last 6 months,22320,web,foxnews.com
MO,,,Last 6 months,22316,web,americanthinker.com
MO,,,Last 6 months,22258,web,hotair.com
MO,,,Last 6 months,22228,web,rawstory.com
IL,,,Last 6 months,22209,web,breitbart.com
KS,,,Last 6 months,22201,web,foxnews.com
WI,,,Last 6 months,22059,web,senate.gov
NV,,,Last 6 months,21965,web,npr.org
IN,,,Last 6 months,21175,web,npr.org
PA,,,Last 6 months,21107,web,msnbc.com
MI,,,Last 6 months,21084,web,thedailybeast.com
NC,,,Last 6 months,20800,web,thedailybeast.com
PA,,,Last 6 months,20620,web,thedailybeast.com
CT,,,Last 6 months,20526,web,newsmax.com
MI,,,Last 6 months,20459,web,breitbart.com
MO,,,Last 6 months,20063,web,twitchy.com
CO,,,Last 6 months,19822,web,newrepublic.com
OR,,,Last 6 months,19806,web,wweek.com
IL,,,Last 6 months,19805,web,alternet.org
NV,,,Last 6 months,19758,web,theguardian.com
OH,,,Last 6 months,19721,web,pbs.org
SC,,,Last 6 months,19630,web,npr.org
KY,,,Last 6 months,19446,web,pbs.org
MA,,,Last 6 months,19424,web,newyorker.com
MI,,,Last 6 months,19326,web,alternet.org
MA,,,Last 6 months,19323,web,rawstory.com
MD,,,Last 6 months,19279,web,rawstory.com
MO,,,Last 6 months,19246,web,dailycaller.com
OH,,,Last 6 months,19139,web,thedailybeast.com
VA,,,Last 6 months,19046,web,pbs.org
WY,,,Last 6 months,19018,web,lgbtqnation.com
WI,,,Last 6 months,18900,web,npr.org
OH,,,Last 6 months,18700,web,rawstory.com
WV,,,Last 6 months,18516,web,foxnews.com
IA,,,Last 6 months,18495,web,theguardian.com
AZ,,,Last 6 months,18425,web,pbs.org
AL,,,Last 6 months,18380,web,theguardian.com
IL,,,Last 6 months,18284,web,theatlantic.com
AL,,,Last 6 months,18135,web,nationalreview.com
WY,,,Last 6 months,18031,web,theatlantic.com
SC,,,Last 6 months,18012,web,theatlantic.com
OR,,,Last 6 months,17925,web,theguardian.com
WI,,,Last 6 months,17828,web,wpr.org
IL,,,Last 6 months,17770,web,vice.com
WI,,,Last 6 months,17472,web,theguardian.com
OH,,,Last 6 months,17436,web,dailywire.com
WI,,,Last 6 months,17328,web,rawstory.com
MA,,,Last 6 months,17222,web,breitbart.com
IA,,,Last 6 months,17094,web,pbs.org
AZ,,,Last 6 months,17036,web,drudgereport.com
UT,,,Last 6 months,16935,web,pbs.org
NM,,,Last 6 months,16863,web,foxnews.com
CT,,,Last 6 months,16846,web,msnbc.com
NH,,,Last 6 months,16735,web,ijr.com
NH,,,Last 6 months,16530,web,bizpacreview.com
OR,,,Last 6 months,16456,web,opb.org
WI,,,Last 6 months,16281,web,townhall.com
IA,,,Last 6 months,16152,web,foxnews.com
IL,,,Last 6 months,16130,web,drudgereport.com
MD,,,Last 6 months,16040,web,theatlantic.com
WI,,,Last 6 months,15727,web,msnbc.com
NM,,,Last 6 months,15528,web,theatlantic.com
AZ,,,Last 6 months,15431,web,rawstory.com
WI,,,Last 6 months,15111,web,newsmax.com
OR,,,Last 6 months,15057,web,npr.org
DE,,,Last 6 months,15008,web,foxnews.com
GA,,,Last 6 months,14980,web,theatlantic.com
OR,,,Last 6 months,14755,web,slate.com
AZ,,,Last 6 months,14562,web,thedailybeast.com
NH,,,Last 6 months,14419,web,foxnews.com
OK,,,Last 6 months,14338,web,theblaze.com
UT,,,Last 6 months,13924,web,theblaze.com
MA,,,Last 6 months,13916,web,theatlantic.com
KY,,,Last 6 months,13835,web,npr.org
NV,,,Last 6 months,13660,web,atlasobscura.com
NH,,,Last 6 months,13570,web,pbs.org
AL,,,Last 6 months,13442,web,rawstory.com
MN,,,Last 6 months,13435,web,newsmax.com
WY,,,Last 6 months,13266,web,alternet.org
MT,,,Last 6 months,13226,web,theguardian.com
OK,,,Last 6 months,13109,web,senate.gov
CT,,,Last 6 months,12912,web,vice.com
OH,,,Last 6 months,12833,web,vox.com
MD,,,Last 6 months,12725,web,theroot.com
SC,,,Last 6 months,12693,web,theguardian.com
MN,,,Last 6 months,12564,web,dailywire.com
CT,,,Last 6 months,12500,web,newsweek.com
SC,,,Last 6 months,12482,web,alternet.org
CT,,,Last 6 months,12465,web,foxnews.com
SC,,,Last 6 months,12306,web,newsweek.com
IN,,,Last 6 months,12258,web,theguardian.com
NV,,,Last 6 months,12212,web,aclu.org
GA,,,Last 6 months,12196,web,alternet.org
MD,,,Last 6 months,12076,web,thedailybeast.com
OR,,,Last 6 months,12069,web,rawstory.com
MN,,,Last 6 months,12067,web,npr.org
TN,,,Last 6 months,11989,web,beforeitsnews.com
GA,,,Last 6 months,11940,web,democracynow.org
NE,,,Last 6 months,11938,web,foxnews.com
OK,,,Last 6 months,11881,web,breitbart.com
IA,,,Last 6 months,11860,web,newsweek.com
OK,,,Last 6 months,11827,web,newsmax.com
RI,,,Last 6 months,11766,web,louderwithcrowder.com
LA,,,Last 6 months,11634,web,townhall.com
DE,,,Last 6 months,11535,web,msnbc.com
IN,,,Last 6 months,11444,web,dailysignal.com
KS,,,Last 6 months,11384,web,newsweek.com
GA,,,Last 6 months,11347,web,senate.gov
DC,,,Last 6 months,11332,web,npr.org
MS,,,Last 6 months,11219,web,foxnews.com
OR,,,Last 6 months,11184,web,nationalreview.com
KS,,,Last 6 months,11181,web,pbs.org
MN,,,Last 6 months,11144,web,rawstory.com
MN,,,Last 6 months,11079,web,drudgereport.com
ID,,,Last 6 months,11028,web,drudgereport.com
SC,,,Last 6 months,11026,web,pbs.org
KY,,,Last 6 months,10939,web,aljazeera.com
ID,,,Last 6 months,10827,web,newsweek.com
LA,,,Last 6 months,10805,web,theguardian.com
TN,,,Last 6 months,10614,web,rawstory.com
MD,,,Last 6 months,10602,web,dailykos.com
NV,,,Last 6 months,10490,web,vice.com
ME,,,Last 6 months,10477,web,foxnews.com
IA,,,Last 6 months,10442,web,ktiv.com
AL,,,Last 6 months,10351,web,newsweek.com
LA,,,Last 6 months,10342,web,pjmedia.com
LA,,,Last 6 months,10339,web,redstate.com
DE,,,Last 6 months,10232,web,newsweek.com
LA,,,Last 6 months,10136,web,twitchy.com
NH,,,Last 6 months,10123,web,theblaze.com
TN,,,Last 6 months,10117,web,npr.org
MN,,,Last 6 months,9988,web,pbs.org
KY,,,Last 6 months,9853,web,thedailybeast.com
SC,,,Last 6 months,9818,web,propublica.org
IN,,,Last 6 months,9816,web,newsweek.com
ID,,,Last 6 months,9809,web,localnews8.com
TN,,,Last 6 months,9718,web,pbs.org
AL,,,Last 6 months,9704,web,pbs.org
TN,,,Last 6 months,9668,web,msnbc.com
GA,,,Last 6 months,9658,web,thedailybeast.com
OK,,,Last 6 months,9549,web,dailywire.com
DE,,,Last 6 months,9316,web,pbs.org
LA,,,Last 6 months,9308,web,dailycaller.com
WV,,,Last 6 months,9302,web,newsweek.com
TN,,,Last 6 months,9247,web,billoreilly.com
OK,,,Last 6 months,9210,web,npr.org
DC,,,Last 6 months,9174,web,newyorker.com
TN,,,Last 6 months,9113,web,theguardian.com
LA,,,Last 6 months,9095,web,alternet.org
IN,,,Last 6 months,9072,web,theconversation.com
IA,,,Last 6 months,9025,web,slate.com
NE,,,Last 6 months,9017,web,npr.org
CT,,,Last 6 months,8933,web,theatlantic.com
ME,,,Last 6 months,8871,web,newsweek.com
LA,,,Last 6 months,8828,web,pbs.org
SD,,,Last 6 months,8719,web,foxnews.com
NE,,,Last 6 months,8696,web,theguardian.com
ME,,,Last 6 months,8684,web,theguardian.com
IN,,,Last 6 months,8680,web,senate.gov
KY,,,Last 6 months,8583,web,dailysignal.com
HI,,,Last 6 months,8572,web,newsweek.com
IN,,,Last 6 months,8554,web,thedailybeast.com
AL,,,Last 6 months,8540,web,thedailybeast.com
OK,,,Last 6 months,8527,web,newsweek.com
ID,,,Last 6 months,8387,web,theblaze.com
UT,,,Last 6 months,8302,web,dailycaller.com
KS,,,Last 6 months,8266,web,theguardian.com
UT,,,Last 6 months,8175,web,newsweek.com
ND,,,Last 6 months,8145,web,foxnews.com
IA,,,Last 6 months,8084,web,messengernews.net
TN,,,Last 6 months,8062,web,newsmax.com
AR,,,Last 6 months,7980,web,newsweek.com
CT,,,Last 6 months,7906,web,theguardian.com
KY,,,Last 6 months,7843,web,senate.gov
IN,,,Last 6 months,7698,web,newrepublic.com
NE,,,Last 6 months,7633,web,pbs.org
NH,,,Last 6 months,7606,web,newsweek.com
NV,,,Last 6 months,7602,web,aljazeera.com
MS,,,Last 6 months,7529,web,newsweek.com
UT,,,Last 6 months,7526,web,msnbc.com
IA,,,Last 6 months,7410,web,breitbart.com
KS,,,Last 6 months,7400,web,rawstory.com
CT,,,Last 6 months,7390,web,npr.org
DE,,,Last 6 months,7385,web,newsmax.com
NH,,,Last 6 months,7337,web,theatlantic.com
ID,,,Last 6 months,7273,web,rawstory.com
NV,,,Last 6 months,7108,web,newsweek.com
NE,,,Last 6 months,6980,web,newsweek.com
AR,,,Last 6 months,6807,web,npr.org
ND,,,Last 6 months,6769,web,theatlantic.com
AR,,,Last 6 months,6724,web,rawstory.com
NH,,,Last 6 months,6695,web,beforeitsnews.com
NV,,,Last 6 months,6682,web,slate.com
IA,,,Last 6 months,6637,web,newsmax.com
KY,,,Last 6 months,6608,web,theatlantic.com
DC,,,Last 6 months,6552,web,theguardian.com
AL,,,Last 6 months,6519,web,msnbc.com
NH,,,Last 6 months,6516,web,lifezette.com
NH,,,Last 6 months,6486,web,dailycaller.com
AL,,,Last 6 months,6475,web,npr.org
AL,,,Last 6 months,6403,web,waff.com
ID,,,Last 6 months,6053,web,dailywire.com
IN,,,Last 6 months,6051,web,slate.com
UT,,,Last 6 months,5988,web,senate.gov
UT,,,Last 6 months,5966,web,rawstory.com
SC,,,Last 6 months,5804,web,dailykos.com
KS,,,Last 6 months,5623,web,npr.org
HI,,,Last 6 months,5609,web,aclu.org
DC,,,Last 6 months,5604,web,foxnews.com
SC,,,Last 6 months,5550,web,toddstarnes.com
UT,,,Last 6 months,5544,web,dailykos.com
ID,,,Last 6 months,5540,web,americanthinker.com
ID,,,Last 6 months,5540,web,legalinsurrection.com
ID,,,Last 6 months,5540,web,louderwithcrowder.com
MT,,,Last 6 months,5402,web,ksl.com
OK,,,Last 6 months,5336,web,theatlantic.com
KS,,,Last 6 months,5290,web,dailywire.com
ME,,,Last 6 months,5278,web,npr.org
WV,,,Last 6 months,5248,web,theatlantic.com
DE,,,Last 6 months,5105,web,theguardian.com
RI,,,Last 6 months,5020,web,npr.org
ME,,,Last 6 months,4954,web,alternet.org
NV,,,Last 6 months,4951,web,theconversation.com
ME,,,Last 6 months,4724,web,dailydot.com
DC,,,Last 6 months,4716,web,theatlantic.com
RI,,,Last 6 months,4660,web,foxnews.com
CT,,,Last 6 months,4657,web,chicagoreader.com
CT,,,Last 6 months,4640,web,rawstory.com
NM,,,Last 6 months,4614,web,theguardian.com
AR,,,Last 6 months,4589,web,alternet.org
ME,,,Last 6 months,4564,web,pressherald.com
ME,,,Last 6 months,4564,web,thedailybeast.com
KS,,,Last 6 months,4430,web,theblaze.com
WV,,,Last 6 months,4311,web,pbs.org
MT,,,Last 6 months,4299,web,npr.org
DC,,,Last 6 months,4206,web,senate.gov
NM,,,Last 6 months,4180,web,npr.org
HI,,,Last 6 months,4076,web,foxnews.com
MT,,,Last 6 months,4066,web,newsweek.com
MS,,,Last 6 months,4065,web,dailykos.com
MT,,,Last 6 months,3969,web,msnbc.com
AR,,,Last 6 months,3918,web,theguardian.com
MT,,,Last 6 months,3884,web,dailycaller.com
AR,,,Last 6 months,3865,web,aljazeera.com
DC,,,Last 6 months,3824,web,aljazeera.com
KS,,,Last 6 months,3816,web,ijr.com
WV,,,Last 6 months,3770,web,theconversation.com
KS,,,Last 6 months,3728,web,prospect.org
OK,,,Last 6 months,3685,web,vogue.com
NE,,,Last 6 months,3636,web,newrepublic.com
WV,,,Last 6 months,3632,web,atlantablackstar.com
DE,,,Last 6 months,3612,web,alternet.org
SD,,,Last 6 months,3606,web,newrepublic.com
SD,,,Last 6 months,3606,web,wbur.org
WV,,,Last 6 months,3604,web,npr.org
AR,,,Last 6 months,3596,web,nationalreview.com
RI,,,Last 6 months,3554,web,theconversation.com
MT,,,Last 6 months,3544,web,vox.com
RI,,,Last 6 months,3488,web,theguardian.com
AR,,,Last 6 months,3486,web,politifact.com
ME,,,Last 6 months,3481,web,theroot.com
RI,,,Last 6 months,3472,web,theblaze.com
DE,,,Last 6 months,3472,web,theblaze.com
NE,,,Last 6 months,3449,web,drudgereport.com
DE,,,Last 6 months,3339,web,americanprogress.org
DE,,,Last 6 months,3339,web,townhall.com
HI,,,Last 6 months,3321,web,bustle.com
VT,,,Last 6 months,3320,web,channel4.com
ND,,,Last 6 months,3318,web,hpj.com
AR,,,Last 6 months,3213,web,newsmax.com
ND,,,Last 6 months,3212,web,dailydot.com
WV,,,Last 6 months,3202,web,commonwealthfund.org
NM,,,Last 6 months,3193,web,pitchfork.com
RI,,,Last 6 months,3178,web,newsweek.com
NE,,,Last 6 months,3041,web,msnbc.com
MS,,,Last 6 months,3007,web,msnbc.com
MT,,,Last 6 months,2987,web,theconversation.com
WV,,,Last 6 months,2976,web,bustle.com
DC,,,Last 6 months,2955,web,newsweek.com
WV,,,Last 6 months,2933,web,rawstory.com
NE,,,Last 6 months,2859,web,ktiv.com
NM,,,Last 6 months,2844,web,newsweek.com
ME,,,Last 6 months,2766,web,pbs.org
NE,,,Last 6 months,2664,web,norfolkdailynews.com
RI,,,Last 6 months,2614,web,rawstory.com
MS,,,Last 6 months,2607,web,npr.org
DC,,,Last 6 months,2596,web,heritage.org
DC,,,Last 6 months,2596,web,gop.com
MS,,,Last 6 months,2584,web,rawstory.com
MT,,,Last 6 months,2562,web,breitbart.com
NM,,,Last 6 months,2531,web,bustle.com
RI,,,Last 6 months,2499,web,atlasobscura.com
AK,,,Last 6 months,2304,web,npr.org
MS,,,Last 6 months,2257,web,alternet.org
MS,,,Last 6 months,2256,web,theguardian.com
MS,,,Last 6 months,2248,web,samuel-warde.com
MS,,,Last 6 months,2248,web,theatlantic.com
RI,,,Last 6 months,2170,web,pbs.org
NM,,,Last 6 months,2160,web,propublica.org
NM,,,Last 6 months,1995,web,pbs.org
NM,,,Last 6 months,1752,web,opensecrets.org
VT,,,Last 6 months,1490,web,newyorker.com
HI,,,Last 6 months,1437,web,alternet.org
HI,,,Last 6 months,1327,web,theguardian.com
HI,,,Last 6 months,1325,web,rawstory.com
AK,,,Last 6 months,1271,web,vogue.com
AK,,,Last 6 months,1191,web,newsweek.com
SD,,,Last 6 months,1174,web,aclu.org
HI,,,Last 6 months,1106,web,newyorker.com
SD,,,Last 6 months,1086,web,npr.org
VT,,,Last 6 months,937,web,npr.org
HI,,,Last 6 months,914,web,slate.com
SD,,,Last 6 months,903,web,theatlantic.com
HI,,,Last 6 months,884,web,upworthy.com
SD,,,Last 6 months,821,web,senate.gov
AK,,,Last 6 months,808,web,opensecrets.org
VT,,,Last 6 months,666,web,vnews.com
ND,,,Last 6 months,617,web,alternet.org
ND,,,Last 6 months,616,web,newsweek.com
SD,,,Last 6 months,502,web,newyorker.com
SD,,,Last 6 months,489,web,theguardian.com
VT,,,Last 6 months,488,web,aclu.org
SD,,,Last 6 months,447,web,dailysignal.com
VT,,,Last 6 months,407,web,thecut.com
VT,,,Last 6 months,407,web,dailykos.com
VT,,,Last 6 months,407,web,nymag.com
AK,,,Last 6 months,380,web,teenvogue.com
AK,,,Last 6 months,380,web,advocate.com
ND,,,Last 6 months,235,web,newsmax.com
ND,,,Last 6 months,234,web,theintercept.com
AK,,,Last 6 months,231,web,theguardian.com
AK,,,Last 6 months,231,web,slate.com
AK,,,Last 6 months,231,web,theatlantic.com
AK,,,Last 6 months,228,web,foxnews.com
ND,,,Last 6 months,227,web,vogue.com
VT,,,Last 6 months,221,web,newrepublic.com
VT,,,Last 6 months,219,web,newsweek.com
ND,,,Last 6 months,219,web,npr.org
CA,,,Last 12 months,306670,web,foxnews.com
TX,,,Last 12 months,270322,web,foxnews.com
CA,,,Last 12 months,252043,web,newsweek.com
FL,,,Last 12 months,237027,web,foxnews.com
CA,,,Last 12 months,220101,web,npr.org
CA,,,Last 12 months,219013,web,theguardian.com
NY,,,Last 12 months,186798,web,foxnews.com
PA,,,Last 12 months,157151,web,foxnews.com
OH,,,Last 12 months,155191,web,foxnews.com
CA,,,Last 12 months,138704,web,sfchronicle.com
NY,,,Last 12 months,132471,web,npr.org
CA,,,Last 12 months,124811,web,pbs.org
NY,,,Last 12 months,121613,web,theguardian.com
AZ,,,Last 12 months,115103,web,foxnews.com
NY,,,Last 12 months,113762,web,newsweek.com
NC,,,Last 12 months,111418,web,foxnews.com
FL,,,Last 12 months,109036,web,newsweek.com
UT,,,Last 12 months,106876,web,ksl.com
MI,,,Last 12 months,106835,web,foxnews.com
TX,,,Last 12 months,101980,web,newsweek.com
CA,,,Last 12 months,97970,web,theatlantic.com
VA,,,Last 12 months,94248,web,foxnews.com
CO,,,Last 12 months,93634,web,theguardian.com
CA,,,Last 12 months,89347,web,msnbc.com
TX,,,Last 12 months,89101,web,npr.org
TX,,,Last 12 months,85267,web,theguardian.com
CO,,,Last 12 months,83933,web,foxnews.com
IL,,,Last 12 months,82104,web,foxnews.com
CA,,,Last 12 months,80772,web,rawstory.com
WA,,,Last 12 months,79305,web,foxnews.com
GA,,,Last 12 months,78674,web,foxnews.com
FL,,,Last 12 months,78047,web,npr.org
NC,,,Last 12 months,76276,web,theguardian.com
CO,,,Last 12 months,75179,web,npr.org
CA,,,Last 12 months,74249,web,drudgereport.com
MD,,,Last 12 months,71428,web,foxnews.com
PA,,,Last 12 months,70019,web,newsweek.com
MN,,,Last 12 months,69095,web,foxnews.com
NJ,,,Last 12 months,68008,web,foxnews.com
WA,,,Last 12 months,67537,web,newsweek.com
NY,,,Last 12 months,66710,web,msnbc.com
NY,,,Last 12 months,64141,web,thegatewaypundit.com
MO,,,Last 12 months,62980,web,foxnews.com
IL,,,Last 12 months,61767,web,theguardian.com
NY,,,Last 12 months,60686,web,pbs.org
MI,,,Last 12 months,59350,web,newsweek.com
FL,,,Last 12 months,59318,web,theguardian.com
MA,,,Last 12 months,59036,web,npr.org
NJ,,,Last 12 months,58554,web,newsweek.com
KY,,,Last 12 months,57970,web,foxnews.com
NJ,,,Last 12 months,57907,web,npr.org
NC,,,Last 12 months,55948,web,newsweek.com
OH,,,Last 12 months,55770,web,newsweek.com
NJ,,,Last 12 months,55504,web,theguardian.com
AZ,,,Last 12 months,55476,web,breitbart.com
IL,,,Last 12 months,53844,web,npr.org
WA,,,Last 12 months,52680,web,npr.org
MI,,,Last 12 months,52438,web,npr.org
VA,,,Last 12 months,52306,web,newsweek.com
FL,,,Last 12 months,52234,web,pbs.org
WI,,,Last 12 months,51509,web,newsweek.com
CO,,,Last 12 months,51411,web,newsweek.com
PA,,,Last 12 months,51116,web,npr.org
NC,,,Last 12 months,50770,web,pbs.org
GA,,,Last 12 months,49472,web,npr.org
FL,,,Last 12 months,48047,web,newsmax.com
IL,,,Last 12 months,46742,web,newsweek.com
NY,,,Last 12 months,46660,web,gothamist.com
WA,,,Last 12 months,45862,web,theguardian.com
VA,,,Last 12 months,45782,web,rawstory.com
VA,,,Last 12 months,45437,web,dailykos.com
PA,,,Last 12 months,45298,web,theguardian.com
MA,,,Last 12 months,45004,web,foxnews.com
VA,,,Last 12 months,44145,web,npr.org
PA,,,Last 12 months,42240,web,pbs.org
TN,,,Last 12 months,42086,web,foxnews.com
VA,,,Last 12 months,41949,web,thedailybeast.com
LA,,,Last 12 months,41841,web,foxnews.com
OH,,,Last 12 months,41661,web,theguardian.com
VA,,,Last 12 months,41625,web,theguardian.com
MA,,,Last 12 months,41424,web,theguardian.com
NY,,,Last 12 months,41330,web,townhall.com
TX,,,Last 12 months,41298,web,pbs.org
NV,,,Last 12 months,40382,web,foxnews.com
MA,,,Last 12 months,40308,web,newsweek.com
GA,,,Last 12 months,40186,web,newsweek.com
NC,,,Last 12 months,39880,web,npr.org
IL,,,Last 12 months,39581,web,pbs.org
IN,,,Last 12 months,39225,web,foxnews.com
MI,,,Last 12 months,39146,web,theguardian.com
WI,,,Last 12 months,38789,web,foxnews.com
SC,,,Last 12 months,38664,web,foxnews.com
TX,,,Last 12 months,37968,web,msnbc.com
FL,,,Last 12 months,37699,web,townhall.com
MI,,,Last 12 months,37186,web,msnbc.com
TX,,,Last 12 months,37092,web,newsmax.com
CO,,,Last 12 months,36816,web,rawstory.com
TX,,,Last 12 months,36568,web,rawstory.com
MO,,,Last 12 months,36403,web,newsweek.com
AZ,,,Last 12 months,36197,web,npr.org
FL,,,Last 12 months,35759,web,redstate.com
TX,,,Last 12 months,35734,web,theatlantic.com
AL,,,Last 12 months,35144,web,foxnews.com
NY,,,Last 12 months,35124,web,breitbart.com
WA,,,Last 12 months,34585,web,pbs.org
NJ,,,Last 12 months,34284,web,thedailybeast.com
OH,,,Last 12 months,34221,web,npr.org
OH,,,Last 12 months,34083,web,newsmax.com
OK,,,Last 12 months,34071,web,foxnews.com
FL,,,Last 12 months,33640,web,breitbart.com
WA,,,Last 12 months,33606,web,rawstory.com
MI,,,Last 12 months,33221,web,rawstory.com
TN,,,Last 12 months,33158,web,newsweek.com
AZ,,,Last 12 months,33094,web,theguardian.com
MN,,,Last 12 months,33069,web,newsweek.com
FL,,,Last 12 months,32905,web,thegatewaypundit.com
MA,,,Last 12 months,32703,web,thedailybeast.com
MA,,,Last 12 months,32667,web,pbs.org
IA,,,Last 12 months,31824,web,npr.org
AZ,,,Last 12 months,31457,web,theblaze.com
UT,,,Last 12 months,31439,web,foxnews.com
CO,,,Last 12 months,31276,web,theatlantic.com
AZ,,,Last 12 months,31081,web,newsweek.com
KY,,,Last 12 months,31038,web,newsweek.com
TX,,,Last 12 months,30700,web,drudgereport.com
WA,,,Last 12 months,30372,web,breitbart.com
NJ,,,Last 12 months,30311,web,breitbart.com
KS,,,Last 12 months,30246,web,foxnews.com
NJ,,,Last 12 months,30084,web,pbs.org
NJ,,,Last 12 months,29991,web,thegatewaypundit.com
MD,,,Last 12 months,29340,web,newsweek.com
MD,,,Last 12 months,28918,web,npr.org
AR,,,Last 12 months,28746,web,foxnews.com
WA,,,Last 12 months,28709,web,msnbc.com
WA,,,Last 12 months,28591,web,theatlantic.com
MN,,,Last 12 months,28250,web,msnbc.com
GA,,,Last 12 months,27978,web,pbs.org
VA,,,Last 12 months,27811,web,msnbc.com
NJ,,,Last 12 months,27508,web,twitchy.com
CO,,,Last 12 months,27357,web,pbs.org
MO,,,Last 12 months,27250,web,theguardian.com
WA,,,Last 12 months,26740,web,dailywire.com
OR,,,Last 12 months,26666,web,newsweek.com
GA,,,Last 12 months,26612,web,theguardian.com
ID,,,Last 12 months,26552,web,foxnews.com
OH,,,Last 12 months,26490,web,rawstory.com
NC,,,Last 12 months,26369,web,theatlantic.com
MT,,,Last 12 months,26296,web,foxnews.com
MO,,,Last 12 months,26229,web,thegatewaypundit.com
PA,,,Last 12 months,26223,web,theblaze.com
NJ,,,Last 12 months,26140,web,americanthinker.com
MO,,,Last 12 months,25754,web,rawstory.com
MI,,,Last 12 months,25661,web,pbs.org
PA,,,Last 12 months,25451,web,rawstory.com
MO,,,Last 12 months,25271,web,dailycaller.com
MA,,,Last 12 months,24978,web,newyorker.com
CO,,,Last 12 months,24967,web,thedailybeast.com
WY,,,Last 12 months,24922,web,rawstory.com
MO,,,Last 12 months,24755,web,americanthinker.com
MO,,,Last 12 months,24726,web,hotair.com
LA,,,Last 12 months,24700,web,newsweek.com
PA,,,Last 12 months,24491,web,theatlantic.com
NC,,,Last 12 months,24463,web,rawstory.com
NH,,,Last 12 months,24389,web,foxnews.com
WI,,,Last 12 months,24252,web,npr.org
WY,,,Last 12 months,24232,web,wonkette.com
OR,,,Last 12 months,24076,web,theguardian.com
WY,,,Last 12 months,24030,web,dailykos.com
OR,,,Last 12 months,23873,web,foxnews.com
WI,,,Last 12 months,23784,web,theguardian.com
VA,,,Last 12 months,23654,web,theatlantic.com
MN,,,Last 12 months,23552,web,theguardian.com
IL,,,Last 12 months,23280,web,msnbc.com
MD,,,Last 12 months,23247,web,theguardian.com
NC,,,Last 12 months,23126,web,alternet.org
TN,,,Last 12 months,23059,web,npr.org
MO,,,Last 12 months,23025,web,100percentfedup.com
PA,,,Last 12 months,22989,web,msnbc.com
IN,,,Last 12 months,22957,web,npr.org
MI,,,Last 12 months,22921,web,newsmax.com
WY,,,Last 12 months,22713,web,msnbc.com
MO,,,Last 12 months,22267,web,npr.org
SC,,,Last 12 months,22059,web,npr.org
OH,,,Last 12 months,21878,web,pbs.org
OR,,,Last 12 months,21828,web,npr.org
CO,,,Last 12 months,21542,web,slate.com
NM,,,Last 12 months,21448,web,foxnews.com
CO,,,Last 12 months,21204,web,vox.com
CT,,,Last 12 months,20970,web,newsweek.com
WI,,,Last 12 months,20910,web,rawstory.com
MA,,,Last 12 months,20247,web,rawstory.com
MI,,,Last 12 months,20236,web,dailykos.com
NC,,,Last 12 months,20146,web,msnbc.com
KY,,,Last 12 months,19719,web,npr.org
MI,,,Last 12 months,19717,web,thedailybeast.com
PA,,,Last 12 months,19596,web,thedailybeast.com
VA,,,Last 12 months,19460,web,pbs.org
MA,,,Last 12 months,19400,web,slate.com
MA,,,Last 12 months,19308,web,breitbart.com
AZ,,,Last 12 months,19286,web,drudgereport.com
NV,,,Last 12 months,18956,web,npr.org
KY,,,Last 12 months,18714,web,pbs.org
MD,,,Last 12 months,18612,web,pbs.org
MD,,,Last 12 months,18282,web,theatlantic.com
IL,,,Last 12 months,18282,web,theatlantic.com
OK,,,Last 12 months,18210,web,npr.org
OH,,,Last 12 months,18176,web,thedailybeast.com
CT,,,Last 12 months,18126,web,msnbc.com
OH,,,Last 12 months,18044,web,msnbc.com
IN,,,Last 12 months,17985,web,theguardian.com
ME,,,Last 12 months,17846,web,foxnews.com
MN,,,Last 12 months,17823,web,npr.org
OR,,,Last 12 months,17726,web,opb.org
IL,,,Last 12 months,17621,web,newsmax.com
NH,,,Last 12 months,17392,web,ijr.com
IL,,,Last 12 months,17385,web,drudgereport.com
IN,,,Last 12 months,17375,web,newsweek.com
WY,,,Last 12 months,17333,web,politicususa.com
NC,,,Last 12 months,17316,web,dailykos.com
IA,,,Last 12 months,17114,web,foxnews.com
CT,,,Last 12 months,16987,web,newsmax.com
NH,,,Last 12 months,16917,web,dailykos.com
KY,,,Last 12 months,16901,web,theguardian.com
WV,,,Last 12 months,16744,web,foxnews.com
AL,,,Last 12 months,16600,web,newsweek.com
CT,,,Last 12 months,16554,web,theguardian.com
IL,,,Last 12 months,16359,web,breitbart.com
AR,,,Last 12 months,16138,web,newsweek.com
OK,,,Last 12 months,16094,web,breitbart.com
OR,,,Last 12 months,16028,web,theatlantic.com
OH,,,Last 12 months,15896,web,dailywire.com
NH,,,Last 12 months,15712,web,bizpacreview.com
OK,,,Last 12 months,15674,web,newsmax.com
WY,,,Last 12 months,15498,web,foxnews.com
GA,,,Last 12 months,15340,web,theatlantic.com
OR,,,Last 12 months,15296,web,wweek.com
OK,,,Last 12 months,15138,web,senate.gov
IA,,,Last 12 months,15053,web,newsweek.com
WI,,,Last 12 months,14954,web,wpr.org
AZ,,,Last 12 months,14852,web,pbs.org
NM,,,Last 12 months,14726,web,theatlantic.com
MN,,,Last 12 months,14663,web,pbs.org
CT,,,Last 12 months,14653,web,npr.org
AL,,,Last 12 months,14424,web,nationalreview.com
WY,,,Last 12 months,14047,web,thedailybeast.com
NV,,,Last 12 months,13983,web,theguardian.com
SC,,,Last 12 months,13930,web,theatlantic.com
MD,,,Last 12 months,13822,web,rawstory.com
NH,,,Last 12 months,13598,web,pbs.org
MN,,,Last 12 months,13597,web,rawstory.com
KY,,,Last 12 months,13579,web,thedailybeast.com
LA,,,Last 12 months,13482,web,theguardian.com
DE,,,Last 12 months,13479,web,foxnews.com
WI,,,Last 12 months,13469,web,msnbc.com
SC,,,Last 12 months,13387,web,theguardian.com
OK,,,Last 12 months,13386,web,newsweek.com
NH,,,Last 12 months,13378,web,npr.org
SC,,,Last 12 months,13349,web,newsweek.com
CT,,,Last 12 months,13330,web,pbs.org
AL,,,Last 12 months,13322,web,theguardian.com
AZ,,,Last 12 months,13178,web,msnbc.com
WI,,,Last 12 months,13176,web,senate.gov
MN,,,Last 12 months,13141,web,drudgereport.com
IA,,,Last 12 months,13141,web,theguardian.com
WY,,,Last 12 months,13136,web,lgbtqnation.com
CT,,,Last 12 months,13094,web,foxnews.com
AL,,,Last 12 months,13089,web,waff.com
ID,,,Last 12 months,12919,web,newsweek.com
ME,,,Last 12 months,12849,web,newsweek.com
NV,,,Last 12 months,12833,web,aclu.org
WI,,,Last 12 months,12753,web,bustle.com
NV,,,Last 12 months,12752,web,atlasobscura.com
WY,,,Last 12 months,12748,web,alternet.org
OR,,,Last 12 months,12715,web,slate.com
MS,,,Last 12 months,12683,web,foxnews.com
NE,,,Last 12 months,12356,web,pbs.org
IA,,,Last 12 months,12353,web,slate.com
TN,,,Last 12 months,12311,web,theguardian.com
WI,,,Last 12 months,12307,web,thedailybeast.com
OK,,,Last 12 months,12002,web,dailywire.com
OK,,,Last 12 months,12000,web,theblaze.com
GA,,,Last 12 months,11995,web,senate.gov
MD,,,Last 12 months,11924,web,vox.com
TN,,,Last 12 months,11757,web,beforeitsnews.com
OR,,,Last 12 months,11687,web,pbs.org
UT,,,Last 12 months,11676,web,pbs.org
KS,,,Last 12 months,11586,web,newsweek.com
TN,,,Last 12 months,11585,web,pbs.org
MD,,,Last 12 months,11559,web,theroot.com
AZ,,,Last 12 months,11551,web,thedailybeast.com
NH,,,Last 12 months,11362,web,theguardian.com
CT,,,Last 12 months,11261,web,vice.com
NE,,,Last 12 months,11211,web,npr.org
DE,,,Last 12 months,11208,web,msnbc.com
IN,,,Last 12 months,10866,web,dailysignal.com
UT,,,Last 12 months,10845,web,theblaze.com
SC,,,Last 12 months,10830,web,pbs.org
WY,,,Last 12 months,10672,web,theatlantic.com
GA,,,Last 12 months,10666,web,msnbc.com
NH,,,Last 12 months,10505,web,theatlantic.com
WV,,,Last 12 months,10448,web,npr.org
LA,,,Last 12 months,10400,web,npr.org
AL,,,Last 12 months,10342,web,rawstory.com
IA,,,Last 12 months,10116,web,messengernews.net
GA,,,Last 12 months,9963,web,thedailybeast.com
NH,,,Last 12 months,9955,web,newsweek.com
GA,,,Last 12 months,9912,web,univision.com
TN,,,Last 12 months,9822,web,msnbc.com
MN,,,Last 12 months,9812,web,thedailybeast.com
KS,,,Last 12 months,9794,web,pbs.org
IA,,,Last 12 months,9647,web,pbs.org
NV,,,Last 12 months,9600,web,newsweek.com
OR,,,Last 12 months,9600,web,rawstory.com
KS,,,Last 12 months,9581,web,npr.org
AR,,,Last 12 months,9369,web,npr.org
MD,,,Last 12 months,9354,web,senate.gov
IA,,,Last 12 months,9313,web,newsmax.com
IN,,,Last 12 months,9229,web,senate.gov
ID,,,Last 12 months,9108,web,drudgereport.com
AL,,,Last 12 months,9027,web,msnbc.com
AL,,,Last 12 months,8991,web,pbs.org
MN,,,Last 12 months,8909,web,dailywire.com
WV,,,Last 12 months,8869,web,newsweek.com
TN,,,Last 12 months,8797,web,rawstory.com
TN,,,Last 12 months,8788,web,theblaze.com
IN,,,Last 12 months,8743,web,dailywire.com
AL,,,Last 12 months,8742,web,npr.org
LA,,,Last 12 months,8699,web,townhall.com
IA,,,Last 12 months,8634,web,breitbart.com
AR,,,Last 12 months,8548,web,rawstory.com
LA,,,Last 12 months,8491,web,newsmax.com
KY,,,Last 12 months,8469,web,dailywire.com
SC,,,Last 12 months,8379,web,alternet.org
RI,,,Last 12 months,8370,web,louderwithcrowder.com
CT,,,Last 12 months,8335,web,dailydot.com
ID,,,Last 12 months,8312,web,npr.org
SC,,,Last 12 months,8154,web,toddstarnes.com
ME,,,Last 12 months,8137,web,npr.org
ME,,,Last 12 months,8085,web,newsmax.com
NH,,,Last 12 months,8042,web,dailycaller.com
NE,,,Last 12 months,8014,web,foxnews.com
ME,,,Last 12 months,7968,web,pressherald.com
KS,,,Last 12 months,7868,web,newsmax.com
TN,,,Last 12 months,7836,web,billoreilly.com
ID,,,Last 12 months,7831,web,localnews8.com
UT,,,Last 12 months,7790,web,newsweek.com
KY,,,Last 12 months,7776,web,msnbc.com
IN,,,Last 12 months,7749,web,thedailybeast.com
MS,,,Last 12 months,7734,web,newsweek.com
CT,,,Last 12 months,7588,web,atlasobscura.com
KY,,,Last 12 months,7583,web,newsmax.com
SC,,,Last 12 months,7544,web,senate.gov
LA,,,Last 12 months,7467,web,pbs.org
LA,,,Last 12 months,7446,web,redstate.com
IN,,,Last 12 months,7368,web,theatlantic.com
NV,,,Last 12 months,7364,web,vox.com
KY,,,Last 12 months,7311,web,aljazeera.com
RI,,,Last 12 months,7271,web,npr.org
ID,,,Last 12 months,7255,web,rawstory.com
IN,,,Last 12 months,7212,web,slate.com
ID,,,Last 12 months,7148,web,theblaze.com
LA,,,Last 12 months,7132,web,rawstory.com
LA,,,Last 12 months,7057,web,pjmedia.com
DE,,,Last 12 months,7000,web,pbs.org
AL,,,Last 12 months,6968,web,thedailybeast.com
NV,,,Last 12 months,6897,web,vice.com
HI,,,Last 12 months,6843,web,newsweek.com
MT,,,Last 12 months,6809,web,theguardian.com
OK,,,Last 12 months,6771,web,pbs.org
DC,,,Last 12 months,6769,web,npr.org
DE,,,Last 12 months,6516,web,newsweek.com
SD,,,Last 12 months,6411,web,foxnews.com
IA,,,Last 12 months,6411,web,ktiv.com
ME,,,Last 12 months,6352,web,theguardian.com
NV,,,Last 12 months,6344,web,dailykos.com
MT,,,Last 12 months,6221,web,ksl.com
ID,,,Last 12 months,6150,web,pbs.org
NV,,,Last 12 months,6080,web,newrepublic.com
NM,,,Last 12 months,6056,web,pbs.org
KS,,,Last 12 months,5835,web,theguardian.com
KS,,,Last 12 months,5753,web,dailywire.com
ID,,,Last 12 months,5718,web,billoreilly.com
NE,,,Last 12 months,5666,web,theguardian.com
ND,,,Last 12 months,5648,web,foxnews.com
HI,,,Last 12 months,5565,web,rawstory.com
SC,,,Last 12 months,5486,web,propublica.org
NE,,,Last 12 months,5472,web,newsweek.com
MT,,,Last 12 months,5453,web,msnbc.com
WV,,,Last 12 months,5446,web,theguardian.com
NE,,,Last 12 months,5304,web,democracynow.org
DE,,,Last 12 months,5260,web,theguardian.com
DC,,,Last 12 months,5175,web,newyorker.com
KS,,,Last 12 months,5155,web,rawstory.com
KS,,,Last 12 months,5138,web,alternet.org
MS,,,Last 12 months,5003,web,theguardian.com
KS,,,Last 12 months,4953,web,drudgereport.com
UT,,,Last 12 months,4914,web,dailycaller.com
MT,,,Last 12 months,4831,web,npr.org
AR,,,Last 12 months,4706,web,alternet.org
WV,,,Last 12 months,4551,web,redstate.com
MS,,,Last 12 months,4459,web,npr.org
UT,,,Last 12 months,4355,web,redstate.com
UT,,,Last 12 months,4353,web,msnbc.com
UT,,,Last 12 months,4274,web,rawstory.com
UT,,,Last 12 months,4200,web,aclu.org
DC,,,Last 12 months,4158,web,theguardian.com
OK,,,Last 12 months,4154,web,theatlantic.com
AR,,,Last 12 months,4138,web,aljazeera.com
DC,,,Last 12 months,4126,web,foxnews.com
AR,,,Last 12 months,4034,web,arktimes.com
DE,,,Last 12 months,3999,web,newsmax.com
NM,,,Last 12 months,3990,web,newsweek.com
MT,,,Last 12 months,3957,web,dailycaller.com
DE,,,Last 12 months,3860,web,senate.gov
WV,,,Last 12 months,3780,web,theatlantic.com
ID,,,Last 12 months,3772,web,washingtontimes.com
SD,,,Last 12 months,3639,web,newsweek.com
NE,,,Last 12 months,3543,web,norfolkdailynews.com
AR,,,Last 12 months,3541,web,pbs.org
NE,,,Last 12 months,3534,web,thedailybeast.com
WV,,,Last 12 months,3522,web,theconversation.com
DC,,,Last 12 months,3515,web,theatlantic.com
NM,,,Last 12 months,3504,web,sfreporter.com
DC,,,Last 12 months,3474,web,newsweek.com
AR,,,Last 12 months,3473,web,theguardian.com
MS,,,Last 12 months,3454,web,rawstory.com
ND,,,Last 12 months,3384,web,theatlantic.com
MT,,,Last 12 months,3356,web,vox.com
WV,,,Last 12 months,3353,web,rawstory.com
ME,,,Last 12 months,3304,web,thedailybeast.com
MT,,,Last 12 months,3296,web,breitbart.com
AR,,,Last 12 months,3282,web,msnbc.com
HI,,,Last 12 months,3267,web,foxnews.com
MS,,,Last 12 months,3220,web,americanprogress.org
NM,,,Last 12 months,3196,web,theguardian.com
NM,,,Last 12 months,3182,web,npr.org
WV,,,Last 12 months,3040,web,twitchy.com
HI,,,Last 12 months,2904,web,aclu.org
ME,,,Last 12 months,2867,web,pbs.org
MT,,,Last 12 months,2810,web,newyorker.com
ME,,,Last 12 months,2774,web,alternet.org
RI,,,Last 12 months,2773,web,newsweek.com
RI,,,Last 12 months,2734,web,foxnews.com
MS,,,Last 12 months,2728,web,dailykos.com
WV,,,Last 12 months,2713,web,pbs.org
HI,,,Last 12 months,2680,web,alternet.org
RI,,,Last 12 months,2645,web,theguardian.com
NM,,,Last 12 months,2608,web,newsmax.com
NE,,,Last 12 months,2601,web,msnbc.com
NE,,,Last 12 months,2573,web,ktiv.com
MT,,,Last 12 months,2520,web,newsweek.com
DC,,,Last 12 months,2498,web,senate.gov
NM,,,Last 12 months,2474,web,dailywire.com
VT,,,Last 12 months,2396,web,npr.org
ME,,,Last 12 months,2362,web,dailydot.com
MS,,,Last 12 months,2332,web,msnbc.com
DE,,,Last 12 months,2319,web,alternet.org
VT,,,Last 12 months,2256,web,foxnews.com
VT,,,Last 12 months,2182,web,nymag.com
HI,,,Last 12 months,2150,web,vice.com
RI,,,Last 12 months,2129,web,theblaze.com
MS,,,Last 12 months,2112,web,newsmax.com
DC,,,Last 12 months,2083,web,breitbart.com
MS,,,Last 12 months,2081,web,theconversation.com
VT,,,Last 12 months,2081,web,theguardian.com
DC,,,Last 12 months,2076,web,pjmedia.com
RI,,,Last 12 months,2074,web,dailywire.com
DC,,,Last 12 months,2069,web,dailysignal.com
AK,,,Last 12 months,2042,web,pbs.org
AK,,,Last 12 months,2036,web,npr.org
DE,,,Last 12 months,2006,web,thedailybeast.com
RI,,,Last 12 months,1992,web,rawstory.com
RI,,,Last 12 months,1932,web,thedailybeast.com
DE,,,Last 12 months,1901,web,npr.org
SD,,,Last 12 months,1901,web,newrepublic.com
NM,,,Last 12 months,1883,web,breitbart.com
SD,,,Last 12 months,1803,web,wbur.org
HI,,,Last 12 months,1783,web,pbs.org
RI,,,Last 12 months,1777,web,theconversation.com
ND,,,Last 12 months,1773,web,nymag.com
HI,,,Last 12 months,1732,web,newrepublic.com
VT,,,Last 12 months,1685,web,rawstory.com
HI,,,Last 12 months,1660,web,bustle.com
VT,,,Last 12 months,1660,web,channel4.com
ND,,,Last 12 months,1659,web,hpj.com
ND,,,Last 12 months,1606,web,dailydot.com
ND,,,Last 12 months,1566,web,npr.org
AK,,,Last 12 months,1539,web,politifact.com
VT,,,Last 12 months,1469,web,newyorker.com
VT,,,Last 12 months,1348,web,thecut.com
HI,,,Last 12 months,1174,web,theguardian.com
VT,,,Last 12 months,1133,web,atlasobscura.com
VT,,,Last 12 months,1097,web,pbs.org
SD,,,Last 12 months,1031,web,npr.org
SD,,,Last 12 months,1031,web,theguardian.com
ND,,,Last 12 months,748,web,teenvogue.com
AK,,,Last 12 months,733,web,vogue.com
AK,,,Last 12 months,711,web,newsweek.com
SD,,,Last 12 months,690,web,rawstory.com
SD,,,Last 12 months,648,web,theatlantic.com
SD,,,Last 12 months,618,web,opb.org
ND,,,Last 12 months,601,web,newsweek.com
SD,,,Last 12 months,589,web,dailywire.com
AK,,,Last 12 months,507,web,theatlantic.com
ND,,,Last 12 months,408,web,alternet.org
AK,,,Last 12 months,404,web,opensecrets.org
AK,,,Last 12 months,390,web,senate.gov
AK,,,Last 12 months,340,web,foxnews.com
ND,,,Last 12 months,299,web,rawstory.com
AK,,,Last 12 months,288,web,teenvogue.com
CA,,,Since 2016,535194,web,foxnews.com
TX,,,Since 2016,414228,web,foxnews.com
FL,,,Since 2016,361407,web,foxnews.com
CA,,,Since 2016,303630,web,npr.org
CA,,,Since 2016,267853,web,theguardian.com
NY,,,Since 2016,264308,web,foxnews.com
PA,,,Since 2016,208028,web,foxnews.com
CA,,,Since 2016,191497,web,newsweek.com
CA,,,Since 2016,165969,web,theatlantic.com
MI,,,Since 2016,162492,web,foxnews.com
CA,,,Since 2016,157098,web,pbs.org
IL,,,Since 2016,155875,web,foxnews.com
NY,,,Since 2016,153528,web,theguardian.com
UT,,,Since 2016,152798,web,ksl.com
OH,,,Since 2016,150312,web,foxnews.com
NC,,,Since 2016,148696,web,foxnews.com
GA,,,Since 2016,144811,web,foxnews.com
CA,,,Since 2016,144767,web,thedailybeast.com
VA,,,Since 2016,143210,web,foxnews.com
CA,,,Since 2016,141560,web,vox.com
NJ,,,Since 2016,139492,web,foxnews.com
TX,,,Since 2016,129974,web,npr.org
NY,,,Since 2016,129579,web,npr.org
WA,,,Since 2016,129218,web,foxnews.com
AZ,,,Since 2016,121259,web,foxnews.com
CA,,,Since 2016,120397,web,sfchronicle.com
CA,,,Since 2016,120054,web,slate.com
TX,,,Since 2016,117276,web,theguardian.com
FL,,,Since 2016,116534,web,npr.org
WI,,,Since 2016,110346,web,foxnews.com
MO,,,Since 2016,110027,web,foxnews.com
CO,,,Since 2016,108527,web,foxnews.com
FL,,,Since 2016,107498,web,theguardian.com
MD,,,Since 2016,98102,web,foxnews.com
FL,,,Since 2016,93416,web,newsweek.com
TN,,,Since 2016,93281,web,foxnews.com
PA,,,Since 2016,89218,web,npr.org
TX,,,Since 2016,88977,web,newsweek.com
MA,,,Since 2016,88777,web,foxnews.com
IN,,,Since 2016,85772,web,foxnews.com
NY,,,Since 2016,84580,web,newsweek.com
TX,,,Since 2016,84175,web,drudgereport.com
MN,,,Since 2016,83858,web,foxnews.com
IL,,,Since 2016,79908,web,npr.org
OR,,,Since 2016,78165,web,foxnews.com
IL,,,Since 2016,72379,web,theguardian.com
PA,,,Since 2016,69945,web,theguardian.com
NY,,,Since 2016,69768,web,vox.com
FL,,,Since 2016,69450,web,newsmax.com
NY,,,Since 2016,69344,web,pbs.org
TX,,,Since 2016,68136,web,pbs.org
TX,,,Since 2016,67490,web,theatlantic.com
NY,,,Since 2016,67240,web,theatlantic.com
OH,,,Since 2016,66978,web,npr.org
NJ,,,Since 2016,66529,web,npr.org
NY,,,Since 2016,64880,web,nymag.com
WA,,,Since 2016,64543,web,npr.org
NJ,,,Since 2016,64116,web,theguardian.com
NY,,,Since 2016,63844,web,newyorker.com
FL,,,Since 2016,62907,web,pbs.org
VA,,,Since 2016,62826,web,npr.org
TX,,,Since 2016,62129,web,vox.com
CT,,,Since 2016,62102,web,foxnews.com
AR,,,Since 2016,62042,web,foxnews.com
NY,,,Since 2016,61976,web,thedailybeast.com
SC,,,Since 2016,60245,web,foxnews.com
TX,,,Since 2016,59819,web,thedailybeast.com
LA,,,Since 2016,59037,web,foxnews.com
AL,,,Since 2016,58928,web,foxnews.com
GA,,,Since 2016,58633,web,npr.org
VA,,,Since 2016,57616,web,theguardian.com
NC,,,Since 2016,57183,web,theguardian.com
MI,,,Since 2016,57146,web,npr.org
PA,,,Since 2016,56358,web,newsweek.com
MI,,,Since 2016,56008,web,theguardian.com
OH,,,Since 2016,55940,web,theguardian.com
NC,,,Since 2016,55616,web,npr.org
FL,,,Since 2016,55335,web,drudgereport.com
FL,,,Since 2016,54931,web,theatlantic.com
FL,,,Since 2016,54667,web,vox.com
FL,,,Since 2016,54504,web,thedailybeast.com
KY,,,Since 2016,54441,web,foxnews.com
TX,,,Since 2016,53985,web,breitbart.com
IL,,,Since 2016,52926,web,newsweek.com
WA,,,Since 2016,52924,web,theguardian.com
KS,,,Since 2016,52807,web,foxnews.com
MA,,,Since 2016,52601,web,npr.org
AZ,,,Since 2016,51639,web,npr.org
CO,,,Since 2016,51639,web,npr.org
GA,,,Since 2016,50774,web,theguardian.com
MA,,,Since 2016,49963,web,theguardian.com
OK,,,Since 2016,48266,web,foxnews.com
MO,,,Since 2016,47232,web,npr.org
CO,,,Since 2016,46219,web,theguardian.com
MO,,,Since 2016,46134,web,theguardian.com
PA,,,Since 2016,45769,web,pbs.org
PA,,,Since 2016,44582,web,theatlantic.com
NV,,,Since 2016,43852,web,foxnews.com
OH,,,Since 2016,42866,web,newsweek.com
MD,,,Since 2016,42277,web,npr.org
IL,,,Since 2016,40858,web,theatlantic.com
AZ,,,Since 2016,40851,web,theguardian.com
OR,,,Since 2016,40435,web,npr.org
MN,,,Since 2016,40345,web,npr.org
IL,,,Since 2016,39707,web,pbs.org
MI,,,Since 2016,39175,web,newsweek.com
WA,,,Since 2016,38733,web,newsweek.com
UT,,,Since 2016,38577,web,foxnews.com
AZ,,,Since 2016,38461,web,newsweek.com
MD,,,Since 2016,38436,web,theguardian.com
PA,,,Since 2016,38431,web,thedailybeast.com
NJ,,,Since 2016,38311,web,newsweek.com
NC,,,Since 2016,38105,web,msnbc.com
IL,,,Since 2016,38060,web,vox.com
WI,,,Since 2016,37545,web,npr.org
NC,,,Since 2016,37339,web,newsweek.com
PA,,,Since 2016,37298,web,vox.com
VA,,,Since 2016,37049,web,thedailybeast.com
VA,,,Since 2016,37000,web,newsweek.com
IL,,,Since 2016,36865,web,thedailybeast.com
GA,,,Since 2016,36673,web,newsweek.com
NJ,,,Since 2016,36121,web,pbs.org
WI,,,Since 2016,35536,web,drudgereport.com
PA,,,Since 2016,35272,web,slate.com
PA,,,Since 2016,35163,web,dailykos.com
VA,,,Since 2016,35145,web,dailykos.com
IA,,,Since 2016,34723,web,foxnews.com
NC,,,Since 2016,34521,web,pbs.org
CO,,,Since 2016,34103,web,newsweek.com
WA,,,Since 2016,34011,web,theatlantic.com
MN,,,Since 2016,33419,web,theguardian.com
NJ,,,Since 2016,33078,web,thedailybeast.com
OR,,,Since 2016,32890,web,theguardian.com
IL,,,Since 2016,32844,web,slate.com
IN,,,Since 2016,32628,web,npr.org
OH,,,Since 2016,32438,web,theatlantic.com
WA,,,Since 2016,32406,web,pbs.org
MA,,,Since 2016,32392,web,theatlantic.com
WI,,,Since 2016,32281,web,theguardian.com
ME,,,Since 2016,32072,web,pressherald.com
IL,,,Since 2016,31923,web,dailykos.com
MI,,,Since 2016,31627,web,pbs.org
VA,,,Since 2016,31402,web,theatlantic.com
CT,,,Since 2016,31265,web,npr.org
NJ,,,Since 2016,31121,web,theatlantic.com
MI,,,Since 2016,31114,web,vox.com
OH,,,Since 2016,31074,web,pbs.org
GA,,,Since 2016,31039,web,pbs.org
VA,,,Since 2016,30664,web,pbs.org
NJ,,,Since 2016,30465,web,slate.com
MA,,,Since 2016,30370,web,pbs.org
IN,,,Since 2016,30211,web,theguardian.com
MO,,,Since 2016,30165,web,newsweek.com
NH,,,Since 2016,29768,web,foxnews.com
VA,,,Since 2016,29755,web,slate.com
MO,,,Since 2016,29405,web,riverfronttimes.com
VA,,,Since 2016,29353,web,vox.com
AZ,,,Since 2016,29257,web,phoenixnewtimes.com
MI,,,Since 2016,29055,web,msnbc.com
CT,,,Since 2016,28892,web,theguardian.com
WV,,,Since 2016,28796,web,foxnews.com
NC,,,Since 2016,28772,web,vox.com
AZ,,,Since 2016,28766,web,breitbart.com
MO,,,Since 2016,28664,web,slate.com
MS,,,Since 2016,28597,web,foxnews.com
NJ,,,Since 2016,28279,web,breitbart.com
WI,,,Since 2016,28272,web,newsweek.com
NJ,,,Since 2016,28224,web,vox.com
MA,,,Since 2016,28169,web,newsweek.com
MI,,,Since 2016,28096,web,abc12.com
OH,,,Since 2016,28065,web,vox.com
MI,,,Since 2016,27833,web,breitbart.com
GA,,,Since 2016,27626,web,theatlantic.com
MD,,,Since 2016,27588,web,newsweek.com
ID,,,Since 2016,27580,web,foxnews.com
GA,,,Since 2016,27576,web,thedailybeast.com
OH,,,Since 2016,27480,web,thedailybeast.com
MA,,,Since 2016,27273,web,vox.com
NC,,,Since 2016,27185,web,theatlantic.com
MO,,,Since 2016,27097,web,thedailybeast.com
MA,,,Since 2016,27073,web,newyorker.com
IA,,,Since 2016,26897,web,npr.org
NC,,,Since 2016,26767,web,thedailybeast.com
MD,,,Since 2016,26652,web,pbs.org
MD,,,Since 2016,26434,web,theatlantic.com
OH,,,Since 2016,26026,web,dailywire.com
AZ,,,Since 2016,26014,web,thedailybeast.com
MI,,,Since 2016,25964,web,thedailybeast.com
CO,,,Since 2016,25930,web,thedailybeast.com
NE,,,Since 2016,25854,web,foxnews.com
MN,,,Since 2016,25558,web,newsweek.com
MN,,,Since 2016,25041,web,theatlantic.com
AZ,,,Since 2016,25032,web,pbs.org
CO,,,Since 2016,25006,web,theatlantic.com
CO,,,Since 2016,24978,web,pbs.org
MO,,,Since 2016,24887,web,pbs.org
GA,,,Since 2016,24872,web,vox.com
MO,,,Since 2016,24807,web,vox.com
GA,,,Since 2016,24799,web,bet.com
AZ,,,Since 2016,24767,web,dailykos.com
WA,,,Since 2016,24758,web,slate.com
WA,,,Since 2016,24574,web,vox.com
NC,,,Since 2016,24339,web,bustle.com
MA,,,Since 2016,24326,web,slate.com
WA,,,Since 2016,24281,web,msnbc.com
MN,,,Since 2016,24177,web,drudgereport.com
OR,,,Since 2016,24062,web,opb.org
WA,,,Since 2016,24025,web,dailykos.com
ME,,,Since 2016,23967,web,foxnews.com
OH,,,Since 2016,23864,web,slate.com
MO,,,Since 2016,23841,web,theatlantic.com
DE,,,Since 2016,23707,web,foxnews.com
MN,,,Since 2016,23539,web,pbs.org
IN,,,Since 2016,23441,web,newsweek.com
TN,,,Since 2016,23381,web,theguardian.com
MA,,,Since 2016,23363,web,thedailybeast.com
WI,,,Since 2016,23029,web,pbs.org
WI,,,Since 2016,22679,web,thedailybeast.com
MD,,,Since 2016,22329,web,vox.com
MD,,,Since 2016,22243,web,thedailybeast.com
KY,,,Since 2016,22172,web,npr.org
CO,,,Since 2016,22148,web,drudgereport.com
TN,,,Since 2016,22093,web,npr.org
AZ,,,Since 2016,21946,web,slate.com
NM,,,Since 2016,21461,web,foxnews.com
OR,,,Since 2016,21245,web,newsweek.com
GA,,,Since 2016,21235,web,bustle.com
OR,,,Since 2016,20779,web,pbs.org
CO,,,Since 2016,20666,web,newsmax.com
MN,,,Since 2016,20338,web,citypages.com
OR,,,Since 2016,20144,web,theatlantic.com
MD,,,Since 2016,19851,web,dailykos.com
OR,,,Since 2016,19715,web,wweek.com
MD,,,Since 2016,19574,web,slate.com
OR,,,Since 2016,19571,web,dailykos.com
CT,,,Since 2016,19563,web,theatlantic.com
CT,,,Since 2016,19449,web,drudgereport.com
CO,,,Since 2016,19420,web,msnbc.com
CT,,,Since 2016,19367,web,newsweek.com
AR,,,Since 2016,19275,web,npr.org
SC,,,Since 2016,19189,web,npr.org
CT,,,Since 2016,19186,web,breitbart.com
AL,,,Since 2016,19125,web,npr.org
AL,,,Since 2016,18955,web,theguardian.com
CT,,,Since 2016,18821,web,newhavenindependent.org
CT,,,Since 2016,18763,web,thedailybeast.com
KY,,,Since 2016,18736,web,theguardian.com
TN,,,Since 2016,18656,web,newsweek.com
AL,,,Since 2016,18602,web,waff.com
WI,,,Since 2016,18376,web,breitbart.com
OR,,,Since 2016,18222,web,slate.com
MN,,,Since 2016,18043,web,slate.com
KS,,,Since 2016,17606,web,npr.org
LA,,,Since 2016,17592,web,npr.org
WI,,,Since 2016,17457,web,vox.com
CT,,,Since 2016,17450,web,pbs.org
LA,,,Since 2016,17294,web,theguardian.com
MT,,,Since 2016,17201,web,foxnews.com
NV,,,Since 2016,17191,web,npr.org
IA,,,Since 2016,17178,web,theguardian.com
SC,,,Since 2016,16788,web,theguardian.com
MN,,,Since 2016,16687,web,vox.com
WI,,,Since 2016,16613,web,theatlantic.com
OK,,,Since 2016,16475,web,npr.org
TN,,,Since 2016,16323,web,pbs.org
IN,,,Since 2016,16298,web,vox.com
ID,,,Since 2016,16020,web,npr.org
IN,,,Since 2016,15795,web,theatlantic.com
TN,,,Since 2016,15533,web,breitbart.com
IN,,,Since 2016,15326,web,pbs.org
SC,,,Since 2016,15172,web,newsweek.com
SC,,,Since 2016,14898,web,theatlantic.com
IN,,,Since 2016,14831,web,slate.com
AR,,,Since 2016,14788,web,theguardian.com
NV,,,Since 2016,14725,web,theguardian.com
IN,,,Since 2016,14483,web,thedailybeast.com
KY,,,Since 2016,14361,web,newsweek.com
IN,,,Since 2016,14189,web,bustle.com
NM,,,Since 2016,13942,web,theatlantic.com
SC,,,Since 2016,13871,web,newyorker.com
NH,,,Since 2016,13739,web,npr.org
NM,,,Since 2016,13689,web,theguardian.com
UT,,,Since 2016,13605,web,heraldextra.com
AR,,,Since 2016,13330,web,newsweek.com
TN,,,Since 2016,13151,web,vox.com
AL,,,Since 2016,12940,web,newsweek.com
NV,,,Since 2016,12915,web,newsweek.com
KY,,,Since 2016,12877,web,pbs.org
AR,,,Since 2016,12840,web,arktimes.com
TN,,,Since 2016,12736,web,thedailybeast.com
OK,,,Since 2016,12662,web,theguardian.com
KS,,,Since 2016,12541,web,theguardian.com
TN,,,Since 2016,12505,web,bustle.com
ID,,,Since 2016,12503,web,theguardian.com
TN,,,Since 2016,12483,web,theatlantic.com
LA,,,Since 2016,12480,web,newsweek.com
UT,,,Since 2016,12457,web,theguardian.com
OK,,,Since 2016,12419,web,theblaze.com
ND,,,Since 2016,12389,web,foxnews.com
SC,,,Since 2016,11545,web,pbs.org
AK,,,Since 2016,11373,web,foxnews.com
AL,,,Since 2016,11334,web,thedailybeast.com
UT,,,Since 2016,11315,web,thedailybeast.com
NM,,,Since 2016,10973,web,npr.org
IA,,,Since 2016,10812,web,newsweek.com
OK,,,Since 2016,10765,web,newsweek.com
OK,,,Since 2016,10472,web,dailywire.com
AL,,,Since 2016,10466,web,townhall.com
NE,,,Since 2016,10421,web,theguardian.com
LA,,,Since 2016,10359,web,thedailybeast.com
SC,,,Since 2016,10318,web,breitbart.com
IA,,,Since 2016,10060,web,slate.com
UT,,,Since 2016,10012,web,npr.org
KS,,,Since 2016,9889,web,newsweek.com
KY,,,Since 2016,9867,web,thedailybeast.com
NE,,,Since 2016,9814,web,npr.org
LA,,,Since 2016,9813,web,pbs.org
NH,,,Since 2016,9754,web,theguardian.com
AL,,,Since 2016,9699,web,pbs.org
UT,,,Since 2016,9650,web,pbs.org
OK,,,Since 2016,9583,web,pbs.org
AR,,,Since 2016,9567,web,vox.com
ME,,,Since 2016,9561,web,npr.org
NE,,,Since 2016,9526,web,pbs.org
AL,,,Since 2016,9525,web,rawstory.com
ID,,,Since 2016,9507,web,localnews8.com
IA,,,Since 2016,9457,web,pbs.org
OK,,,Since 2016,9418,web,breitbart.com
KY,,,Since 2016,9416,web,theatlantic.com
KS,,,Since 2016,9314,web,pbs.org
IA,,,Since 2016,9290,web,theatlantic.com
RI,,,Since 2016,9077,web,foxnews.com
IA,,,Since 2016,9070,web,vox.com
KY,,,Since 2016,9059,web,newsmax.com
LA,,,Since 2016,9046,web,drudgereport.com
SC,,,Since 2016,9029,web,vox.com
SD,,,Since 2016,9023,web,foxnews.com
AL,,,Since 2016,8991,web,bustle.com
ME,,,Since 2016,8977,web,theatlantic.com
ME,,,Since 2016,8967,web,theguardian.com
NV,,,Since 2016,8953,web,thedailybeast.com
SC,,,Since 2016,8942,web,thedailybeast.com
KY,,,Since 2016,8715,web,vox.com
OK,,,Since 2016,8422,web,theatlantic.com
WY,,,Since 2016,8379,web,dailykos.com
UT,,,Since 2016,8363,web,newsweek.com
AR,,,Since 2016,8357,web,pbs.org
NV,,,Since 2016,8201,web,theatlantic.com
LA,,,Since 2016,8171,web,vox.com
WV,,,Since 2016,8137,web,dailywire.com
AR,,,Since 2016,8123,web,theatlantic.com
WY,,,Since 2016,8111,web,foxnews.com
LA,,,Since 2016,8074,web,theatlantic.com
NV,,,Since 2016,7983,web,vox.com
IA,,,Since 2016,7939,web,newsmax.com
WY,,,Since 2016,7927,web,rawstory.com
AR,,,Since 2016,7921,web,thedailybeast.com
KS,,,Since 2016,7903,web,dailywire.com
NE,,,Since 2016,7882,web,newsweek.com
IA,,,Since 2016,7781,web,bustle.com
UT,,,Since 2016,7780,web,theblaze.com
ME,,,Since 2016,7750,web,newsweek.com
KY,,,Since 2016,7709,web,bustle.com
NM,,,Since 2016,7694,web,newsweek.com
OK,,,Since 2016,7676,web,newsmax.com
NV,,,Since 2016,7665,web,newsmax.com
DC,,,Since 2016,7561,web,npr.org
MS,,,Since 2016,7429,web,npr.org
NV,,,Since 2016,7381,web,pbs.org
LA,,,Since 2016,7363,web,bet.com
UT,,,Since 2016,7355,web,breitbart.com
NH,,,Since 2016,7247,web,pbs.org
WV,,,Since 2016,7244,web,npr.org
KS,,,Since 2016,7232,web,drudgereport.com
ID,,,Since 2016,7221,web,pbs.org
WV,,,Since 2016,7215,web,newsweek.com
NH,,,Since 2016,7112,web,theatlantic.com
KS,,,Since 2016,7105,web,theatlantic.com
WY,,,Since 2016,7073,web,theguardian.com
NV,,,Since 2016,7063,web,rawstory.com
AR,,,Since 2016,7048,web,dailykos.com
ME,,,Since 2016,7017,web,thedailybeast.com
WY,,,Since 2016,6898,web,npr.org
MS,,,Since 2016,6813,web,theguardian.com
KS,,,Since 2016,6809,web,thedailybeast.com
MS,,,Since 2016,6748,web,newsweek.com
WY,,,Since 2016,6686,web,msnbc.com
KS,,,Since 2016,6627,web,bustle.com
DC,,,Since 2016,6591,web,foxnews.com
NE,,,Since 2016,6511,web,fivethirtyeight.com
WV,,,Since 2016,6501,web,dailycaller.com
ID,,,Since 2016,6473,web,newyorker.com
WV,,,Since 2016,6457,web,theguardian.com
HI,,,Since 2016,6416,web,foxnews.com
NE,,,Since 2016,6345,web,vox.com
ME,,,Since 2016,6335,web,slate.com
ME,,,Since 2016,6150,web,pbs.org
NH,,,Since 2016,6119,web,dailykos.com
VT,,,Since 2016,6042,web,foxnews.com
ID,,,Since 2016,6019,web,newsweek.com
NE,,,Since 2016,5981,web,norfolkdailynews.com
NM,,,Since 2016,5926,web,vox.com
DC,,,Since 2016,5857,web,theguardian.com
WY,,,Since 2016,5740,web,newyorker.com
NE,,,Since 2016,5735,web,drudgereport.com
DE,,,Since 2016,5707,web,npr.org
NM,,,Since 2016,5693,web,hannity.com
ID,,,Since 2016,5667,web,ksl.com
ID,,,Since 2016,5537,web,theatlantic.com
ID,,,Since 2016,5477,web,dailycaller.com
NE,,,Since 2016,5403,web,thedailybeast.com
MS,,,Since 2016,5332,web,thedailybeast.com
NH,,,Since 2016,5276,web,newsweek.com
NH,,,Since 2016,5207,web,nationalreview.com
MS,,,Since 2016,5169,web,breitbart.com
RI,,,Since 2016,5158,web,pbs.org
NM,,,Since 2016,5116,web,thedailybeast.com
WV,,,Since 2016,5063,web,thedailybeast.com
DC,,,Since 2016,5040,web,newyorker.com
NM,,,Since 2016,5034,web,pbs.org
ME,,,Since 2016,4976,web,salon.com
MT,,,Since 2016,4922,web,theguardian.com
NM,,,Since 2016,4826,web,newyorker.com
DE,,,Since 2016,4820,web,theguardian.com
VT,,,Since 2016,4761,web,npr.org
NH,,,Since 2016,4681,web,thedailybeast.com
WY,,,Since 2016,4629,web,alternet.org
MS,,,Since 2016,4603,web,dailywire.com
MT,,,Since 2016,4582,web,dailykos.com
MS,,,Since 2016,4577,web,pbs.org
NH,,,Since 2016,4556,web,vox.com
AK,,,Since 2016,4522,web,newsmax.com
MT,,,Since 2016,4441,web,npr.org
RI,,,Since 2016,4368,web,npr.org
WV,,,Since 2016,4348,web,breitbart.com
WY,,,Since 2016,4304,web,newsweek.com
HI,,,Since 2016,4202,web,newsweek.com
WY,,,Since 2016,4180,web,theatlantic.com
MS,,,Since 2016,4128,web,bet.com
DE,,,Since 2016,3977,web,msnbc.com
MS,,,Since 2016,3970,web,drudgereport.com
DC,,,Since 2016,3922,web,bet.com
DE,,,Since 2016,3899,web,pbs.org
WV,,,Since 2016,3878,web,pbs.org
WV,,,Since 2016,3808,web,bustle.com
SD,,,Since 2016,3772,web,dailywire.com
VT,,,Since 2016,3752,web,theguardian.com
DC,,,Since 2016,3723,web,thedailybeast.com
MT,,,Since 2016,3691,web,slate.com
ND,,,Since 2016,3688,web,drudgereport.com
RI,,,Since 2016,3676,web,theguardian.com
DC,,,Since 2016,3530,web,pbs.org
DE,,,Since 2016,3432,web,thedailybeast.com
MT,,,Since 2016,3389,web,msnbc.com
RI,,,Since 2016,3379,web,dailykos.com
MT,,,Since 2016,3309,web,newsmax.com
DC,,,Since 2016,3292,web,theatlantic.com
AK,,,Since 2016,3284,web,theguardian.com
VT,,,Since 2016,3255,web,theatlantic.com
ND,,,Since 2016,3227,web,npr.org
DE,,,Since 2016,3203,web,newsmax.com
DE,,,Since 2016,3192,web,drudgereport.com
DC,,,Since 2016,3188,web,nymag.com
MT,,,Since 2016,3183,web,vox.com
MT,,,Since 2016,3066,web,theatlantic.com
ND,,,Since 2016,3057,web,ijr.com
DC,,,Since 2016,3054,web,newsweek.com
ND,,,Since 2016,3039,web,breitbart.com
AK,,,Since 2016,3023,web,npr.org
AK,,,Since 2016,2943,web,drudgereport.com
MT,,,Since 2016,2936,web,breitbart.com
AK,,,Since 2016,2923,web,breitbart.com
DE,,,Since 2016,2894,web,newsweek.com
VT,,,Since 2016,2886,web,drudgereport.com
HI,,,Since 2016,2856,web,npr.org
DE,,,Since 2016,2834,web,breitbart.com
RI,,,Since 2016,2769,web,newyorker.com
SD,,,Since 2016,2702,web,npr.org
ND,,,Since 2016,2699,web,theatlantic.com
ND,,,Since 2016,2604,web,theguardian.com
HI,,,Since 2016,2503,web,theguardian.com
RI,,,Since 2016,2501,web,drudgereport.com
RI,,,Since 2016,2461,web,newsweek.com
VT,,,Since 2016,2400,web,pbs.org
VT,,,Since 2016,2332,web,newyorker.com
ND,,,Since 2016,2295,web,fivethirtyeight.com
RI,,,Since 2016,2249,web,theatlantic.com
HI,,,Since 2016,2189,web,theatlantic.com
ND,,,Since 2016,2186,web,vox.com
RI,,,Since 2016,2166,web,msnbc.com
AK,,,Since 2016,2138,web,newsweek.com
VT,,,Since 2016,2096,web,thedailybeast.com
ND,,,Since 2016,2095,web,pbs.org
AK,,,Since 2016,2081,web,bet.com
VT,,,Since 2016,2070,web,newsweek.com
VT,,,Since 2016,2052,web,vnews.com
SD,,,Since 2016,2050,web,newsweek.com
SD,,,Since 2016,1973,web,pbs.org
HI,,,Since 2016,1942,web,newyorker.com
SD,,,Since 2016,1906,web,theatlantic.com
SD,,,Since 2016,1823,web,townhall.com
SD,,,Since 2016,1784,web,theguardian.com
AK,,,Since 2016,1709,web,pbs.org
HI,,,Since 2016,1708,web,dailywire.com
HI,,,Since 2016,1695,web,thedailybeast.com
SD,,,Since 2016,1617,web,breitbart.com
HI,,,Since 2016,1535,web,vox.com
HI,,,Since 2016,1488,web,bustle.com
AK,,,Since 2016,1483,web,thedailybeast.com
SD,,,Since 2016,1473,web,bustle.com
